CustomerID,Age,Gender,Tenure_Months,Monthly_Charges,Total_Charges,Contract,Payment_Method,Internet_Service,Online_Security,Tech_Support,Num_Complaints,Satisfaction_Score,Num_Products,Warehouse_To_Home_KM,Days_Since_Last_Order,Cashback_Amount,Coupons_Used,Marital_Status,Preferred_Device,Churn
CUST-00001,48.0,Male,35,101.94,3559.24,Two Year,Mailed Check,Fiber Optic,No,Yes,1,3.0,2,28.3,109.0,37.21,1,Married,Tablet,No
CUST-00002,40.0,Male,72,104.58,7529.36,Two Year,Bank Transfer,Fiber Optic,Yes,Yes,1,,2,19.3,23.0,276.27,3,Single,Desktop,No
CUST-00003,51.0,Male,17,70.23,1192.51,Month-to-Month,Bank Transfer,DSL,No Internet,Yes,1,2.0,1,21.1,2.0,9.13,0,Single,Mobile,Yes
CUST-00004,63.0,Female,15,110.73,1665.38,Two Year,Mailed Check,DSL,Yes,No Internet,1,4.0,5,13.8,97.0,140.97,2,Married,Desktop,No
CUST-00005,38.0,Male,33,24.47,765.78,Month-to-Month,Credit Card,Fiber Optic,Yes,No,1,3.0,4,18.1,69.0,61.45,2,Married,Mobile,No
CUST-00006,38.0,Female,50,29.32,1429.65,Month-to-Month,Credit Card,Fiber Optic,Yes,Yes,0,1.0,3,3.0,49.0,44.19,4,Married,Tablet,No
CUST-00007,64.0,Male,72,77.68,5555.6,Month-to-Month,Electronic Check,None,No,No,3,5.0,3,12.1,47.0,105.78,3,Single,Desktop,Yes
CUST-00008,52.0,Male,9,53.41,,Month-to-Month,Bank Transfer,Fiber Optic,,Yes,2,4.0,4,12.7,19.0,94.83,1,Single,Mobile,No
CUST-00009,35.0,Male,38,64.42,2465.05,Month-to-Month,Electronic Check,Fiber Optic,Yes,No,3,4.0,5,14.9,62.0,138.53,1,Married,Tablet,No
CUST-00010,49.0,Male,5,50.81,298.78,Month-to-Month,Credit Card,Fiber Optic,Yes,No,1,4.0,2,22.7,10.0,147.94,0,Divorced,Mobile,No
CUST-00011,35.0,Female,18,58.47,1092.28,Month-to-Month,Bank Transfer,Fiber Optic,No,Yes,1,2.0,2,43.2,13.0,151.31,3,Single,Desktop,No
CUST-00012,35.0,Male,4,100.26,387.92,One Year,Credit Card,None,No,No,1,2.0,3,18.7,7.0,39.57,1,Married,Desktop,No
CUST-00013,,Female,10,77.35,732.95,Month-to-Month,Electronic Check,DSL,No Internet,No,4,3.0,3,38.4,15.0,51.22,1,Married,Desktop,Yes
CUST-00014,,Female,64,117.73,7571.94,Month-to-Month,Credit Card,Fiber Optic,No,Yes,0,5.0,4,12.0,7.0,97.25,1,Single,Mobile,No
CUST-00015,18.0,Female,3,96.69,,Month-to-Month,Bank Transfer,Fiber Optic,No,No Internet,1,4.0,2,5.1,12.0,24.24,1,Married,Mobile,Yes
CUST-00016,34.0,Female,24,45.37,1099.75,Month-to-Month,Electronic Check,Fiber Optic,No,Yes,1,3.0,2,16.1,35.0,249.99,0,Married,Tablet,Yes
CUST-00017,27.0,Female,21,44.43,1020.25,Month-to-Month,Mailed Check,Fiber Optic,No,No,2,3.0,3,59.4,16.0,29.31,0,Single,Mobile,Yes
CUST-00018,46.0,Male,3,51.59,153.45,Month-to-Month,Electronic Check,DSL,No,No Internet,1,5.0,1,18.6,43.0,68.5,4,Single,Mobile,No
CUST-00019,29.0,Female,9,102.33,908.13,One Year,Bank Transfer,DSL,Yes,Yes,1,2.0,1,52.1,19.0,191.18,1,Married,Tablet,No
CUST-00020,22.0,Male,19,20.73,,Month-to-Month,Electronic Check,DSL,No,No,0,3.0,1,1.0,4.0,279.09,2,Single,Desktop,No
CUST-00021,62.0,Male,4,41.02,86.04,Two Year,Electronic Check,None,No,No,1,3.0,1,4.5,40.0,40.41,2,Married,Desktop,No
CUST-00022,38.0,Male,38,108.49,4155.69,Month-to-Month,Mailed Check,None,Yes,No,2,5.0,1,4.8,2.0,131.72,2,Married,Desktop,No
CUST-00023,42.0,Female,72,81.99,,Month-to-Month,Mailed Check,DSL,No,Yes,0,4.0,3,8.3,85.0,89.13,1,Single,Mobile,Yes
CUST-00024,22.0,Female,5,40.68,228.9,Month-to-Month,Mailed Check,DSL,No,No,0,4.0,2,1.0,55.0,144.03,1,Divorced,Desktop,Yes
CUST-00025,34.0,Male,4,39.91,251.73,Two Year,Electronic Check,DSL,Yes,No,4,3.0,3,36.8,98.0,131.46,1,Divorced,Mobile,Yes
CUST-00026,43.0,Female,14,104.26,1440.1,One Year,Credit Card,DSL,Yes,No,1,2.0,1,18.4,8.0,173.28,4,Single,Mobile,No
CUST-00027,25.0,Male,33,107.38,3426.64,Month-to-Month,Electronic Check,DSL,Yes,No,1,3.0,2,1.3,19.0,12.82,2,Single,Mobile,Yes
CUST-00028,47.0,Male,7,43.61,329.32,Month-to-Month,Electronic Check,DSL,No,No Internet,1,5.0,1,2.9,6.0,248.71,5,Divorced,Mobile,Yes
CUST-00029,33.0,Male,1,60.05,68.39,Month-to-Month,Mailed Check,Fiber Optic,No,No,0,5.0,5,13.9,16.0,9.92,3,Single,Mobile,Yes
CUST-00030,37.0,Male,18,101.46,1789.66,Month-to-Month,Mailed Check,Fiber Optic,No,No,1,3.0,1,35.9,8.0,171.73,3,Single,Desktop,No
CUST-00031,33.0,Male,72,95.1,6867.06,One Year,Bank Transfer,DSL,Yes,No Internet,2,3.0,1,1.4,57.0,244.23,1,Married,Mobile,No
CUST-00032,67.0,Female,11,,1132.59,One Year,Electronic Check,Fiber Optic,No,Yes,0,5.0,3,8.5,3.0,34.59,2,Single,Mobile,No
CUST-00033,41.0,Female,13,69.84,860.59,Month-to-Month,Credit Card,Fiber Optic,Yes,No,2,3.0,2,3.3,7.0,204.53,2,Married,Desktop,No
CUST-00034,27.0,Male,72,109.15,7843.73,Month-to-Month,Electronic Check,DSL,Yes,Yes,2,1.0,4,3.0,9.0,63.11,3,Divorced,Mobile,No
CUST-00035,53.0,Female,28,50.6,1490.64,One Year,Bank Transfer,Fiber Optic,No,No Internet,3,3.0,4,19.6,40.0,59.61,3,Divorced,Tablet,No
CUST-00036,24.0,Female,30,33.67,974.02,One Year,Mailed Check,DSL,No,No,1,4.0,4,26.3,29.0,13.37,1,Single,Tablet,No
CUST-00037,44.0,Female,19,88.87,1691.86,Two Year,Mailed Check,DSL,No,No,0,5.0,3,38.1,4.0,110.49,0,Divorced,Mobile,No
CUST-00038,18.0,Female,72,,5048.46,Month-to-Month,Electronic Check,DSL,Yes,No,0,3.0,1,17.3,27.0,267.8,2,Married,Mobile,No
CUST-00039,23.0,Male,28,103.46,2822.79,One Year,Credit Card,None,No,No,1,3.0,1,1.0,56.0,211.31,3,Divorced,Mobile,Yes
CUST-00040,44.0,Female,54,26.12,1418.36,Month-to-Month,Bank Transfer,Fiber Optic,No,No,1,3.0,1,6.6,18.0,,0,Single,Mobile,No
CUST-00041,52.0,Female,28,102.37,2927.76,Month-to-Month,Electronic Check,Fiber Optic,No,No,0,1.0,4,8.7,28.0,245.58,0,Single,Desktop,Yes
CUST-00042,44.0,Male,31,47.33,1399.13,One Year,Credit Card,None,Yes,No Internet,0,5.0,3,4.8,22.0,250.68,2,Married,Mobile,No
CUST-00043,40.0,Male,8,83.49,671.65,Two Year,Credit Card,DSL,No,No Internet,3,1.0,5,11.6,13.0,178.06,2,Divorced,Mobile,No
CUST-00044,37.0,Female,8,22.01,157.29,Month-to-Month,Mailed Check,None,No,No,3,1.0,3,4.0,0.0,93.1,0,Married,Desktop,No
CUST-00045,21.0,Male,36,78.96,2890.21,One Year,Credit Card,Fiber Optic,No,No Internet,0,4.0,1,34.5,6.0,264.17,0,Married,Mobile,No
CUST-00046,31.0,Female,8,89.73,656.95,One Year,Credit Card,Fiber Optic,No Internet,No Internet,3,2.0,1,2.3,88.0,104.96,2,Married,Mobile,No
CUST-00047,35.0,Male,19,54.88,1064.22,Month-to-Month,Electronic Check,Fiber Optic,No Internet,No,1,3.0,2,8.3,13.0,,4,Divorced,Mobile,No
CUST-00048,56.0,Female,6,39.54,204.56,Two Year,Mailed Check,Fiber Optic,No,No Internet,2,3.0,1,2.0,10.0,167.8,3,Divorced,Mobile,No
CUST-00049,46.0,Male,40,71.76,2881.55,One Year,Electronic Check,None,No Internet,No Internet,1,4.0,3,6.7,28.0,25.33,2,Divorced,Mobile,No
CUST-00050,18.0,Female,2,101.32,,One Year,Mailed Check,None,Yes,No,0,3.0,1,9.9,70.0,63.3,2,Married,Mobile,No
CUST-00051,46.0,Female,42,50.35,2102.11,Month-to-Month,Electronic Check,DSL,Yes,No,1,5.0,3,12.1,10.0,254.26,2,Married,Desktop,No
CUST-00052,36.0,Male,22,43.25,975.39,Month-to-Month,Bank Transfer,DSL,No,Yes,1,3.0,3,6.0,7.0,125.2,1,Single,Mobile,No
CUST-00053,32.0,Female,4,45.89,185.74,Two Year,Mailed Check,DSL,No Internet,Yes,2,5.0,3,24.9,69.0,146.57,2,Single,Mobile,No
CUST-00054,50.0,Male,18,112.91,2025.74,Month-to-Month,Bank Transfer,DSL,,No,0,3.0,5,10.9,44.0,161.62,3,Married,Desktop,No
CUST-00055,56.0,Male,7,53.93,359.69,Month-to-Month,Bank Transfer,DSL,No,No,1,3.0,3,73.2,36.0,147.89,1,Married,Desktop,Yes
CUST-00056,55.0,Male,9,18.36,169.12,Two Year,Bank Transfer,DSL,No,No,1,5.0,3,2.0,24.0,65.38,0,Single,Mobile,No
CUST-00057,30.0,Female,10,96.17,972.8,Two Year,Electronic Check,DSL,Yes,No Internet,4,4.0,1,3.0,16.0,274.82,4,Married,Mobile,Yes
CUST-00058,37.0,Male,1,87.93,38.47,Month-to-Month,Mailed Check,Fiber Optic,No,No,0,,5,24.3,30.0,203.75,1,Single,Mobile,No
CUST-00059,46.0,Male,72,30.86,2204.45,Month-to-Month,Bank Transfer,None,Yes,Yes,3,4.0,1,12.1,7.0,195.32,0,Divorced,Mobile,Yes
CUST-00060,55.0,Male,1,116.49,63.73,One Year,Bank Transfer,DSL,Yes,No,2,2.0,2,6.7,51.0,251.0,1,Single,Mobile,No
CUST-00061,35.0,Female,26,78.81,2047.07,Month-to-Month,Mailed Check,DSL,Yes,Yes,0,3.0,5,7.9,16.0,202.98,3,Single,Tablet,No
CUST-00062,39.0,Female,11,68.08,719.26,Month-to-Month,Credit Card,DSL,No,No,2,5.0,1,12.4,42.0,36.33,1,Married,Mobile,Yes
CUST-00063,26.0,Male,24,56.22,1387.82,Month-to-Month,Electronic Check,None,No,No,0,4.0,1,1.3,50.0,101.85,1,Divorced,Mobile,Yes
CUST-00064,25.0,Male,10,107.87,1112.34,One Year,Bank Transfer,Fiber Optic,Yes,No,2,3.0,2,21.7,2.0,112.08,2,Single,Tablet,No
CUST-00065,53.0,Female,26,42.4,1056.26,Month-to-Month,Bank Transfer,None,No,No,0,1.0,1,8.9,33.0,201.64,2,Divorced,Mobile,Yes
CUST-00066,60.0,Male,31,46.58,,One Year,Bank Transfer,None,No,Yes,5,4.0,3,8.0,10.0,211.55,1,Single,Desktop,No
CUST-00067,40.0,Female,28,30.24,878.65,One Year,Bank Transfer,None,No Internet,Yes,1,3.0,2,22.3,13.0,166.94,2,Single,Mobile,No
CUST-00068,56.0,Female,2,93.91,179.05,Month-to-Month,Electronic Check,DSL,No Internet,No,1,1.0,1,12.6,39.0,119.95,4,Single,Desktop,No
CUST-00069,47.0,Female,25,77.55,1902.34,Month-to-Month,Mailed Check,Fiber Optic,Yes,No,3,1.0,4,21.0,94.0,262.88,3,Single,Mobile,Yes
CUST-00070,32.0,Male,7,78.91,497.75,Month-to-Month,Bank Transfer,None,Yes,No,0,4.0,1,39.6,48.0,166.48,1,Married,Mobile,Yes
CUST-00071,47.0,Female,1,39.85,82.56,Month-to-Month,Electronic Check,DSL,Yes,No,3,3.0,2,43.7,10.0,247.15,2,Married,Mobile,Yes
CUST-00072,63.0,Female,12,83.12,1042.58,Month-to-Month,Electronic Check,Fiber Optic,No,No Internet,1,,1,8.4,36.0,278.12,1,Married,Mobile,No
CUST-00073,41.0,Female,13,94.55,1218.75,One Year,Bank Transfer,DSL,No,No Internet,0,5.0,1,1.1,11.0,126.86,1,Single,Desktop,No
CUST-00074,63.0,Male,15,53.79,845.16,Month-to-Month,Electronic Check,Fiber Optic,Yes,No,0,5.0,1,1.0,17.0,87.23,3,Married,Desktop,Yes
CUST-00075,18.0,Male,29,98.13,2697.51,One Year,Electronic Check,None,No Internet,No,2,3.0,4,18.3,3.0,111.61,4,Married,Mobile,No
CUST-00076,53.0,Male,8,52.88,489.42,One Year,Credit Card,Fiber Optic,No,Yes,0,3.0,1,1.3,53.0,24.82,3,Married,Desktop,No
CUST-00077,43.0,Female,9,93.81,836.44,Month-to-Month,Bank Transfer,Fiber Optic,No,No,2,3.0,1,7.4,31.0,105.12,1,Married,Mobile,No
CUST-00078,37.0,Female,1,21.37,28.46,Month-to-Month,Mailed Check,Fiber Optic,No,No,1,4.0,3,16.3,59.0,151.91,3,Married,Mobile,Yes
CUST-00079,43.0,Male,27,73.12,,Two Year,Electronic Check,Fiber Optic,No,No,1,1.0,1,96.4,7.0,61.76,0,Married,Mobile,No
CUST-00080,,Male,20,114.95,2368.79,One Year,Bank Transfer,Fiber Optic,No,Yes,0,4.0,2,3.8,4.0,53.41,2,Married,Mobile,No
CUST-00081,38.0,Male,10,116.12,1108.16,Two Year,Credit Card,None,No Internet,No Internet,2,4.0,1,1.0,50.0,95.1,3,Single,Mobile,No
CUST-00082,46.0,Female,29,46.18,1412.94,Month-to-Month,Credit Card,None,Yes,Yes,1,5.0,2,1.0,63.0,30.2,2,Single,Mobile,Yes
CUST-00083,62.0,Female,18,62.14,1138.33,Two Year,Bank Transfer,Fiber Optic,No,No Internet,5,2.0,2,3.8,,147.94,3,Married,Mobile,No
CUST-00084,34.0,Male,15,24.3,395.63,Month-to-Month,Credit Card,Fiber Optic,Yes,Yes,2,2.0,3,74.4,30.0,190.64,1,Divorced,Desktop,Yes
CUST-00085,30.0,Male,17,105.33,1774.15,Month-to-Month,Credit Card,DSL,No,No,5,2.0,2,1.2,5.0,176.51,0,Married,Desktop,No
CUST-00086,34.0,Male,24,74.86,1731.23,Month-to-Month,Bank Transfer,DSL,No,No,1,5.0,3,20.8,0.0,84.07,3,Single,Mobile,Yes
CUST-00087,,Female,25,56.51,1459.28,Month-to-Month,Electronic Check,DSL,,No Internet,1,2.0,5,2.4,23.0,258.2,2,Married,Tablet,No
CUST-00088,46.0,Female,8,29.28,249.81,One Year,Credit Card,DSL,Yes,No,2,4.0,3,3.4,90.0,32.91,3,Married,Desktop,No
CUST-00089,34.0,Female,3,112.68,406.12,Month-to-Month,Credit Card,DSL,Yes,Yes,3,5.0,5,1.3,26.0,0.47,2,Married,Tablet,Yes
CUST-00090,49.0,Male,4,71.02,274.39,Two Year,Credit Card,DSL,No,No Internet,1,5.0,1,3.9,16.0,40.34,2,Single,Mobile,No
CUST-00091,43.0,Female,24,46.29,1090.0,One Year,Credit Card,DSL,No,No,0,3.0,5,1.8,9.0,217.18,3,Married,Mobile,No
CUST-00092,55.0,Male,49,53.02,2667.38,Two Year,Credit Card,Fiber Optic,No Internet,Yes,0,5.0,2,1.0,9.0,236.59,2,Single,Desktop,No
CUST-00093,32.0,Female,12,45.07,636.43,Month-to-Month,Bank Transfer,DSL,Yes,No,2,4.0,2,24.0,9.0,229.92,3,Married,Mobile,Yes
CUST-00094,37.0,Male,4,78.18,313.19,One Year,Bank Transfer,Fiber Optic,Yes,No,1,5.0,2,3.2,7.0,97.3,0,Single,Mobile,No
CUST-00095,36.0,Female,33,111.0,3625.36,Month-to-Month,Bank Transfer,DSL,No,No,0,2.0,3,1.9,2.0,262.46,2,Divorced,Mobile,No
CUST-00096,21.0,Female,42,103.67,,One Year,Electronic Check,Fiber Optic,Yes,No,1,4.0,5,4.8,42.0,266.85,4,Married,Mobile,No
CUST-00097,46.0,Female,51,64.04,3253.34,One Year,Bank Transfer,None,Yes,No Internet,2,4.0,3,21.0,11.0,246.03,2,Single,Desktop,No
CUST-00098,45.0,Female,22,100.65,2244.26,Month-to-Month,Credit Card,DSL,No,No Internet,2,4.0,1,3.8,5.0,221.11,3,Divorced,Desktop,No
CUST-00099,42.0,Male,47,60.31,2821.61,Month-to-Month,Credit Card,None,No Internet,No,3,4.0,1,11.7,27.0,252.32,2,Married,Tablet,No
CUST-00100,38.0,Male,1,43.23,121.43,One Year,Mailed Check,Fiber Optic,No Internet,Yes,1,3.0,2,3.7,81.0,197.49,2,Married,Mobile,No
CUST-00101,22.0,Female,2,116.34,197.71,One Year,Mailed Check,DSL,Yes,No,2,1.0,2,7.3,34.0,,4,Married,Mobile,Yes
CUST-00102,36.0,Male,2,48.39,120.81,Month-to-Month,Credit Card,DSL,Yes,No Internet,3,3.0,1,11.1,6.0,189.02,1,Married,Desktop,No
CUST-00103,37.0,Male,29,50.37,1436.29,Month-to-Month,Credit Card,None,No,No,2,3.0,4,21.3,16.0,49.54,1,Married,Desktop,No
CUST-00104,30.0,Male,1,116.97,102.89,Month-to-Month,Bank Transfer,Fiber Optic,No,No,2,3.0,2,5.0,52.0,54.79,2,Single,Tablet,No
CUST-00105,39.0,Female,16,31.39,481.64,One Year,Bank Transfer,DSL,No,No,1,5.0,3,8.9,1.0,129.19,1,Single,Desktop,No
CUST-00106,47.0,Male,15,94.05,1447.68,Month-to-Month,Bank Transfer,None,No,No,1,2.0,2,15.4,12.0,215.84,4,Divorced,Desktop,No
CUST-00107,68.0,Male,8,111.58,938.56,One Year,Bank Transfer,Fiber Optic,Yes,No Internet,1,3.0,5,4.8,14.0,42.12,0,Single,Mobile,No
CUST-00108,44.0,Male,49,69.18,3417.71,One Year,Credit Card,Fiber Optic,Yes,No,6,3.0,3,3.7,18.0,58.43,1,Married,Tablet,No
CUST-00109,45.0,Male,4,18.25,67.6,One Year,Credit Card,None,No Internet,No,3,3.0,2,12.6,24.0,23.15,4,Divorced,Mobile,Yes
CUST-00110,40.0,Female,10,55.51,562.11,Two Year,Electronic Check,Fiber Optic,No,Yes,1,5.0,3,45.7,20.0,50.25,2,Married,Desktop,No
CUST-00111,18.0,Female,35,29.16,1065.49,Month-to-Month,Mailed Check,DSL,No,No Internet,3,2.0,2,36.1,5.0,66.04,6,Divorced,Desktop,Yes
CUST-00112,41.0,Female,1,59.62,106.09,Month-to-Month,Credit Card,Fiber Optic,No,Yes,4,4.0,1,13.8,16.0,167.56,1,Married,Mobile,Yes
CUST-00113,42.0,Male,26,97.0,2387.49,Month-to-Month,Electronic Check,None,No,No Internet,1,3.0,2,8.2,13.0,116.53,1,Single,Mobile,Yes
CUST-00114,76.0,Female,40,61.87,2461.19,Month-to-Month,Bank Transfer,DSL,Yes,Yes,1,4.0,4,12.5,79.0,28.14,3,Single,Desktop,No
CUST-00115,39.0,Female,64,61.19,3904.95,Month-to-Month,Credit Card,DSL,No,Yes,2,4.0,4,24.3,40.0,47.53,1,Divorced,Mobile,No
CUST-00116,46.0,Male,50,73.68,3717.46,Two Year,Mailed Check,DSL,No,No,0,4.0,2,1.5,60.0,155.97,1,Divorced,Tablet,No
CUST-00117,41.0,Female,9,76.17,682.19,Two Year,Bank Transfer,DSL,Yes,No,2,5.0,3,22.8,37.0,39.57,5,Married,Mobile,Yes
CUST-00118,25.0,Female,21,103.63,2212.19,Month-to-Month,Electronic Check,DSL,Yes,No,1,5.0,3,16.1,1.0,218.67,1,Married,Tablet,No
CUST-00119,57.0,Female,1,48.84,0.0,Month-to-Month,Bank Transfer,None,,No,1,5.0,4,4.7,19.0,28.59,3,Married,Desktop,No
CUST-00120,52.0,Female,7,100.17,714.19,Month-to-Month,Credit Card,None,No,No,1,4.0,1,31.3,45.0,57.05,0,Divorced,Mobile,No
CUST-00121,53.0,Male,2,74.59,194.19,Two Year,Electronic Check,DSL,No,No Internet,1,4.0,2,1.2,26.0,262.8,3,Married,Mobile,No
CUST-00122,29.0,Male,9,48.05,358.73,Two Year,Bank Transfer,Fiber Optic,No,No Internet,1,2.0,2,37.6,42.0,160.07,3,Married,Desktop,No
CUST-00123,61.0,Female,49,47.51,2453.67,Month-to-Month,Credit Card,Fiber Optic,No,No,2,2.0,1,7.4,98.0,296.75,3,Single,Mobile,Yes
CUST-00124,22.0,Male,10,54.11,600.64,One Year,Electronic Check,DSL,No,No,3,3.0,4,24.9,8.0,45.75,3,Married,Desktop,No
CUST-00125,50.0,Male,19,80.27,1525.2,Month-to-Month,Credit Card,DSL,No,No,2,4.0,1,2.5,122.0,23.24,1,Single,Desktop,No
CUST-00126,72.0,Female,13,41.08,492.62,Month-to-Month,Credit Card,DSL,Yes,No,1,3.0,2,12.6,3.0,22.76,2,Single,Mobile,Yes
CUST-00127,28.0,Female,14,,1531.67,Month-to-Month,Electronic Check,Fiber Optic,Yes,Yes,1,3.0,4,1.0,75.0,280.6,2,Married,Desktop,Yes
CUST-00128,,Male,72,75.49,5439.47,One Year,Credit Card,DSL,No,No,3,4.0,3,4.9,6.0,192.96,2,Married,Tablet,Yes
CUST-00129,43.0,Female,8,110.0,902.03,Month-to-Month,Electronic Check,DSL,No,No,2,2.0,3,26.5,38.0,101.12,2,Single,Tablet,No
CUST-00130,34.0,Female,23,22.64,595.75,Month-to-Month,Mailed Check,DSL,No Internet,Yes,4,3.0,2,9.1,45.0,115.23,1,Single,Tablet,Yes
CUST-00131,,Female,13,52.26,655.58,Month-to-Month,Credit Card,None,No,No,2,4.0,2,16.2,50.0,210.05,4,Married,Desktop,Yes
CUST-00132,42.0,Male,1,20.28,48.42,Month-to-Month,Bank Transfer,Fiber Optic,No,Yes,1,5.0,1,24.7,17.0,185.0,3,Married,Desktop,Yes
CUST-00133,27.0,Male,16,45.23,659.06,One Year,Electronic Check,Fiber Optic,Yes,No Internet,1,3.0,3,11.3,5.0,106.75,3,Married,Mobile,No
CUST-00134,48.0,Male,40,104.2,4147.32,Month-to-Month,Bank Transfer,None,No,No Internet,0,2.0,1,13.2,47.0,207.0,1,Single,Tablet,No
CUST-00135,29.0,Male,2,21.66,,Two Year,Electronic Check,DSL,Yes,Yes,0,2.0,2,21.8,31.0,102.78,1,Married,Mobile,No
CUST-00136,63.0,Male,1,61.61,96.17,Month-to-Month,Bank Transfer,Fiber Optic,No,No,1,,1,1.9,8.0,135.72,1,Single,Mobile,Yes
CUST-00137,31.0,Male,4,29.76,81.38,Month-to-Month,Credit Card,DSL,Yes,No,3,3.0,3,1.1,14.0,255.24,1,Single,Mobile,Yes
CUST-00138,37.0,Male,34,59.68,2007.08,Month-to-Month,Credit Card,DSL,Yes,No,0,4.0,4,14.6,10.0,35.48,2,Married,Mobile,Yes
CUST-00139,53.0,Female,30,101.89,3129.73,Month-to-Month,Electronic Check,None,No,No,2,4.0,2,55.4,73.0,129.73,1,Married,Desktop,No
CUST-00140,24.0,Male,19,80.31,1583.99,Month-to-Month,Credit Card,Fiber Optic,Yes,No,2,4.0,1,15.5,48.0,27.57,1,Single,Mobile,Yes
CUST-00141,45.0,Female,15,,1385.62,Month-to-Month,Electronic Check,DSL,No,No Internet,2,4.0,5,18.3,64.0,11.62,3,Single,Tablet,Yes
CUST-00142,60.0,Female,52,52.91,2639.49,Two Year,Electronic Check,DSL,No,No,2,3.0,2,16.1,1.0,289.82,3,Married,Desktop,No
CUST-00143,19.0,Male,34,112.44,3948.52,One Year,Credit Card,Fiber Optic,No,Yes,1,5.0,1,14.0,32.0,168.76,1,Single,Desktop,No
CUST-00144,44.0,Female,40,88.93,3556.2,Two Year,Credit Card,Fiber Optic,Yes,Yes,3,5.0,1,3.3,9.0,293.13,2,Married,Mobile,No
CUST-00145,45.0,Female,40,60.18,2391.57,Month-to-Month,Credit Card,DSL,Yes,No Internet,1,2.0,1,27.5,41.0,257.66,2,Married,Mobile,No
CUST-00146,52.0,Male,24,60.65,1429.48,Month-to-Month,Electronic Check,Fiber Optic,No,Yes,2,3.0,1,12.9,66.0,295.59,3,Single,Tablet,Yes
CUST-00147,24.0,Female,14,109.87,1557.0,Month-to-Month,Electronic Check,None,Yes,No,1,3.0,1,57.5,43.0,280.39,2,Single,Mobile,No
CUST-00148,23.0,Male,48,75.64,3650.05,One Year,Credit Card,DSL,No Internet,No,2,4.0,5,1.1,72.0,263.78,0,Married,Desktop,Yes
CUST-00149,49.0,Female,62,88.64,5543.21,Two Year,Credit Card,None,Yes,Yes,2,3.0,1,5.3,15.0,217.27,3,Single,Mobile,No
CUST-00150,46.0,Male,1,59.7,13.4,Two Year,Bank Transfer,DSL,No,No,2,4.0,2,1.6,29.0,220.4,1,Married,Desktop,Yes
CUST-00151,45.0,Female,1,40.37,24.75,Month-to-Month,Credit Card,Fiber Optic,Yes,No Internet,2,3.0,3,29.4,19.0,282.81,1,Married,Mobile,No
CUST-00152,46.0,Male,72,90.36,6607.45,Month-to-Month,Bank Transfer,Fiber Optic,No,Yes,1,2.0,3,25.5,,293.1,2,Married,Tablet,Yes
CUST-00153,32.0,Female,7,78.78,562.69,Month-to-Month,Bank Transfer,Fiber Optic,No Internet,Yes,3,1.0,5,22.2,24.0,283.21,3,Married,Mobile,No
CUST-00154,45.0,Male,49,68.13,3329.74,Month-to-Month,Bank Transfer,DSL,No,No Internet,0,5.0,5,17.0,37.0,144.96,3,Single,Mobile,No
CUST-00155,46.0,Female,11,80.4,837.32,Month-to-Month,Bank Transfer,None,No,No,2,2.0,3,1.7,29.0,263.08,0,Single,Mobile,No
CUST-00156,31.0,Female,3,38.83,141.79,Month-to-Month,Bank Transfer,DSL,Yes,No,2,5.0,3,7.8,59.0,153.07,2,Single,Desktop,No
CUST-00157,68.0,Male,2,97.39,246.33,Month-to-Month,Bank Transfer,Fiber Optic,No Internet,No,0,5.0,2,18.3,22.0,169.28,3,Married,Desktop,Yes
CUST-00158,48.0,Female,4,112.82,495.01,Month-to-Month,Credit Card,Fiber Optic,No,No,3,3.0,2,6.7,3.0,247.21,3,Married,Mobile,No
CUST-00159,25.0,Male,6,107.11,629.72,Month-to-Month,Bank Transfer,Fiber Optic,Yes,No,1,3.0,1,19.0,89.0,249.03,2,Married,Mobile,Yes
CUST-00160,51.0,Female,16,50.14,820.3,One Year,Bank Transfer,Fiber Optic,Yes,No,1,5.0,3,5.0,24.0,247.15,2,Married,Mobile,Yes
CUST-00161,28.0,Female,29,58.6,1782.98,Month-to-Month,Credit Card,Fiber Optic,Yes,Yes,0,4.0,2,11.8,45.0,248.52,1,Divorced,Mobile,No
CUST-00162,53.0,Female,72,98.84,7170.02,Month-to-Month,Credit Card,DSL,Yes,No,1,3.0,1,6.6,34.0,128.09,0,Single,Mobile,No
CUST-00163,58.0,Female,13,77.51,968.42,One Year,Credit Card,Fiber Optic,No Internet,No,1,5.0,1,38.2,16.0,159.14,2,Married,Desktop,No
CUST-00164,30.0,Male,17,72.79,1110.13,One Year,Credit Card,DSL,No,No Internet,1,3.0,3,8.8,90.0,75.82,3,Married,Desktop,No
CUST-00165,55.0,Male,17,110.66,1896.06,Month-to-Month,Bank Transfer,DSL,Yes,No Internet,1,2.0,1,5.1,39.0,139.03,2,Married,Mobile,No
CUST-00166,47.0,Male,18,71.6,1328.73,Two Year,Credit Card,Fiber Optic,No,No Internet,0,2.0,3,1.0,7.0,288.21,2,Married,Mobile,Yes
CUST-00167,53.0,Female,17,69.49,1126.87,Month-to-Month,Bank Transfer,Fiber Optic,No,No,1,4.0,4,2.4,164.0,244.97,2,Single,Mobile,Yes
CUST-00168,68.0,Male,1,22.2,21.76,Month-to-Month,Bank Transfer,DSL,Yes,No,0,1.0,2,12.5,266.0,108.8,0,Married,Mobile,Yes
CUST-00169,38.0,Female,1,24.94,11.76,Month-to-Month,Bank Transfer,Fiber Optic,Yes,No,1,5.0,3,18.1,10.0,189.88,1,Single,Mobile,No
CUST-00170,31.0,Female,2,18.74,42.69,Month-to-Month,Electronic Check,Fiber Optic,Yes,No,2,3.0,2,46.3,126.0,76.02,0,Single,Mobile,No
CUST-00171,29.0,Male,2,109.32,191.41,One Year,Bank Transfer,DSL,No,No,2,3.0,3,13.6,28.0,62.14,3,Married,Mobile,No
CUST-00172,30.0,Female,29,58.84,1770.89,Month-to-Month,Credit Card,Fiber Optic,No,Yes,2,4.0,2,17.1,6.0,125.27,1,Married,Mobile,No
CUST-00173,40.0,Male,5,64.86,331.7,Month-to-Month,Credit Card,None,No Internet,No Internet,0,5.0,5,14.5,114.0,51.54,2,Single,Mobile,Yes
CUST-00174,46.0,Male,54,102.54,5493.21,Two Year,Credit Card,Fiber Optic,No,Yes,0,3.0,5,34.9,3.0,166.42,0,Divorced,Desktop,No
CUST-00175,45.0,Female,63,78.92,5017.83,Month-to-Month,Bank Transfer,Fiber Optic,No,No,2,4.0,2,5.4,30.0,127.44,0,Divorced,Mobile,No
CUST-00176,53.0,Male,72,78.95,5621.19,One Year,Credit Card,DSL,No Internet,No,2,4.0,1,13.9,54.0,41.46,1,Married,Desktop,No
CUST-00177,42.0,Male,67,47.65,3256.77,Month-to-Month,Bank Transfer,Fiber Optic,No,No,1,4.0,3,48.2,53.0,210.14,1,Single,Desktop,No
CUST-00178,62.0,Female,7,,759.28,Month-to-Month,Mailed Check,Fiber Optic,No,No,0,4.0,3,1.0,0.0,216.3,1,Single,Desktop,No
CUST-00179,38.0,Male,17,34.58,657.35,Month-to-Month,Credit Card,Fiber Optic,No,Yes,1,5.0,5,4.7,16.0,267.13,2,Single,Mobile,No
CUST-00180,80.0,Female,4,23.31,85.33,One Year,Mailed Check,None,No,No Internet,0,5.0,4,21.3,2.0,213.64,2,Married,Desktop,No
CUST-00181,50.0,Female,39,37.16,1424.43,One Year,Mailed Check,DSL,No,No Internet,5,5.0,4,9.5,9.0,65.16,2,Married,Mobile,No
CUST-00182,29.0,Male,52,44.77,2332.24,Month-to-Month,Electronic Check,Fiber Optic,No,No,1,3.0,3,2.8,83.0,198.9,0,Single,Tablet,Yes
CUST-00183,27.0,Male,45,46.23,2076.13,Month-to-Month,Mailed Check,DSL,No,Yes,1,3.0,2,12.7,64.0,292.89,2,Married,Tablet,No
CUST-00184,48.0,Female,13,85.05,1073.01,Two Year,Credit Card,Fiber Optic,No,Yes,2,2.0,5,10.9,32.0,255.72,2,Divorced,Mobile,Yes
CUST-00185,38.0,Male,34,39.78,1324.84,Two Year,Credit Card,None,No Internet,Yes,1,5.0,2,9.1,68.0,130.16,2,Married,Desktop,No
CUST-00186,51.0,Male,2,85.67,153.02,One Year,Credit Card,Fiber Optic,No,No,1,1.0,2,6.3,11.0,208.82,2,Divorced,Mobile,Yes
CUST-00187,48.0,Female,1,27.11,0.0,Month-to-Month,Credit Card,Fiber Optic,Yes,No,2,2.0,1,1.0,52.0,4.86,3,Single,Mobile,Yes
CUST-00188,40.0,Male,33,32.72,1113.66,Two Year,Bank Transfer,Fiber Optic,No,No,2,5.0,2,13.9,34.0,65.69,2,Married,Tablet,No
CUST-00189,30.0,Female,13,68.88,892.83,Month-to-Month,Electronic Check,DSL,No Internet,No,2,2.0,1,10.9,39.0,119.72,4,Single,Mobile,Yes
CUST-00190,20.0,Male,72,110.19,7918.26,One Year,Credit Card,DSL,No,No Internet,0,2.0,3,13.2,2.0,123.23,3,Single,Desktop,No
CUST-00191,35.0,Male,2,103.96,152.4,Month-to-Month,Credit Card,Fiber Optic,No,Yes,2,5.0,3,1.0,12.0,263.53,1,Single,Desktop,Yes
CUST-00192,53.0,Male,46,114.88,,One Year,Electronic Check,Fiber Optic,No Internet,No,1,3.0,2,1.3,1.0,296.72,1,Single,Desktop,No
CUST-00193,44.0,Female,15,83.05,1342.55,Month-to-Month,Credit Card,Fiber Optic,No,No,2,5.0,5,2.8,4.0,136.44,3,Single,Mobile,Yes
CUST-00194,24.0,Female,42,85.58,3563.0,One Year,Bank Transfer,DSL,No Internet,No Internet,1,3.0,3,8.9,9.0,117.07,2,Single,Tablet,No
CUST-00195,44.0,Female,40,80.5,3250.53,One Year,Credit Card,Fiber Optic,Yes,No,1,3.0,1,24.7,26.0,39.41,2,Divorced,Desktop,No
CUST-00196,47.0,Male,59,80.28,4744.65,Two Year,Electronic Check,None,No Internet,No,2,2.0,2,4.2,42.0,70.22,2,Single,Tablet,No
CUST-00197,29.0,Male,8,32.71,122.92,One Year,Bank Transfer,DSL,Yes,No,3,5.0,2,24.8,3.0,41.95,1,Divorced,Desktop,No
CUST-00198,44.0,Male,71,72.37,5227.89,Two Year,Electronic Check,Fiber Optic,No,No Internet,0,4.0,2,4.0,1.0,103.94,2,Married,Desktop,No
CUST-00199,42.0,Female,3,56.61,204.03,Two Year,Credit Card,Fiber Optic,No,No Internet,1,2.0,2,20.7,64.0,224.2,3,Married,Mobile,Yes
CUST-00200,25.0,Female,2,62.25,86.12,Month-to-Month,Mailed Check,None,No,Yes,2,4.0,1,31.1,4.0,6.57,1,Single,Mobile,No
CUST-00201,47.0,Female,13,70.36,913.26,Month-to-Month,Bank Transfer,Fiber Optic,No,No,1,2.0,2,25.4,17.0,261.44,3,Single,Desktop,No
CUST-00202,49.0,Male,42,30.84,1237.82,One Year,Electronic Check,Fiber Optic,No,No,4,3.0,5,20.1,3.0,216.8,2,Single,Mobile,Yes
CUST-00203,57.0,Female,15,53.95,900.56,Two Year,Mailed Check,Fiber Optic,Yes,No,1,3.0,2,1.0,22.0,110.58,1,Married,Tablet,No
CUST-00204,56.0,Male,42,24.34,976.9,Month-to-Month,Bank Transfer,DSL,No,No,1,5.0,2,6.0,3.0,157.61,2,Married,Desktop,No
CUST-00205,22.0,Female,31,115.97,3568.92,One Year,Bank Transfer,Fiber Optic,No,No,1,3.0,3,3.3,43.0,32.69,2,Married,Mobile,No
CUST-00206,28.0,Male,5,29.85,112.77,Month-to-Month,Credit Card,Fiber Optic,No,No,0,5.0,1,9.7,2.0,233.69,4,Married,Tablet,No
CUST-00207,49.0,Female,71,43.85,3117.37,Month-to-Month,Bank Transfer,Fiber Optic,Yes,No,3,4.0,3,6.6,16.0,234.49,2,Single,Mobile,No
CUST-00208,49.0,Male,1,107.13,175.65,One Year,Mailed Check,DSL,Yes,No,1,3.0,3,14.4,16.0,113.44,2,Married,Desktop,No
CUST-00209,49.0,Male,54,66.27,3668.05,One Year,Credit Card,DSL,No,No Internet,2,4.0,1,12.5,76.0,78.2,3,Married,Desktop,No
CUST-00210,80.0,Female,8,31.56,232.53,One Year,Mailed Check,DSL,No,No,2,4.0,1,8.5,16.0,175.39,2,Single,Mobile,No
CUST-00211,49.0,Male,16,56.42,921.63,Two Year,Electronic Check,Fiber Optic,No Internet,,1,1.0,2,21.9,2.0,96.82,2,Single,Mobile,No
CUST-00212,57.0,Male,13,29.59,388.77,Month-to-Month,Bank Transfer,None,Yes,No Internet,0,3.0,4,1.0,23.0,211.24,1,Married,Mobile,Yes
CUST-00213,55.0,Female,4,38.02,103.0,Month-to-Month,Bank Transfer,DSL,No Internet,No,4,4.0,3,30.1,38.0,213.79,1,Single,Tablet,Yes
CUST-00214,51.0,Female,10,23.2,353.13,Two Year,Credit Card,DSL,No Internet,No,2,3.0,4,1.0,12.0,293.53,3,Married,Mobile,No
CUST-00215,37.0,Female,5,61.82,377.24,One Year,Credit Card,None,Yes,Yes,0,1.0,4,9.0,28.0,105.82,4,Married,Mobile,No
CUST-00216,52.0,Male,5,98.66,,Month-to-Month,Credit Card,Fiber Optic,No,No,1,1.0,2,32.0,3.0,16.76,2,Single,Desktop,No
CUST-00217,31.0,Female,4,76.6,385.49,One Year,Bank Transfer,None,No,No Internet,0,4.0,3,8.1,16.0,265.48,2,Married,Mobile,No
CUST-00218,38.0,Female,16,78.63,1318.69,Two Year,Mailed Check,DSL,No,No Internet,1,2.0,5,21.1,5.0,2.86,2,Married,Desktop,No
CUST-00219,35.0,Male,38,38.06,1450.37,One Year,Bank Transfer,None,No,No,2,2.0,3,7.7,9.0,134.25,0,Single,Desktop,No
CUST-00220,43.0,Female,20,52.39,1064.1,One Year,Bank Transfer,None,No,No,3,3.0,2,28.5,30.0,77.17,4,Married,Desktop,No
CUST-00221,74.0,Male,53,102.52,5509.17,Month-to-Month,Credit Card,DSL,Yes,Yes,1,2.0,2,107.5,42.0,123.1,1,Single,Desktop,No
CUST-00222,18.0,Male,24,26.79,595.65,Month-to-Month,Electronic Check,DSL,Yes,No,2,1.0,2,34.3,11.0,52.35,1,Divorced,Mobile,Yes
CUST-00223,51.0,Male,28,103.79,2989.8,Two Year,Electronic Check,DSL,Yes,Yes,2,5.0,2,1.0,137.0,202.34,7,Married,Desktop,No
CUST-00224,19.0,Male,26,66.37,1714.36,One Year,Bank Transfer,DSL,No,No Internet,0,3.0,2,2.4,10.0,168.48,0,Single,Desktop,No
CUST-00225,35.0,Female,14,101.71,1500.17,Month-to-Month,Mailed Check,None,Yes,No,2,4.0,1,11.7,4.0,121.24,1,Married,Mobile,No
CUST-00226,57.0,Female,28,49.8,1394.14,One Year,Mailed Check,Fiber Optic,No Internet,No,4,5.0,3,48.9,60.0,199.35,2,Married,Mobile,No
CUST-00227,,Female,1,51.88,68.76,One Year,Electronic Check,Fiber Optic,No,Yes,1,5.0,4,7.8,31.0,25.03,0,Married,Desktop,Yes
CUST-00228,26.0,Female,47,93.16,4376.8,Month-to-Month,Mailed Check,None,No,No,2,4.0,2,4.9,34.0,257.42,0,Married,Mobile,No
CUST-00229,31.0,Male,36,96.5,3447.41,One Year,Electronic Check,Fiber Optic,No Internet,No,4,5.0,1,50.3,47.0,136.29,3,Married,Desktop,No
CUST-00230,51.0,Female,6,40.96,232.26,Month-to-Month,Electronic Check,Fiber Optic,Yes,No,2,3.0,4,18.5,227.0,184.73,1,Married,Desktop,Yes
CUST-00231,31.0,Female,35,115.29,4104.11,Month-to-Month,Bank Transfer,DSL,Yes,No,1,4.0,3,22.1,10.0,83.0,3,Single,Mobile,No
CUST-00232,45.0,Male,1,26.45,0.0,One Year,Credit Card,Fiber Optic,No Internet,No,1,5.0,3,1.8,23.0,291.62,4,Single,Mobile,No
CUST-00233,42.0,Female,5,24.85,,Month-to-Month,Mailed Check,None,No,No,3,1.0,3,4.6,36.0,135.4,4,Single,Desktop,Yes
CUST-00234,32.0,Female,1,77.55,41.28,Month-to-Month,Credit Card,DSL,Yes,No,0,,3,10.5,4.0,55.78,4,Divorced,Mobile,No
CUST-00235,72.0,Female,36,90.27,3195.8,Two Year,Credit Card,Fiber Optic,Yes,No Internet,1,4.0,4,20.0,10.0,47.7,3,Single,Desktop,No
CUST-00236,50.0,Female,33,114.09,3840.47,One Year,Credit Card,Fiber Optic,No Internet,Yes,2,3.0,4,6.4,10.0,83.3,1,Divorced,Mobile,No
CUST-00237,18.0,Male,40,58.49,2402.48,Month-to-Month,Bank Transfer,Fiber Optic,No,No,0,1.0,3,3.4,11.0,231.8,0,Married,Tablet,No
CUST-00238,44.0,Male,1,20.53,50.13,Month-to-Month,Credit Card,Fiber Optic,Yes,No,3,4.0,2,8.6,37.0,92.39,3,Married,Tablet,No
CUST-00239,32.0,Male,16,78.29,1220.75,Month-to-Month,Electronic Check,None,No Internet,No,2,2.0,1,8.3,26.0,24.7,3,Single,Desktop,Yes
CUST-00240,53.0,Female,29,46.97,1428.88,One Year,Mailed Check,DSL,No,No,1,3.0,3,30.9,37.0,134.11,1,Divorced,Desktop,No
CUST-00241,,Female,4,61.29,165.75,Month-to-Month,Credit Card,Fiber Optic,No Internet,Yes,2,5.0,1,40.7,21.0,64.29,2,Divorced,Mobile,No
CUST-00242,40.0,Female,25,66.85,1778.35,Month-to-Month,Electronic Check,None,Yes,No Internet,4,,4,2.8,93.0,276.28,0,Divorced,Tablet,Yes
CUST-00243,49.0,Male,2,24.45,14.67,Month-to-Month,Credit Card,DSL,No,Yes,0,5.0,2,4.9,22.0,111.89,0,Single,Mobile,No
CUST-00244,54.0,Male,4,66.6,253.3,Month-to-Month,Credit Card,Fiber Optic,Yes,Yes,2,3.0,4,23.1,27.0,94.55,1,Married,Desktop,Yes
CUST-00245,25.0,Female,15,60.63,887.98,Month-to-Month,Electronic Check,DSL,No,No,4,5.0,2,4.2,10.0,134.5,3,Single,Desktop,Yes
CUST-00246,37.0,Female,25,89.25,2177.59,Month-to-Month,Mailed Check,DSL,Yes,No Internet,0,5.0,2,4.6,1.0,8.61,4,Single,Desktop,No
CUST-00247,35.0,Male,3,82.57,343.97,Two Year,Credit Card,Fiber Optic,No,No,2,3.0,2,16.9,50.0,159.29,3,Single,Mobile,No
CUST-00248,32.0,Female,4,36.52,185.52,Two Year,Bank Transfer,Fiber Optic,Yes,No,2,5.0,1,10.7,58.0,296.03,1,Married,Mobile,No
CUST-00249,66.0,Female,5,38.61,253.82,Month-to-Month,Credit Card,None,Yes,No,1,4.0,1,18.2,57.0,102.94,3,Single,Desktop,Yes
CUST-00250,47.0,Female,6,43.1,197.42,One Year,Mailed Check,Fiber Optic,No Internet,No,2,3.0,2,1.1,48.0,280.54,2,Single,Desktop,No
CUST-00251,24.0,Female,6,35.9,224.45,One Year,Credit Card,None,Yes,No,1,4.0,4,10.5,9.0,36.55,1,Married,Desktop,No
CUST-00252,54.0,Male,12,83.72,1030.69,Month-to-Month,Bank Transfer,DSL,No,No,1,1.0,3,16.8,25.0,176.99,3,Single,Desktop,Yes
CUST-00253,71.0,Female,25,117.44,2949.54,Month-to-Month,Mailed Check,DSL,No,No,1,4.0,4,9.6,50.0,50.84,3,Married,Desktop,No
CUST-00254,56.0,Female,13,,1023.71,Month-to-Month,Electronic Check,None,No,Yes,6,3.0,5,2.1,29.0,263.76,1,Married,Desktop,No
CUST-00255,20.0,Male,35,78.67,2807.23,One Year,Mailed Check,None,No,No Internet,1,3.0,1,2.2,95.0,217.47,2,Single,Tablet,No
CUST-00256,35.0,Male,30,58.99,1775.78,One Year,Mailed Check,DSL,No,Yes,0,4.0,3,13.3,33.0,262.52,3,Single,Mobile,Yes
CUST-00257,59.0,Female,3,49.26,100.03,Two Year,Bank Transfer,Fiber Optic,No Internet,No,2,3.0,2,2.3,24.0,207.72,1,Single,Mobile,No
CUST-00258,32.0,Male,1,109.11,16.35,One Year,Electronic Check,Fiber Optic,No,No Internet,2,3.0,1,5.4,161.0,201.74,4,Single,Tablet,No
CUST-00259,48.0,Male,50,114.9,5775.33,Two Year,Credit Card,Fiber Optic,No Internet,Yes,0,3.0,1,8.7,22.0,158.57,3,Single,Mobile,No
CUST-00260,52.0,Female,1,67.68,190.2,Two Year,Mailed Check,None,No,Yes,0,3.0,1,13.5,102.0,163.68,4,Single,Mobile,No
CUST-00261,29.0,Male,3,47.02,,Two Year,Credit Card,Fiber Optic,No,No,0,,3,4.6,0.0,234.89,2,Single,Mobile,No
CUST-00262,41.0,Female,1,,103.53,Month-to-Month,Electronic Check,DSL,No,No,2,5.0,2,7.8,23.0,171.83,1,Divorced,Mobile,Yes
CUST-00263,18.0,Male,23,31.25,774.27,Month-to-Month,Bank Transfer,DSL,Yes,No,1,4.0,2,6.9,10.0,129.85,2,Divorced,Mobile,No
CUST-00264,27.0,Female,20,94.56,1827.72,One Year,Bank Transfer,DSL,No,No Internet,2,3.0,4,1.5,15.0,212.28,2,Married,Mobile,No
CUST-00265,38.0,Male,72,99.89,7168.08,One Year,Credit Card,Fiber Optic,No,No,3,2.0,1,24.4,2.0,289.19,2,Married,Desktop,No
CUST-00266,24.0,Male,52,30.49,1542.47,Month-to-Month,Electronic Check,Fiber Optic,No,No Internet,1,4.0,3,20.3,9.0,272.88,1,Single,Mobile,No
CUST-00267,64.0,Male,12,115.69,1437.51,Two Year,Credit Card,None,No,No,1,3.0,5,23.0,25.0,97.62,1,Single,Mobile,No
CUST-00268,21.0,Female,11,116.55,1348.33,Two Year,Credit Card,None,Yes,No Internet,1,5.0,3,2.4,38.0,116.07,3,Single,Desktop,No
CUST-00269,35.0,Female,8,111.67,901.31,One Year,Credit Card,DSL,No,No,4,3.0,2,10.9,72.0,287.25,2,Married,Tablet,Yes
CUST-00270,43.0,Male,3,67.6,160.71,Month-to-Month,Credit Card,Fiber Optic,No Internet,Yes,1,5.0,1,6.0,7.0,69.86,2,Married,Mobile,No
CUST-00271,62.0,Female,3,42.61,105.69,Two Year,Bank Transfer,Fiber Optic,,No,2,4.0,2,6.4,47.0,38.33,2,Divorced,Mobile,No
CUST-00272,21.0,Female,3,76.2,197.08,Month-to-Month,Bank Transfer,DSL,Yes,Yes,2,3.0,2,1.0,0.0,142.93,1,Married,Desktop,No
CUST-00273,58.0,Female,2,59.99,71.12,Month-to-Month,Credit Card,Fiber Optic,No,Yes,1,5.0,3,,67.0,133.78,1,Single,Desktop,No
CUST-00274,42.0,Male,6,38.59,226.44,Two Year,Bank Transfer,None,No Internet,No,1,5.0,4,42.1,27.0,164.35,3,Divorced,Mobile,No
CUST-00275,28.0,Female,8,60.37,511.7,One Year,Electronic Check,Fiber Optic,No Internet,Yes,2,4.0,1,7.9,56.0,9.59,5,Married,Mobile,No
CUST-00276,48.0,Male,72,84.39,6100.59,Month-to-Month,Electronic Check,Fiber Optic,No Internet,No,1,2.0,2,28.9,8.0,61.91,2,Single,Desktop,No
CUST-00277,,Male,20,,501.39,Two Year,Mailed Check,Fiber Optic,,Yes,4,2.0,4,6.0,14.0,240.79,1,Single,Mobile,No
CUST-00278,33.0,Female,72,51.34,3699.33,Month-to-Month,Credit Card,Fiber Optic,No,No,1,4.0,3,12.3,3.0,108.12,1,Married,Tablet,No
CUST-00279,42.0,Female,11,19.78,213.5,One Year,Electronic Check,Fiber Optic,No Internet,No Internet,4,3.0,2,20.5,2.0,274.97,3,Divorced,Mobile,Yes
CUST-00280,36.0,Male,14,92.95,1236.44,One Year,Bank Transfer,None,No,No,3,4.0,4,11.1,52.0,170.65,0,Married,Mobile,No
CUST-00281,43.0,Male,9,82.07,746.64,Month-to-Month,Bank Transfer,DSL,Yes,Yes,2,4.0,5,2.7,10.0,6.38,0,Married,Tablet,No
CUST-00282,51.0,Female,4,24.27,67.9,Month-to-Month,Bank Transfer,DSL,Yes,No,1,,1,7.1,13.0,293.45,2,Divorced,Mobile,Yes
CUST-00283,64.0,Female,3,114.47,276.04,Two Year,Bank Transfer,Fiber Optic,No Internet,No,0,4.0,1,21.4,22.0,95.11,4,Single,Mobile,No
CUST-00284,24.0,Male,69,20.26,1416.48,Month-to-Month,Bank Transfer,DSL,No,No,1,3.0,4,22.8,33.0,110.68,4,Single,Mobile,No
CUST-00285,71.0,Female,72,77.0,5513.41,Month-to-Month,Electronic Check,Fiber Optic,No Internet,No,1,,1,,1.0,273.19,1,Married,Mobile,No
CUST-00286,18.0,Male,1,95.64,107.03,Month-to-Month,Credit Card,DSL,Yes,,1,3.0,4,11.7,25.0,263.4,1,Married,Desktop,No
CUST-00287,39.0,Male,3,96.79,332.75,Month-to-Month,Electronic Check,Fiber Optic,No,Yes,0,3.0,2,3.5,,205.51,1,Single,Mobile,No
CUST-00288,50.0,Female,13,21.43,231.08,Two Year,Electronic Check,Fiber Optic,Yes,No,3,3.0,1,4.3,56.0,3.07,2,Married,Desktop,No
CUST-00289,45.0,Male,4,108.64,439.17,Month-to-Month,Bank Transfer,DSL,Yes,Yes,2,1.0,2,2.3,5.0,1.08,4,Single,Desktop,No
CUST-00290,33.0,Male,10,109.85,1007.98,One Year,Credit Card,DSL,No,Yes,2,2.0,1,8.6,17.0,53.47,2,Married,Desktop,Yes
CUST-00291,39.0,Female,3,74.14,299.05,Month-to-Month,Credit Card,DSL,No,Yes,1,4.0,1,19.1,19.0,228.76,2,Single,Mobile,Yes
CUST-00292,35.0,Female,14,66.21,858.99,Two Year,Credit Card,DSL,No,No,1,4.0,2,31.7,56.0,250.49,3,Married,Mobile,No
CUST-00293,33.0,Male,7,22.49,131.69,One Year,Credit Card,Fiber Optic,No Internet,No Internet,2,2.0,1,11.8,13.0,67.44,2,Single,Tablet,No
CUST-00294,53.0,Female,10,74.2,808.92,Month-to-Month,Credit Card,Fiber Optic,Yes,No,2,4.0,1,15.8,2.0,23.61,3,Married,Mobile,No
CUST-00295,46.0,Female,2,58.94,106.15,Two Year,Credit Card,Fiber Optic,Yes,No,2,3.0,1,4.7,27.0,128.05,2,Married,Desktop,No
CUST-00296,32.0,Male,13,95.28,1178.77,Month-to-Month,Credit Card,Fiber Optic,,No,0,4.0,2,3.4,32.0,278.67,0,Married,Mobile,Yes
CUST-00297,54.0,Female,72,58.39,4239.73,One Year,Bank Transfer,DSL,No Internet,No,5,5.0,5,7.6,26.0,157.35,1,Married,Desktop,No
CUST-00298,46.0,Male,9,86.36,811.77,Two Year,Mailed Check,Fiber Optic,No,No,0,3.0,1,12.3,20.0,219.88,0,Married,Mobile,No
CUST-00299,53.0,Male,50,28.14,1375.34,One Year,Mailed Check,Fiber Optic,No,No Internet,2,3.0,3,1.0,7.0,212.56,2,Single,Mobile,No
CUST-00300,50.0,Female,44,31.3,,One Year,Credit Card,DSL,No,Yes,1,,2,1.4,23.0,,0,Divorced,Mobile,No
CUST-00301,30.0,Female,72,31.97,2280.07,Month-to-Month,Credit Card,Fiber Optic,Yes,No,1,5.0,1,14.9,1.0,295.26,2,Married,Mobile,Yes
CUST-00302,,Male,37,22.55,824.0,Month-to-Month,Bank Transfer,DSL,Yes,No Internet,0,3.0,1,3.3,25.0,294.09,2,Married,Desktop,Yes
CUST-00303,52.0,Male,25,72.13,1708.6,Month-to-Month,Credit Card,DSL,,No,0,2.0,1,9.1,20.0,162.01,2,Married,Desktop,No
CUST-00304,50.0,Female,46,97.4,4471.33,Two Year,Bank Transfer,Fiber Optic,No Internet,No,1,5.0,3,41.4,91.0,100.05,5,Married,Desktop,No
CUST-00305,41.0,Male,1,79.04,168.24,Two Year,Bank Transfer,Fiber Optic,No,No,0,3.0,5,29.8,11.0,236.45,2,Married,Tablet,No
CUST-00306,43.0,Male,14,75.5,1012.2,Month-to-Month,Bank Transfer,Fiber Optic,No,No,2,3.0,3,1.0,0.0,210.77,1,Single,Desktop,Yes
CUST-00307,59.0,Male,72,86.06,6167.15,Month-to-Month,Electronic Check,Fiber Optic,No,Yes,0,4.0,1,1.0,42.0,235.11,2,Married,Desktop,Yes
CUST-00308,33.0,Female,35,51.96,,Month-to-Month,Electronic Check,DSL,No,Yes,1,3.0,2,2.4,5.0,90.0,3,Single,Mobile,No
CUST-00309,49.0,Male,72,54.2,3933.01,Month-to-Month,Mailed Check,Fiber Optic,No Internet,Yes,1,4.0,5,1.9,23.0,174.94,3,Single,Mobile,No
CUST-00310,39.0,Male,36,49.43,1839.64,Month-to-Month,Credit Card,Fiber Optic,No,No,1,4.0,1,4.4,7.0,55.56,1,Single,Desktop,No
CUST-00311,38.0,Female,49,89.21,4430.31,One Year,Mailed Check,DSL,Yes,No,1,5.0,3,7.0,23.0,65.85,4,Married,Mobile,No
CUST-00312,57.0,Female,29,34.16,928.24,Two Year,Bank Transfer,None,No,No,3,2.0,1,1.3,26.0,,2,Single,Desktop,No
CUST-00313,53.0,Female,34,19.3,681.19,One Year,Electronic Check,DSL,No,No,2,4.0,1,9.3,32.0,213.16,1,Married,Mobile,Yes
CUST-00314,53.0,Male,17,77.62,1391.23,One Year,Mailed Check,None,No,No Internet,1,3.0,2,11.3,14.0,91.35,1,Divorced,Desktop,No
CUST-00315,60.0,Female,61,112.24,6872.12,One Year,Mailed Check,DSL,No Internet,No,2,5.0,5,,1.0,98.55,1,Married,Mobile,No
CUST-00316,42.0,Male,41,78.94,3260.46,One Year,Electronic Check,Fiber Optic,Yes,Yes,1,1.0,3,7.8,27.0,239.74,3,Married,Desktop,Yes
CUST-00317,51.0,Male,44,96.29,4213.18,Month-to-Month,Bank Transfer,None,No,No,0,4.0,1,5.3,59.0,274.0,2,Single,Mobile,No
CUST-00318,37.0,Female,26,85.28,2228.29,Month-to-Month,Bank Transfer,Fiber Optic,No,No Internet,1,4.0,1,15.5,22.0,252.0,0,Single,Mobile,No
CUST-00319,46.0,Male,8,67.74,603.74,Month-to-Month,Electronic Check,DSL,No,No,1,,2,36.3,8.0,55.44,1,Married,Mobile,No
CUST-00320,40.0,Male,1,89.84,106.25,One Year,Electronic Check,Fiber Optic,No Internet,,0,5.0,1,,16.0,137.32,2,Married,Mobile,No
CUST-00321,43.0,Male,65,100.41,6464.24,Two Year,Electronic Check,DSL,No,No,1,4.0,2,5.2,23.0,210.95,2,Divorced,Tablet,No
CUST-00322,,Male,21,40.47,,One Year,Bank Transfer,Fiber Optic,No,No,0,4.0,4,19.0,2.0,213.65,0,Married,Mobile,Yes
CUST-00323,30.0,Male,8,51.61,473.34,Two Year,Bank Transfer,Fiber Optic,No Internet,Yes,2,4.0,2,31.5,25.0,119.05,0,Single,Mobile,No
CUST-00324,71.0,Female,3,40.37,137.35,Month-to-Month,Credit Card,Fiber Optic,Yes,No,0,1.0,4,48.2,3.0,126.16,1,Single,Desktop,No
CUST-00325,27.0,Male,42,63.22,2661.19,One Year,Mailed Check,DSL,No,No,0,2.0,3,3.7,5.0,173.2,2,Divorced,Mobile,No
CUST-00326,25.0,Male,43,106.51,4552.23,Two Year,Credit Card,Fiber Optic,No,No,0,3.0,3,5.4,14.0,203.4,1,Married,Mobile,No
CUST-00327,58.0,Male,40,52.52,2160.23,One Year,Electronic Check,DSL,No Internet,Yes,3,4.0,3,35.4,48.0,22.04,2,Married,Mobile,Yes
CUST-00328,53.0,Female,24,55.45,1413.92,Two Year,Mailed Check,DSL,No,No,3,1.0,1,4.7,52.0,193.42,1,Married,Mobile,No
CUST-00329,50.0,Female,10,104.04,1103.56,One Year,Bank Transfer,Fiber Optic,No,,0,4.0,1,6.4,9.0,153.68,1,Married,Mobile,No
CUST-00330,50.0,Male,8,69.54,628.45,Month-to-Month,Electronic Check,Fiber Optic,Yes,No,1,2.0,3,15.3,23.0,11.4,5,Married,Tablet,Yes
CUST-00331,41.0,Female,1,71.54,53.6,Month-to-Month,Electronic Check,Fiber Optic,No Internet,No,2,4.0,1,12.6,2.0,17.88,1,Married,Mobile,No
CUST-00332,29.0,Male,43,104.08,4450.43,One Year,Credit Card,DSL,No,No,0,2.0,1,31.5,182.0,59.81,3,Married,Mobile,No
CUST-00333,43.0,Male,2,67.05,126.28,Two Year,Bank Transfer,None,No,No,3,2.0,2,14.2,31.0,106.67,6,Married,Desktop,Yes
CUST-00334,32.0,Male,23,86.16,1983.61,Month-to-Month,Electronic Check,Fiber Optic,Yes,No,3,3.0,4,10.1,7.0,228.24,3,Married,Mobile,Yes
CUST-00335,55.0,Male,16,26.56,496.51,One Year,Bank Transfer,DSL,No,No Internet,0,5.0,5,1.2,68.0,94.43,1,Married,Desktop,Yes
CUST-00336,39.0,Male,17,35.86,667.91,One Year,Bank Transfer,None,Yes,No Internet,1,3.0,3,55.3,12.0,229.02,1,Married,Desktop,No
CUST-00337,30.0,Female,62,58.44,3650.2,Month-to-Month,Electronic Check,None,No Internet,Yes,2,1.0,5,8.2,9.0,149.34,3,Married,Desktop,No
CUST-00338,37.0,Male,1,67.48,0.0,Month-to-Month,Credit Card,DSL,No Internet,No Internet,1,5.0,4,12.7,10.0,62.8,0,Married,Mobile,Yes
CUST-00339,47.0,Female,35,114.57,3925.55,Month-to-Month,Bank Transfer,Fiber Optic,Yes,No,1,3.0,1,10.5,19.0,233.1,2,Married,Desktop,No
CUST-00340,34.0,Male,1,115.07,127.09,Month-to-Month,Credit Card,Fiber Optic,No,No,1,4.0,2,20.1,1.0,216.66,2,Married,Mobile,Yes
CUST-00341,30.0,Male,1,103.12,147.13,Month-to-Month,Credit Card,DSL,No,No Internet,2,5.0,3,15.6,31.0,10.81,2,Single,Mobile,Yes
CUST-00342,45.0,Male,13,49.56,640.3,Month-to-Month,Bank Transfer,DSL,No Internet,No Internet,2,4.0,1,6.3,88.0,220.48,1,Single,Mobile,No
CUST-00343,45.0,Female,1,114.4,210.15,Month-to-Month,Electronic Check,Fiber Optic,No,Yes,2,4.0,2,11.0,50.0,200.57,0,Divorced,Mobile,Yes
CUST-00344,34.0,Male,37,86.93,3162.29,One Year,Credit Card,DSL,No Internet,No,1,3.0,3,26.2,49.0,112.65,2,Married,Desktop,No
CUST-00345,35.0,Female,18,57.29,970.8,One Year,Electronic Check,None,No,No Internet,3,4.0,2,15.1,44.0,188.81,2,Married,Desktop,Yes
CUST-00346,45.0,Male,1,88.17,54.96,One Year,Bank Transfer,DSL,Yes,No,0,5.0,5,46.4,13.0,45.47,3,Divorced,Tablet,No
CUST-00347,21.0,Male,1,19.65,0.0,One Year,Mailed Check,None,No,No,1,5.0,2,21.0,6.0,176.32,0,Single,Mobile,No
CUST-00348,22.0,Male,22,32.62,743.95,Two Year,Bank Transfer,None,No,No Internet,1,4.0,1,10.0,11.0,51.8,3,Married,Desktop,No
CUST-00349,31.0,Male,39,100.97,,Two Year,Credit Card,Fiber Optic,Yes,Yes,1,2.0,1,24.7,5.0,33.85,1,Divorced,Mobile,No
CUST-00350,39.0,Male,13,82.56,995.89,Two Year,Electronic Check,DSL,Yes,No,2,5.0,3,8.8,57.0,60.24,6,Divorced,Mobile,Yes
CUST-00351,46.0,Male,19,54.42,1078.56,Month-to-Month,Electronic Check,Fiber Optic,No Internet,No,3,2.0,2,3.6,16.0,36.41,2,Married,Mobile,Yes
CUST-00352,62.0,Female,38,68.07,2498.66,Two Year,Bank Transfer,Fiber Optic,No,No,1,3.0,1,14.9,50.0,37.12,0,Married,Mobile,No
CUST-00353,54.0,Male,22,108.51,2333.66,One Year,Bank Transfer,Fiber Optic,Yes,Yes,0,2.0,3,6.6,10.0,264.98,1,Married,Tablet,No
CUST-00354,39.0,Female,6,81.16,405.82,Month-to-Month,Credit Card,DSL,No Internet,Yes,3,2.0,2,1.0,4.0,269.73,2,Married,Mobile,No
CUST-00355,41.0,Male,22,57.81,1282.18,Month-to-Month,Bank Transfer,None,Yes,Yes,1,4.0,4,3.6,61.0,220.22,0,Married,Mobile,No
CUST-00356,27.0,Female,23,30.03,699.99,One Year,Credit Card,DSL,Yes,No,2,2.0,2,2.7,48.0,234.68,1,Married,Desktop,No
CUST-00357,41.0,Female,31,47.37,1564.29,Month-to-Month,Bank Transfer,Fiber Optic,No,No,1,2.0,5,23.8,24.0,108.02,2,Single,Mobile,No
CUST-00358,37.0,Male,23,115.83,2709.78,Month-to-Month,Mailed Check,None,No Internet,No,1,2.0,2,19.5,3.0,163.2,1,Married,Desktop,Yes
CUST-00359,46.0,Male,72,61.74,4517.36,One Year,Electronic Check,Fiber Optic,No,No,1,3.0,2,14.3,12.0,244.42,2,Single,Mobile,No
CUST-00360,30.0,Female,5,65.18,340.33,One Year,Credit Card,DSL,No,Yes,1,4.0,3,40.8,1.0,146.74,0,Married,Desktop,Yes
CUST-00361,49.0,Female,72,67.86,4837.07,Two Year,Mailed Check,DSL,Yes,No Internet,2,4.0,3,2.9,68.0,221.09,0,Married,Desktop,No
CUST-00362,63.0,Male,18,106.41,1921.79,One Year,Bank Transfer,Fiber Optic,No,Yes,3,4.0,1,2.7,8.0,127.02,0,Married,Mobile,No
CUST-00363,40.0,Male,26,78.39,2067.76,One Year,Credit Card,DSL,No,No,1,4.0,3,36.0,22.0,103.87,1,Single,Desktop,No
CUST-00364,47.0,Female,2,87.37,209.93,Month-to-Month,Electronic Check,DSL,No Internet,No,5,1.0,1,15.6,85.0,254.06,1,Married,Mobile,Yes
CUST-00365,51.0,Male,11,56.94,602.72,One Year,Bank Transfer,DSL,No,Yes,2,4.0,5,12.2,29.0,99.8,1,Married,Mobile,No
CUST-00366,36.0,Female,35,20.91,756.29,Month-to-Month,Credit Card,Fiber Optic,Yes,Yes,0,4.0,3,20.2,29.0,142.68,3,Single,Tablet,Yes
CUST-00367,45.0,Male,29,111.1,3175.25,Two Year,Credit Card,DSL,No,No Internet,3,1.0,1,5.0,53.0,32.44,2,Single,Desktop,Yes
CUST-00368,42.0,Male,1,112.91,60.75,Month-to-Month,Bank Transfer,None,Yes,No,2,3.0,1,13.6,35.0,152.97,0,Married,Desktop,Yes
CUST-00369,43.0,Female,18,112.92,1976.77,Month-to-Month,Credit Card,Fiber Optic,No Internet,No,2,1.0,4,8.4,19.0,181.71,4,Single,Mobile,Yes
CUST-00370,31.0,Female,2,112.37,225.97,Month-to-Month,Electronic Check,Fiber Optic,Yes,No Internet,2,2.0,4,5.5,3.0,117.2,3,Single,Mobile,Yes
CUST-00371,42.0,Male,72,99.52,,Two Year,Bank Transfer,DSL,Yes,No Internet,1,3.0,2,31.3,20.0,194.01,2,Single,Desktop,No
CUST-00372,48.0,Male,54,86.46,4647.6,Two Year,Bank Transfer,None,No,Yes,6,1.0,1,2.6,6.0,132.4,3,Single,Desktop,No
CUST-00373,62.0,Female,1,102.45,147.6,Month-to-Month,Credit Card,DSL,Yes,Yes,0,2.0,2,1.0,20.0,127.89,2,Married,Desktop,No
CUST-00374,55.0,Female,46,78.05,3538.84,Month-to-Month,Electronic Check,DSL,No,No,0,2.0,3,6.7,0.0,126.79,1,Single,Desktop,Yes
CUST-00375,72.0,Male,60,31.44,1861.18,One Year,Bank Transfer,DSL,No,Yes,2,2.0,3,3.3,13.0,257.87,1,Married,Desktop,No
CUST-00376,31.0,Female,10,57.12,574.78,Two Year,Bank Transfer,DSL,No,No,0,1.0,4,25.0,1.0,218.31,2,Single,Mobile,No
CUST-00377,54.0,Female,30,115.13,3466.24,Month-to-Month,Electronic Check,Fiber Optic,No,No,4,4.0,3,2.0,4.0,137.0,1,Divorced,Desktop,Yes
CUST-00378,44.0,Female,14,53.11,718.58,Month-to-Month,Credit Card,Fiber Optic,No Internet,No,0,2.0,2,41.6,35.0,191.61,2,Divorced,Mobile,No
CUST-00379,72.0,Female,25,104.78,2658.84,Month-to-Month,Bank Transfer,DSL,No,No,3,5.0,2,2.8,112.0,247.11,4,Married,Mobile,No
CUST-00380,30.0,Male,9,27.32,,One Year,Electronic Check,Fiber Optic,No Internet,No Internet,1,5.0,3,33.0,24.0,136.79,3,Married,Mobile,No
CUST-00381,30.0,Female,9,51.42,519.77,Month-to-Month,Bank Transfer,Fiber Optic,Yes,Yes,2,4.0,2,2.8,5.0,253.29,3,Divorced,Mobile,No
CUST-00382,33.0,Female,13,53.1,686.22,Month-to-Month,Credit Card,None,Yes,No,0,1.0,4,1.0,14.0,53.14,2,Married,Tablet,No
CUST-00383,18.0,Male,3,23.16,43.84,Month-to-Month,Credit Card,DSL,No,No,2,5.0,2,10.0,8.0,177.88,2,Married,Mobile,No
CUST-00384,34.0,Male,42,29.91,1222.09,One Year,Bank Transfer,DSL,Yes,No,0,3.0,2,6.6,1.0,108.03,2,Married,Mobile,No
CUST-00385,31.0,Male,10,37.32,388.55,Two Year,Mailed Check,DSL,No,Yes,1,2.0,1,13.7,73.0,29.78,1,Single,Mobile,No
CUST-00386,44.0,Female,12,101.78,1202.5,Two Year,Bank Transfer,Fiber Optic,No Internet,No,1,4.0,1,15.4,23.0,267.52,1,Single,Desktop,No
CUST-00387,46.0,Male,53,24.34,1261.56,One Year,Credit Card,Fiber Optic,No,No Internet,2,3.0,1,40.9,4.0,146.89,1,Divorced,Tablet,No
CUST-00388,68.0,Female,16,47.87,743.51,Two Year,Electronic Check,Fiber Optic,No,No,2,3.0,2,45.8,41.0,162.15,3,Single,Mobile,Yes
CUST-00389,55.0,Female,18,19.02,308.18,Month-to-Month,Bank Transfer,DSL,No,Yes,1,4.0,1,10.2,5.0,155.26,1,Single,Desktop,No
CUST-00390,33.0,Female,72,87.56,6314.27,One Year,Bank Transfer,Fiber Optic,Yes,No,1,2.0,2,3.5,6.0,162.82,0,Married,Tablet,No
CUST-00391,29.0,Female,52,80.03,4090.93,Month-to-Month,Bank Transfer,DSL,No,No,1,,2,4.3,27.0,175.77,3,Single,Mobile,No
CUST-00392,48.0,Female,4,82.5,345.15,One Year,Electronic Check,Fiber Optic,Yes,No,4,5.0,2,1.6,16.0,261.46,3,Married,Mobile,No
CUST-00393,23.0,Male,15,55.44,865.43,Two Year,Electronic Check,DSL,Yes,No Internet,2,4.0,2,4.9,67.0,284.32,5,Single,Mobile,No
CUST-00394,67.0,Female,72,38.83,2766.72,Two Year,Credit Card,Fiber Optic,Yes,No,0,3.0,4,36.4,27.0,185.81,2,Divorced,Mobile,No
CUST-00395,58.0,Male,11,90.03,1086.43,One Year,Electronic Check,Fiber Optic,No Internet,Yes,2,4.0,3,6.8,6.0,112.79,3,Divorced,Mobile,No
CUST-00396,35.0,Female,11,99.11,1091.09,One Year,Credit Card,Fiber Optic,Yes,No,2,2.0,4,14.9,19.0,154.51,3,Married,Desktop,No
CUST-00397,18.0,Male,5,31.86,81.23,Two Year,Credit Card,None,No,Yes,3,5.0,5,,38.0,210.87,2,Married,Tablet,No
CUST-00398,60.0,Female,2,66.68,119.3,Month-to-Month,Credit Card,Fiber Optic,Yes,No,0,3.0,1,1.7,27.0,158.75,2,Married,Tablet,No
CUST-00399,40.0,Female,32,42.87,1374.97,One Year,Electronic Check,DSL,No,No,2,4.0,3,22.4,11.0,78.18,3,Single,Mobile,Yes
CUST-00400,59.0,Female,35,34.81,1240.8,Month-to-Month,Electronic Check,DSL,No,Yes,2,5.0,1,18.0,14.0,182.09,0,Single,Desktop,Yes
CUST-00401,19.0,Male,72,91.43,6570.09,Two Year,Electronic Check,None,No,No,1,5.0,5,25.6,32.0,266.64,5,Married,Mobile,No
CUST-00402,33.0,Male,35,71.81,2462.77,Month-to-Month,Electronic Check,Fiber Optic,No,No Internet,1,2.0,1,2.2,21.0,31.96,3,Single,Desktop,No
CUST-00403,42.0,Female,6,39.62,182.97,Month-to-Month,Credit Card,Fiber Optic,No Internet,No,0,5.0,2,10.5,2.0,21.27,2,Single,Desktop,No
CUST-00404,42.0,Male,1,49.0,16.32,One Year,Bank Transfer,Fiber Optic,No,No,0,3.0,5,15.0,23.0,292.52,0,Married,Mobile,Yes
CUST-00405,35.0,Female,72,114.67,8228.35,Month-to-Month,Bank Transfer,DSL,Yes,Yes,1,3.0,4,21.4,18.0,241.0,0,Married,Tablet,No
CUST-00406,50.0,Male,9,102.87,869.08,Month-to-Month,Bank Transfer,None,No Internet,No,0,1.0,1,18.7,50.0,123.76,1,Single,Mobile,Yes
CUST-00407,,Female,8,105.99,811.28,One Year,Credit Card,DSL,No Internet,No,1,4.0,1,12.7,3.0,8.65,2,Married,Mobile,No
CUST-00408,40.0,Male,56,64.0,3616.97,Two Year,Mailed Check,Fiber Optic,No,No Internet,1,4.0,4,9.5,0.0,,4,Married,Desktop,No
CUST-00409,43.0,Female,21,80.38,1770.4,Month-to-Month,Electronic Check,DSL,No,Yes,2,4.0,1,42.6,51.0,238.26,0,Married,Mobile,Yes
CUST-00410,49.0,Female,5,55.68,316.17,Two Year,Bank Transfer,Fiber Optic,Yes,Yes,4,5.0,4,,7.0,182.23,3,Divorced,Desktop,No
CUST-00411,51.0,Male,52,25.77,1405.33,Two Year,Electronic Check,Fiber Optic,No,Yes,1,3.0,5,3.4,0.0,237.68,1,Married,Mobile,No
CUST-00412,26.0,Male,72,58.11,4232.63,One Year,Electronic Check,Fiber Optic,No,No Internet,3,3.0,1,1.8,7.0,188.53,2,Married,Mobile,No
CUST-00413,20.0,Male,2,77.4,196.46,One Year,Credit Card,Fiber Optic,No Internet,No,1,4.0,1,1.8,65.0,202.13,2,Single,Mobile,No
CUST-00414,59.0,Female,47,46.71,2178.48,Month-to-Month,Bank Transfer,Fiber Optic,Yes,No,1,4.0,1,31.0,5.0,271.38,1,Married,Mobile,No
CUST-00415,46.0,Female,11,102.8,,Month-to-Month,Credit Card,DSL,No,No,1,3.0,1,14.0,11.0,121.99,4,Married,Mobile,Yes
CUST-00416,31.0,Female,17,33.11,541.84,Month-to-Month,Credit Card,Fiber Optic,No,No Internet,0,5.0,2,41.0,28.0,158.45,1,Married,Mobile,No
CUST-00417,63.0,Female,59,54.71,3216.93,Month-to-Month,Credit Card,Fiber Optic,No,,2,1.0,3,32.7,5.0,234.33,3,Single,Mobile,No
CUST-00418,43.0,Male,72,30.49,2198.69,Month-to-Month,Mailed Check,Fiber Optic,No,Yes,2,4.0,2,5.4,31.0,81.27,3,Married,Mobile,No
CUST-00419,58.0,Male,7,58.48,445.04,Month-to-Month,Bank Transfer,Fiber Optic,No Internet,No,3,2.0,2,15.4,36.0,180.44,4,Married,Mobile,Yes
CUST-00420,42.0,Male,5,21.97,131.02,One Year,Electronic Check,Fiber Optic,No,No,0,3.0,1,7.2,7.0,104.98,4,Single,Desktop,Yes
CUST-00421,70.0,Male,2,45.25,82.41,One Year,Credit Card,DSL,No Internet,No,4,5.0,1,31.3,3.0,15.23,2,Single,Desktop,No
CUST-00422,,Female,19,58.07,1106.11,Two Year,Credit Card,Fiber Optic,Yes,No,0,3.0,3,19.9,15.0,46.39,4,Divorced,Mobile,No
CUST-00423,38.0,Female,1,65.82,87.49,Month-to-Month,Mailed Check,DSL,Yes,No,2,5.0,4,2.0,35.0,34.04,4,Married,Tablet,No
CUST-00424,55.0,Male,12,72.37,901.81,Month-to-Month,Bank Transfer,Fiber Optic,No Internet,No Internet,4,3.0,2,4.4,50.0,164.67,3,Single,Mobile,No
CUST-00425,51.0,Female,1,45.5,0.0,One Year,Mailed Check,Fiber Optic,Yes,No Internet,0,4.0,5,16.1,1.0,35.97,3,Single,Desktop,No
CUST-00426,61.0,Female,12,70.3,789.73,Month-to-Month,Credit Card,DSL,No,Yes,3,4.0,1,4.2,23.0,162.8,0,Married,Mobile,No
CUST-00427,28.0,Male,1,68.9,124.27,One Year,Mailed Check,Fiber Optic,No,No,1,3.0,4,11.5,8.0,220.18,1,Divorced,Mobile,No
CUST-00428,51.0,Male,43,49.62,2130.62,One Year,Bank Transfer,None,No,,0,5.0,2,4.2,16.0,189.63,4,Married,Desktop,No
CUST-00429,56.0,Male,5,101.02,483.9,Month-to-Month,Credit Card,DSL,No,No,1,2.0,4,17.2,22.0,224.73,1,Single,Mobile,No
CUST-00430,18.0,Female,9,72.56,639.87,Month-to-Month,Electronic Check,None,No,Yes,3,4.0,4,1.2,39.0,147.43,6,Married,Mobile,Yes
CUST-00431,25.0,Female,48,51.23,2445.85,Month-to-Month,Electronic Check,None,No Internet,No,0,5.0,3,19.2,1.0,221.45,3,Married,Tablet,No
CUST-00432,18.0,Female,32,112.73,3635.26,Month-to-Month,Credit Card,Fiber Optic,Yes,No Internet,1,1.0,2,6.2,5.0,237.46,5,Married,Mobile,No
CUST-00433,38.0,Male,5,102.51,457.15,Month-to-Month,Mailed Check,None,No,Yes,2,,2,9.1,28.0,75.24,1,Single,Mobile,No
CUST-00434,52.0,Male,1,,117.5,Month-to-Month,Electronic Check,Fiber Optic,No,No Internet,1,3.0,3,9.9,17.0,256.94,2,Married,Tablet,No
CUST-00435,63.0,Female,30,87.22,2628.91,One Year,Bank Transfer,Fiber Optic,No,Yes,0,2.0,2,3.2,7.0,280.89,2,Divorced,Mobile,No
CUST-00436,43.0,Female,11,55.82,633.83,Month-to-Month,Credit Card,None,Yes,No,2,3.0,3,42.8,2.0,219.38,2,Married,Tablet,Yes
CUST-00437,64.0,Female,34,46.09,1578.2,One Year,Bank Transfer,Fiber Optic,No,No,4,5.0,3,1.0,73.0,291.39,1,Single,Tablet,Yes
CUST-00438,22.0,Female,14,84.33,1206.42,Month-to-Month,Credit Card,DSL,Yes,No,4,3.0,1,,13.0,19.42,4,Married,Desktop,No
CUST-00439,18.0,Male,10,116.08,1132.17,Month-to-Month,Bank Transfer,DSL,No,No Internet,1,3.0,1,2.1,15.0,45.06,3,Married,Mobile,Yes
CUST-00440,41.0,Female,14,,1082.29,Month-to-Month,Electronic Check,Fiber Optic,No,No Internet,0,5.0,2,6.7,1.0,270.85,2,Married,Mobile,No
CUST-00441,47.0,Female,33,106.16,3626.13,Month-to-Month,Electronic Check,Fiber Optic,Yes,No,4,3.0,3,1.6,40.0,9.27,4,Divorced,Mobile,No
CUST-00442,41.0,Male,55,50.91,2784.99,Month-to-Month,Bank Transfer,DSL,No,No,3,4.0,1,7.1,145.0,176.42,1,Divorced,Tablet,No
CUST-00443,18.0,Female,1,58.7,49.48,Month-to-Month,Credit Card,None,No,No,3,4.0,2,3.2,114.0,80.63,2,Single,Desktop,Yes
CUST-00444,40.0,Male,17,108.63,1880.6,Month-to-Month,Mailed Check,Fiber Optic,Yes,Yes,3,4.0,2,12.1,11.0,136.52,4,Married,Mobile,No
CUST-00445,23.0,Male,1,93.69,173.49,Month-to-Month,Credit Card,Fiber Optic,No,Yes,0,2.0,3,1.0,97.0,115.89,7,Divorced,Desktop,No
CUST-00446,51.0,Male,15,116.14,1714.87,Two Year,Credit Card,DSL,No Internet,No,0,4.0,4,10.6,15.0,56.48,0,Married,Desktop,No
CUST-00447,47.0,Male,51,95.48,4819.54,Two Year,Electronic Check,DSL,No Internet,No,1,5.0,4,5.0,14.0,175.74,3,Divorced,Mobile,No
CUST-00448,28.0,Male,10,62.85,566.39,Month-to-Month,Electronic Check,DSL,No,,2,2.0,2,5.8,53.0,60.77,2,Divorced,Mobile,Yes
CUST-00449,34.0,Male,64,71.11,4630.7,Month-to-Month,Mailed Check,Fiber Optic,Yes,No Internet,1,3.0,3,6.6,47.0,122.15,2,Married,Mobile,Yes
CUST-00450,27.0,Female,23,108.05,,One Year,Mailed Check,Fiber Optic,Yes,Yes,3,5.0,4,15.9,19.0,231.13,2,Divorced,Desktop,No
CUST-00451,41.0,Male,65,,4754.02,Two Year,Mailed Check,Fiber Optic,No,Yes,7,2.0,2,21.3,17.0,200.82,3,Married,Mobile,No
CUST-00452,55.0,Male,33,43.54,1387.96,Two Year,Bank Transfer,DSL,No,,0,1.0,2,6.0,103.0,194.87,2,Married,Tablet,Yes
CUST-00453,28.0,Male,2,61.56,50.7,Month-to-Month,Credit Card,None,Yes,No,0,1.0,5,38.9,15.0,150.07,0,Single,Mobile,Yes
CUST-00454,49.0,Female,6,69.63,403.16,Month-to-Month,Electronic Check,DSL,No,No,1,3.0,5,20.6,59.0,56.62,1,Married,Desktop,Yes
CUST-00455,34.0,Male,12,27.67,285.15,One Year,Credit Card,DSL,No Internet,Yes,0,3.0,1,7.8,41.0,133.6,2,Married,Mobile,No
CUST-00456,30.0,Male,4,92.38,334.94,Two Year,Credit Card,None,No,No Internet,1,3.0,3,1.5,3.0,140.93,3,Married,Mobile,No
CUST-00457,40.0,Female,16,28.94,563.35,Month-to-Month,Credit Card,DSL,No,Yes,0,3.0,1,12.3,5.0,60.87,2,Married,Mobile,Yes
CUST-00458,27.0,Female,15,58.49,898.59,One Year,Credit Card,Fiber Optic,Yes,Yes,0,5.0,1,14.3,1.0,180.46,0,Divorced,Mobile,No
CUST-00459,34.0,Female,72,98.46,,Month-to-Month,Bank Transfer,DSL,No,Yes,4,4.0,2,2.2,1.0,153.94,0,Divorced,Tablet,No
CUST-00460,25.0,Female,13,64.76,883.11,Month-to-Month,Bank Transfer,DSL,No,No,1,3.0,2,,27.0,98.14,2,Married,Desktop,No
CUST-00461,69.0,Male,36,102.2,3674.16,Month-to-Month,Bank Transfer,Fiber Optic,No,No Internet,3,3.0,2,7.2,2.0,62.2,2,Single,Mobile,Yes
CUST-00462,42.0,Female,68,52.19,3526.93,Month-to-Month,Electronic Check,DSL,No,Yes,3,5.0,2,2.5,4.0,42.71,2,Divorced,Mobile,Yes
CUST-00463,32.0,Male,50,113.76,5700.45,One Year,Electronic Check,DSL,No,Yes,0,5.0,1,11.0,8.0,264.2,0,Married,Mobile,No
CUST-00464,44.0,Male,5,38.95,203.17,One Year,Mailed Check,Fiber Optic,No,No,2,5.0,2,8.2,24.0,281.74,1,Married,Desktop,Yes
CUST-00465,40.0,Male,16,21.83,320.84,Two Year,Bank Transfer,DSL,Yes,No Internet,1,5.0,4,15.4,7.0,245.68,2,Married,Tablet,No
CUST-00466,38.0,Female,10,105.24,1058.89,Month-to-Month,Credit Card,None,No Internet,Yes,0,4.0,2,2.8,15.0,178.21,4,Married,Desktop,Yes
CUST-00467,50.0,Male,12,93.22,1083.32,Month-to-Month,Credit Card,None,No Internet,No,2,3.0,3,1.0,13.0,288.5,0,Married,Tablet,Yes
CUST-00468,52.0,Female,10,41.2,403.43,Month-to-Month,Electronic Check,Fiber Optic,No,No,2,5.0,3,9.7,15.0,140.19,1,Single,Desktop,Yes
CUST-00469,34.0,Female,42,116.47,4874.98,Month-to-Month,Electronic Check,DSL,Yes,No Internet,2,4.0,3,2.6,79.0,13.42,4,Married,Mobile,No
CUST-00470,33.0,Male,14,68.23,891.78,One Year,Credit Card,Fiber Optic,Yes,No,0,4.0,2,2.6,104.0,112.07,1,Married,Mobile,No
CUST-00471,38.0,Female,17,113.11,1805.31,Month-to-Month,Mailed Check,Fiber Optic,No Internet,Yes,2,4.0,1,17.0,2.0,53.72,1,Single,Desktop,No
CUST-00472,18.0,Female,72,68.5,4885.05,One Year,Bank Transfer,DSL,No Internet,No,1,4.0,4,4.5,3.0,207.46,3,Married,Mobile,No
CUST-00473,20.0,Female,1,65.19,155.4,One Year,Credit Card,DSL,Yes,Yes,0,4.0,2,27.5,1.0,88.79,0,Married,Mobile,No
CUST-00474,61.0,Male,16,62.91,991.08,Month-to-Month,Electronic Check,None,No,No,2,3.0,2,10.8,14.0,140.84,0,Married,Tablet,Yes
CUST-00475,65.0,Female,35,51.49,1840.95,One Year,Bank Transfer,Fiber Optic,No,Yes,3,2.0,3,14.1,57.0,280.32,4,Single,Desktop,Yes
CUST-00476,38.0,Male,3,71.37,107.89,Month-to-Month,Credit Card,Fiber Optic,No,Yes,0,3.0,3,5.8,48.0,297.75,1,Divorced,Mobile,Yes
CUST-00477,50.0,Female,22,63.26,1341.31,Two Year,Bank Transfer,DSL,No,No,1,3.0,4,3.8,13.0,160.49,1,Married,Mobile,No
CUST-00478,46.0,Female,6,21.67,62.3,One Year,Electronic Check,Fiber Optic,No,No Internet,1,5.0,1,2.6,41.0,82.61,3,Married,Tablet,No
CUST-00479,80.0,Male,48,44.04,2103.8,Month-to-Month,Electronic Check,DSL,Yes,No,0,3.0,4,18.4,115.0,131.84,1,Married,Mobile,No
CUST-00480,57.0,Female,9,39.31,474.89,Month-to-Month,Credit Card,None,Yes,Yes,1,5.0,3,17.5,6.0,262.6,2,Married,Mobile,Yes
CUST-00481,40.0,Female,9,104.74,965.67,One Year,Mailed Check,DSL,Yes,No,6,3.0,2,10.2,99.0,71.44,2,Married,Desktop,Yes
CUST-00482,28.0,Female,21,77.89,1720.47,Month-to-Month,Credit Card,None,No Internet,Yes,0,5.0,1,22.8,44.0,18.77,2,Married,Desktop,No
CUST-00483,19.0,Male,4,94.37,364.76,One Year,Credit Card,Fiber Optic,No,No,2,1.0,2,24.3,3.0,245.38,2,Divorced,Desktop,No
CUST-00484,,Male,8,113.68,977.68,Month-to-Month,Bank Transfer,Fiber Optic,No,No,1,3.0,1,8.8,47.0,158.97,2,Married,Mobile,No
CUST-00485,31.0,Female,12,82.4,1092.46,One Year,Mailed Check,None,No,No,2,3.0,5,15.8,3.0,269.08,4,Married,Desktop,No
CUST-00486,22.0,Female,10,116.26,1157.13,Two Year,Bank Transfer,DSL,No Internet,No Internet,1,3.0,3,36.5,0.0,205.6,4,Single,Desktop,No
CUST-00487,32.0,Female,17,49.18,,One Year,Electronic Check,DSL,Yes,No Internet,2,,3,1.3,43.0,10.65,4,Married,Mobile,No
CUST-00488,26.0,Male,21,36.63,703.34,Month-to-Month,Mailed Check,None,Yes,No,1,4.0,4,1.0,67.0,236.19,2,Married,Desktop,Yes
CUST-00489,65.0,Male,20,58.33,1151.15,Month-to-Month,Electronic Check,Fiber Optic,Yes,No Internet,1,3.0,2,9.6,15.0,57.24,2,Single,Desktop,No
CUST-00490,54.0,Female,25,65.08,1631.09,Month-to-Month,Credit Card,Fiber Optic,No Internet,No,1,5.0,1,6.0,0.0,38.03,5,Married,Desktop,No
CUST-00491,41.0,Female,8,107.54,961.87,One Year,Electronic Check,DSL,No,No,5,4.0,2,1.4,27.0,168.72,2,Single,Desktop,No
CUST-00492,62.0,Male,3,73.99,157.22,Month-to-Month,Electronic Check,Fiber Optic,No,No Internet,1,3.0,5,2.4,7.0,132.21,3,Single,Desktop,Yes
CUST-00493,43.0,Female,34,47.22,1608.46,Month-to-Month,Credit Card,DSL,Yes,No Internet,4,,4,4.5,23.0,90.52,2,Single,Desktop,No
CUST-00494,29.0,Female,45,92.26,4060.98,Two Year,Bank Transfer,Fiber Optic,No,No Internet,1,1.0,5,1.6,11.0,176.59,1,Single,Mobile,No
CUST-00495,63.0,Male,7,68.58,458.72,Month-to-Month,Electronic Check,DSL,Yes,Yes,0,4.0,1,5.8,29.0,222.97,6,Married,Tablet,Yes
CUST-00496,49.0,Male,12,34.21,426.09,One Year,Credit Card,Fiber Optic,No,Yes,0,4.0,1,2.1,9.0,148.01,2,Married,Desktop,No
CUST-00497,27.0,Male,16,75.68,1236.51,One Year,Credit Card,DSL,Yes,No Internet,0,2.0,1,14.7,4.0,236.43,2,Married,Desktop,No
CUST-00498,39.0,Female,18,109.14,1993.97,One Year,Electronic Check,Fiber Optic,No,No,1,4.0,4,17.9,41.0,125.58,2,Single,Desktop,No
CUST-00499,29.0,Male,25,102.26,2576.37,Month-to-Month,Mailed Check,DSL,,No,2,3.0,1,22.4,23.0,149.65,3,Married,Mobile,Yes
CUST-00500,22.0,Male,1,76.68,105.7,Month-to-Month,Credit Card,Fiber Optic,No Internet,No,1,3.0,2,30.6,11.0,163.32,1,Single,Mobile,Yes
CUST-00501,54.0,Female,30,55.71,1673.59,Two Year,Bank Transfer,Fiber Optic,Yes,No,2,4.0,2,1.0,29.0,94.64,2,Single,Mobile,No
CUST-00502,68.0,Male,1,26.7,0.0,Month-to-Month,Electronic Check,DSL,,Yes,2,3.0,5,2.9,10.0,109.04,2,Married,Tablet,No
CUST-00503,22.0,Male,15,64.96,881.82,One Year,Electronic Check,None,No Internet,No,3,3.0,3,25.3,13.0,153.46,2,Married,Mobile,Yes
CUST-00504,49.0,Male,42,93.21,3887.49,One Year,Mailed Check,Fiber Optic,Yes,No Internet,1,3.0,3,1.0,14.0,265.01,1,Married,Desktop,No
CUST-00505,32.0,Female,14,54.03,749.69,Month-to-Month,Electronic Check,Fiber Optic,No,No,0,4.0,3,16.4,7.0,165.1,0,Married,Mobile,Yes
CUST-00506,35.0,Female,3,41.54,187.32,One Year,Electronic Check,DSL,No,No,1,1.0,3,3.0,17.0,32.6,2,Married,Tablet,No
CUST-00507,33.0,Male,72,111.14,7997.05,One Year,Mailed Check,Fiber Optic,Yes,No,2,5.0,2,10.6,50.0,219.29,3,Married,Mobile,No
CUST-00508,29.0,Female,52,100.16,5198.49,One Year,Credit Card,DSL,Yes,Yes,2,4.0,1,49.2,106.0,154.9,1,Married,Mobile,No
CUST-00509,42.0,Female,35,81.83,2883.33,One Year,Credit Card,None,Yes,Yes,1,4.0,2,15.7,7.0,119.84,4,Married,Mobile,No
CUST-00510,30.0,Male,12,31.68,366.66,Two Year,Electronic Check,DSL,No,No,1,3.0,2,6.9,83.0,207.41,5,Single,Mobile,No
CUST-00511,45.0,Male,4,32.49,170.49,Month-to-Month,Bank Transfer,DSL,Yes,Yes,2,2.0,3,17.5,9.0,50.04,1,Married,Mobile,Yes
CUST-00512,41.0,Male,68,28.32,2024.73,Two Year,Credit Card,DSL,Yes,No,1,4.0,2,1.0,19.0,235.6,0,Married,Mobile,No
CUST-00513,38.0,Male,18,79.63,1542.88,Month-to-Month,Bank Transfer,None,No,No Internet,3,2.0,3,,3.0,214.91,1,Married,Mobile,No
CUST-00514,29.0,Female,45,29.56,1335.05,One Year,Electronic Check,Fiber Optic,No,No,2,2.0,3,6.3,28.0,55.61,1,Single,Desktop,No
CUST-00515,33.0,Female,10,102.26,1039.44,Month-to-Month,Mailed Check,DSL,Yes,No Internet,2,3.0,2,58.8,21.0,253.92,1,Divorced,Tablet,No
CUST-00516,52.0,Male,9,117.3,1134.64,Month-to-Month,Credit Card,None,No,No,0,3.0,2,16.9,34.0,57.83,4,Married,Desktop,Yes
CUST-00517,49.0,Male,72,54.63,3925.86,Month-to-Month,Bank Transfer,DSL,No Internet,No,2,2.0,2,5.1,27.0,203.23,7,Divorced,Tablet,No
CUST-00518,28.0,Male,17,63.37,1111.25,Month-to-Month,Credit Card,Fiber Optic,Yes,No,0,5.0,1,14.3,119.0,110.37,1,Married,Mobile,No
CUST-00519,43.0,Female,3,89.17,210.75,Month-to-Month,Electronic Check,Fiber Optic,,Yes,1,1.0,1,7.2,44.0,226.7,1,Single,Mobile,No
CUST-00520,,Male,5,111.72,543.06,One Year,Bank Transfer,None,Yes,No Internet,0,4.0,1,15.4,100.0,17.4,3,Divorced,Mobile,No
CUST-00521,18.0,Female,15,107.41,1668.96,Month-to-Month,Mailed Check,Fiber Optic,Yes,Yes,3,3.0,3,23.5,22.0,74.95,1,Single,Desktop,No
CUST-00522,49.0,Male,1,23.76,0.0,One Year,Credit Card,Fiber Optic,No,Yes,1,5.0,2,9.5,9.0,141.15,0,Single,Desktop,No
CUST-00523,32.0,Female,14,34.91,482.34,Month-to-Month,Bank Transfer,Fiber Optic,No Internet,No Internet,4,4.0,2,3.8,22.0,214.4,2,Married,Mobile,Yes
CUST-00524,49.0,Female,13,93.46,1136.27,Month-to-Month,Credit Card,Fiber Optic,No,No Internet,1,2.0,3,59.8,18.0,184.63,4,Single,Desktop,Yes
CUST-00525,31.0,Male,36,86.89,3228.33,Month-to-Month,Bank Transfer,DSL,No,No Internet,1,4.0,5,8.0,16.0,286.21,3,Single,Mobile,Yes
CUST-00526,18.0,Female,10,31.32,376.35,Month-to-Month,Mailed Check,Fiber Optic,No,Yes,2,3.0,4,2.9,15.0,167.71,3,Single,Mobile,No
CUST-00527,19.0,Female,72,68.21,4920.52,Month-to-Month,Mailed Check,Fiber Optic,Yes,Yes,1,5.0,1,20.2,50.0,90.54,2,Single,Desktop,No
CUST-00528,42.0,Male,4,96.08,409.7,Two Year,Bank Transfer,Fiber Optic,Yes,No,3,5.0,2,16.0,40.0,130.1,2,Divorced,Mobile,No
CUST-00529,45.0,Female,21,39.88,857.27,Month-to-Month,Electronic Check,DSL,No,No,3,2.0,1,25.4,30.0,22.63,0,Married,Desktop,Yes
CUST-00530,29.0,Male,2,105.13,279.48,One Year,Credit Card,DSL,No,Yes,1,3.0,1,1.0,31.0,35.09,3,Divorced,Mobile,No
CUST-00531,,Female,31,23.3,696.36,Month-to-Month,Credit Card,Fiber Optic,Yes,Yes,3,4.0,1,6.4,14.0,155.27,2,Single,Mobile,Yes
CUST-00532,18.0,Male,72,96.22,6964.45,Two Year,Mailed Check,Fiber Optic,Yes,No,1,4.0,2,5.7,17.0,292.71,2,Married,Mobile,No
CUST-00533,41.0,Female,41,79.58,3316.65,Month-to-Month,Credit Card,None,No,No,2,3.0,1,38.6,4.0,73.36,1,Married,Desktop,No
CUST-00534,25.0,Female,19,49.52,1001.65,Two Year,Credit Card,Fiber Optic,No,Yes,1,3.0,2,6.5,25.0,233.16,6,Single,Desktop,No
CUST-00535,32.0,Female,15,90.09,1238.38,Month-to-Month,Bank Transfer,Fiber Optic,No,No Internet,3,5.0,4,11.2,4.0,109.98,2,Single,Desktop,Yes
CUST-00536,42.0,Female,43,96.24,4108.36,Month-to-Month,Bank Transfer,DSL,No,Yes,1,1.0,3,1.0,74.0,9.54,5,Married,Mobile,Yes
CUST-00537,29.0,Female,65,111.39,7189.39,One Year,Credit Card,DSL,,No Internet,1,3.0,2,24.8,16.0,49.16,1,Married,Desktop,No
CUST-00538,36.0,Male,72,54.78,3951.64,One Year,Electronic Check,Fiber Optic,Yes,No Internet,0,2.0,3,1.8,1.0,186.48,3,Single,Mobile,No
CUST-00539,56.0,Female,12,86.6,938.4,Month-to-Month,Bank Transfer,DSL,No Internet,No,1,3.0,2,32.1,0.0,68.71,1,Single,Desktop,Yes
CUST-00540,33.0,Female,72,78.26,5532.44,Month-to-Month,Bank Transfer,None,Yes,No,0,4.0,2,19.9,33.0,255.43,0,Divorced,Tablet,No
CUST-00541,53.0,Female,4,70.52,390.58,One Year,Credit Card,None,Yes,Yes,3,4.0,3,12.2,28.0,110.08,2,Divorced,Desktop,No
CUST-00542,26.0,Female,7,107.04,780.16,Month-to-Month,Bank Transfer,Fiber Optic,No Internet,No Internet,2,4.0,2,20.7,44.0,67.68,2,Married,Desktop,No
CUST-00543,49.0,Female,2,18.32,42.69,Month-to-Month,Electronic Check,Fiber Optic,Yes,Yes,1,4.0,2,23.6,41.0,233.67,1,Married,Mobile,Yes
CUST-00544,62.0,Female,7,46.21,341.65,One Year,Mailed Check,Fiber Optic,No,No,4,5.0,1,20.9,0.0,47.66,0,Single,Desktop,No
CUST-00545,18.0,Male,35,71.83,2521.37,One Year,Mailed Check,Fiber Optic,No Internet,No,4,2.0,2,16.2,5.0,285.83,0,Single,Desktop,No
CUST-00546,30.0,Male,46,35.83,1698.05,Month-to-Month,Bank Transfer,Fiber Optic,No,Yes,1,2.0,3,31.9,,71.34,3,Married,Mobile,Yes
CUST-00547,50.0,Male,36,108.79,,One Year,Mailed Check,DSL,No,No Internet,2,3.0,4,8.2,1.0,244.58,1,Divorced,Mobile,No
CUST-00548,39.0,Male,23,82.76,1912.81,Month-to-Month,Credit Card,None,No,No Internet,1,,1,12.5,5.0,155.05,4,Married,Mobile,Yes
CUST-00549,47.0,Female,17,65.79,1129.8,Month-to-Month,Credit Card,Fiber Optic,No Internet,Yes,3,4.0,2,52.3,26.0,221.74,3,Married,Mobile,No
CUST-00550,33.0,Male,29,99.47,2832.29,Month-to-Month,Electronic Check,DSL,No,No,1,2.0,2,7.0,18.0,41.38,2,Single,Desktop,Yes
CUST-00551,43.0,Male,11,63.09,757.84,Two Year,Credit Card,DSL,No,No,3,2.0,4,20.8,59.0,62.5,3,Single,Mobile,No
CUST-00552,39.0,Female,44,73.87,3228.0,Month-to-Month,Credit Card,Fiber Optic,No Internet,No Internet,3,5.0,2,7.5,7.0,59.47,4,Divorced,Mobile,No
CUST-00553,58.0,Male,27,18.28,544.43,Month-to-Month,Mailed Check,DSL,No Internet,Yes,3,3.0,1,9.5,22.0,40.29,0,Single,Tablet,No
CUST-00554,45.0,Male,28,54.57,,One Year,Electronic Check,DSL,No,No Internet,2,3.0,1,6.1,59.0,79.5,2,Single,Mobile,No
CUST-00555,46.0,Male,18,31.88,655.52,Month-to-Month,Credit Card,DSL,Yes,Yes,3,4.0,1,2.5,1.0,251.96,1,Married,Mobile,No
CUST-00556,36.0,Male,51,86.97,4383.4,One Year,Electronic Check,None,No,Yes,0,5.0,4,53.7,61.0,224.28,3,Married,Desktop,No
CUST-00557,35.0,Female,6,65.9,341.16,Two Year,Electronic Check,DSL,Yes,No,0,3.0,3,8.9,12.0,91.92,2,Married,Desktop,No
CUST-00558,35.0,Female,11,48.18,484.7,Two Year,Mailed Check,Fiber Optic,No,Yes,1,4.0,2,4.9,58.0,109.69,1,Single,Mobile,No
CUST-00559,47.0,Female,36,64.78,2338.74,Month-to-Month,Bank Transfer,DSL,No,No Internet,0,3.0,4,15.6,34.0,220.38,4,Single,Mobile,No
CUST-00560,36.0,Male,16,38.96,700.43,One Year,Electronic Check,Fiber Optic,No,Yes,4,4.0,2,1.8,33.0,247.12,1,Married,Desktop,No
CUST-00561,46.0,Female,52,110.51,5826.17,Two Year,Electronic Check,Fiber Optic,No,No Internet,1,,5,11.8,1.0,127.2,2,Single,Tablet,No
CUST-00562,71.0,Male,10,23.4,118.5,Month-to-Month,Electronic Check,None,No Internet,No Internet,0,5.0,3,12.8,85.0,222.2,3,Married,Mobile,No
CUST-00563,54.0,Male,11,104.54,1162.43,Month-to-Month,Electronic Check,Fiber Optic,Yes,No Internet,0,3.0,1,3.3,16.0,170.73,3,Married,Mobile,No
CUST-00564,37.0,Male,52,69.14,3434.63,Month-to-Month,Bank Transfer,Fiber Optic,Yes,No,2,4.0,2,48.1,3.0,297.65,2,Single,Mobile,No
CUST-00565,58.0,Male,14,79.89,1158.21,Month-to-Month,Bank Transfer,Fiber Optic,No,,1,4.0,4,13.5,43.0,207.16,2,Single,Desktop,Yes
CUST-00566,,Male,17,48.26,876.33,Two Year,Mailed Check,Fiber Optic,No,No,0,5.0,2,3.8,60.0,221.38,1,Married,Tablet,No
CUST-00567,18.0,Male,9,114.67,1030.02,One Year,Bank Transfer,DSL,No,No Internet,3,4.0,5,26.9,79.0,252.86,1,Married,Desktop,Yes
CUST-00568,27.0,Female,7,46.19,327.53,Month-to-Month,Credit Card,Fiber Optic,No Internet,Yes,0,3.0,4,5.5,21.0,42.78,0,Married,Desktop,No
CUST-00569,18.0,Male,25,76.89,1925.93,Two Year,Electronic Check,DSL,No,No,2,1.0,3,19.6,15.0,110.24,3,Single,Mobile,No
CUST-00570,37.0,Male,3,117.34,312.8,Month-to-Month,Credit Card,None,No,No Internet,2,5.0,1,14.8,26.0,147.45,5,Married,Mobile,Yes
CUST-00571,42.0,Male,50,106.11,5327.09,Two Year,Bank Transfer,Fiber Optic,Yes,No,1,5.0,1,2.6,10.0,45.82,0,Married,Mobile,No
CUST-00572,65.0,Female,36,71.63,2567.11,Month-to-Month,Credit Card,Fiber Optic,No,No,0,3.0,3,1.5,14.0,108.57,1,Married,Mobile,No
CUST-00573,46.0,Male,5,117.04,631.71,Month-to-Month,Electronic Check,Fiber Optic,No,No,2,2.0,3,14.0,23.0,205.7,3,Single,Mobile,Yes
CUST-00574,38.0,Female,28,88.14,2462.24,Month-to-Month,Mailed Check,Fiber Optic,No,No Internet,1,4.0,1,16.6,52.0,75.15,1,Married,Mobile,Yes
CUST-00575,53.0,Female,22,38.87,812.09,One Year,Electronic Check,Fiber Optic,No Internet,No,0,2.0,4,2.1,57.0,144.43,0,Married,Mobile,No
CUST-00576,18.0,Male,4,58.56,157.45,Month-to-Month,Credit Card,Fiber Optic,No,No Internet,3,1.0,4,2.8,4.0,40.95,1,Single,Mobile,Yes
CUST-00577,45.0,Male,7,51.45,266.95,Month-to-Month,Mailed Check,DSL,No Internet,No,1,,2,1.0,4.0,34.23,2,Single,Tablet,No
CUST-00578,52.0,Male,12,52.4,694.43,Two Year,Bank Transfer,DSL,No,No Internet,1,4.0,3,2.2,6.0,,2,Married,Mobile,Yes
CUST-00579,21.0,Female,28,94.05,2610.51,Two Year,Bank Transfer,DSL,No,Yes,0,5.0,2,13.3,27.0,218.08,1,Married,Mobile,No
CUST-00580,58.0,Male,24,76.43,1851.25,One Year,Bank Transfer,DSL,No,Yes,3,2.0,1,3.4,6.0,157.84,0,Married,Mobile,No
CUST-00581,46.0,Male,18,21.81,481.74,Two Year,Mailed Check,None,No,No Internet,2,5.0,1,5.1,28.0,188.5,2,Single,Desktop,No
CUST-00582,36.0,Male,35,105.74,3672.76,Two Year,Credit Card,Fiber Optic,Yes,No,1,4.0,3,12.2,38.0,120.91,2,Single,Desktop,No
CUST-00583,50.0,Female,34,47.68,1589.75,One Year,Electronic Check,DSL,Yes,No,1,5.0,2,8.0,58.0,175.86,4,Single,Mobile,No
CUST-00584,73.0,Male,23,117.71,2700.72,One Year,Bank Transfer,DSL,Yes,No,1,2.0,3,28.0,60.0,145.22,1,Married,Tablet,No
CUST-00585,44.0,Male,37,113.42,4198.01,Two Year,Credit Card,Fiber Optic,No Internet,No,2,3.0,3,12.7,7.0,119.2,2,Married,Mobile,No
CUST-00586,45.0,Female,9,112.05,1102.83,One Year,Mailed Check,Fiber Optic,No,Yes,1,3.0,2,2.1,11.0,7.23,1,Divorced,Tablet,No
CUST-00587,35.0,Female,51,99.11,5132.9,Month-to-Month,Electronic Check,Fiber Optic,No,Yes,2,3.0,1,7.3,6.0,253.62,3,Divorced,Mobile,No
CUST-00588,30.0,Female,22,40.06,912.36,Month-to-Month,Electronic Check,Fiber Optic,No,No,0,5.0,3,4.5,34.0,285.69,3,Single,Mobile,No
CUST-00589,53.0,Male,41,71.26,2994.13,Month-to-Month,Credit Card,None,No,Yes,2,5.0,2,4.5,34.0,158.97,2,Married,Desktop,No
CUST-00590,30.0,Female,18,40.43,718.83,Two Year,Electronic Check,DSL,No,No,0,4.0,1,4.4,0.0,134.07,1,Married,Desktop,No
CUST-00591,43.0,Female,5,43.97,234.81,One Year,Electronic Check,Fiber Optic,No,No Internet,1,3.0,1,8.1,5.0,229.36,1,Married,Mobile,No
CUST-00592,35.0,Male,18,79.1,1408.72,Two Year,Bank Transfer,None,No Internet,No,1,3.0,1,2.1,12.0,3.85,1,Single,Desktop,No
CUST-00593,48.0,Female,11,,178.36,One Year,Electronic Check,DSL,No Internet,No,0,3.0,1,4.4,6.0,41.54,2,Divorced,Mobile,No
CUST-00594,46.0,Male,28,114.95,3278.79,Month-to-Month,Mailed Check,Fiber Optic,No,No,2,4.0,1,18.1,24.0,83.26,0,Married,Mobile,No
CUST-00595,56.0,Female,15,109.87,1674.63,One Year,Electronic Check,DSL,No Internet,Yes,1,3.0,1,26.4,1.0,25.2,2,Single,Tablet,No
CUST-00596,34.0,Male,43,56.08,2412.34,Month-to-Month,Bank Transfer,Fiber Optic,Yes,No Internet,3,5.0,1,1.0,52.0,13.77,2,Single,Desktop,Yes
CUST-00597,38.0,Female,27,69.54,1877.46,Month-to-Month,Electronic Check,DSL,Yes,No,0,3.0,3,1.3,18.0,281.63,3,Married,Mobile,No
CUST-00598,28.0,Male,27,64.61,1669.16,Two Year,Electronic Check,None,No,No,2,2.0,1,29.0,27.0,55.4,1,Single,Mobile,No
CUST-00599,35.0,Female,5,106.22,482.23,One Year,Credit Card,None,No Internet,No,1,5.0,3,3.6,26.0,177.87,4,Married,Mobile,No
CUST-00600,47.0,Male,72,86.86,6270.73,Two Year,Electronic Check,None,No,No,0,4.0,4,5.6,17.0,161.62,1,Married,Mobile,No
CUST-00601,52.0,Female,44,45.81,1989.18,Month-to-Month,Mailed Check,Fiber Optic,No,No,1,4.0,2,6.2,25.0,85.85,4,Single,Desktop,Yes
CUST-00602,29.0,Female,37,62.68,2308.27,One Year,Mailed Check,None,Yes,Yes,1,5.0,3,,2.0,194.26,3,Married,Mobile,No
CUST-00603,54.0,Male,9,60.9,542.87,Month-to-Month,Electronic Check,Fiber Optic,No Internet,No,0,5.0,1,2.7,14.0,97.64,1,Single,Mobile,No
CUST-00604,60.0,Female,18,,2016.62,One Year,Credit Card,Fiber Optic,No,No,3,5.0,2,25.1,37.0,137.28,2,Single,Mobile,No
CUST-00605,47.0,Female,3,35.53,58.19,Month-to-Month,Mailed Check,DSL,No,No,1,5.0,3,9.5,13.0,114.23,4,Single,Tablet,Yes
CUST-00606,68.0,Male,18,26.96,404.66,One Year,Electronic Check,Fiber Optic,No Internet,No,2,3.0,5,22.9,8.0,273.21,1,Single,Mobile,Yes
CUST-00607,31.0,Male,3,106.06,310.85,Month-to-Month,Credit Card,Fiber Optic,Yes,Yes,1,3.0,3,17.5,24.0,279.14,0,Married,Mobile,No
CUST-00608,,Female,19,107.67,2076.66,Month-to-Month,Electronic Check,DSL,No,Yes,2,4.0,2,19.8,19.0,112.21,4,Divorced,Tablet,Yes
CUST-00609,18.0,Male,25,105.17,2547.07,One Year,Mailed Check,Fiber Optic,Yes,No,1,3.0,2,1.8,22.0,74.09,2,Married,Desktop,No
CUST-00610,62.0,Male,11,69.1,758.9,One Year,Credit Card,None,No,No,1,4.0,2,5.5,95.0,220.96,1,Married,Tablet,No
CUST-00611,,Male,16,83.97,1357.58,One Year,Mailed Check,DSL,Yes,Yes,2,5.0,3,3.9,4.0,94.53,0,Divorced,Desktop,No
CUST-00612,41.0,Male,50,74.34,3667.52,One Year,Mailed Check,DSL,No,No,1,3.0,2,2.0,28.0,144.27,3,Single,Desktop,No
CUST-00613,45.0,Male,2,24.94,120.99,Two Year,Credit Card,None,No Internet,No,2,4.0,2,15.3,0.0,163.13,2,Married,Desktop,No
CUST-00614,26.0,Male,37,77.58,2851.17,Two Year,Mailed Check,DSL,No,No,0,4.0,3,17.8,31.0,,4,Single,Desktop,No
CUST-00615,76.0,Female,4,19.36,72.38,Month-to-Month,Mailed Check,None,No,,1,3.0,1,2.3,6.0,114.9,3,Single,Mobile,No
CUST-00616,43.0,Female,1,50.5,42.44,Month-to-Month,Credit Card,Fiber Optic,No,No Internet,0,3.0,3,21.9,49.0,122.96,3,Married,Mobile,Yes
CUST-00617,43.0,Male,4,111.23,356.38,One Year,Credit Card,Fiber Optic,No,No,0,4.0,3,5.1,9.0,20.46,0,Single,Desktop,No
CUST-00618,52.0,Female,34,48.4,1696.04,Month-to-Month,Bank Transfer,DSL,No Internet,No,0,5.0,4,7.1,15.0,198.88,4,Single,Tablet,Yes
CUST-00619,48.0,Female,12,111.98,1295.98,Month-to-Month,Bank Transfer,DSL,No,Yes,3,4.0,1,75.0,21.0,57.31,1,Married,Mobile,Yes
CUST-00620,45.0,Female,49,43.01,2095.66,Month-to-Month,Electronic Check,Fiber Optic,No,No Internet,1,3.0,1,3.2,28.0,184.07,0,Married,Tablet,No
CUST-00621,30.0,Male,17,49.46,870.7,Month-to-Month,Bank Transfer,Fiber Optic,,No Internet,0,4.0,5,1.9,10.0,72.6,4,Married,Mobile,Yes
CUST-00622,48.0,Male,1,80.84,153.89,One Year,Mailed Check,Fiber Optic,Yes,No,2,5.0,1,4.7,5.0,283.35,4,Single,Mobile,No
CUST-00623,68.0,Female,30,94.16,2770.8,Month-to-Month,Mailed Check,Fiber Optic,No,Yes,1,2.0,2,40.3,30.0,24.18,3,Single,Tablet,No
CUST-00624,60.0,Female,2,68.14,113.96,Month-to-Month,Bank Transfer,Fiber Optic,No,No,1,4.0,1,1.9,17.0,278.93,2,Married,Tablet,No
CUST-00625,64.0,Female,37,106.21,3998.89,Two Year,Bank Transfer,Fiber Optic,No,Yes,1,4.0,4,14.4,,165.22,3,Married,Desktop,No
CUST-00626,34.0,Female,4,22.02,111.27,Two Year,Electronic Check,None,No,Yes,1,4.0,1,23.6,,281.14,1,Single,Mobile,No
CUST-00627,28.0,Male,10,110.22,1135.76,Two Year,Electronic Check,Fiber Optic,No,No,1,1.0,1,38.3,18.0,,4,Married,Tablet,Yes
CUST-00628,40.0,Female,34,37.63,1226.86,Month-to-Month,Bank Transfer,None,No Internet,No Internet,2,5.0,2,9.8,21.0,13.51,2,Single,Mobile,Yes
CUST-00629,42.0,Male,72,106.42,7643.28,Month-to-Month,Credit Card,DSL,No Internet,Yes,2,2.0,1,9.2,3.0,59.36,5,Single,Mobile,Yes
CUST-00630,57.0,Male,11,58.09,630.6,Month-to-Month,Credit Card,Fiber Optic,,Yes,3,3.0,3,26.4,19.0,105.42,3,Divorced,Mobile,Yes
CUST-00631,18.0,Female,42,101.28,4210.87,Month-to-Month,Credit Card,Fiber Optic,No,Yes,1,3.0,3,3.3,41.0,281.28,1,Divorced,Mobile,No
CUST-00632,63.0,Male,5,85.17,342.12,Month-to-Month,Mailed Check,None,No,No Internet,3,4.0,3,9.3,4.0,227.79,3,Married,Desktop,No
CUST-00633,39.0,Male,39,35.59,1362.49,Two Year,Credit Card,Fiber Optic,No,No,1,4.0,4,15.2,29.0,180.49,4,Married,Desktop,No
CUST-00634,36.0,Female,25,109.8,2812.71,Two Year,Credit Card,DSL,No Internet,No,2,1.0,3,18.1,5.0,131.89,1,Married,Desktop,No
CUST-00635,27.0,Male,5,42.55,215.71,Two Year,Electronic Check,Fiber Optic,Yes,No,3,2.0,1,1.8,11.0,134.06,3,Divorced,Mobile,Yes
CUST-00636,18.0,Female,8,42.41,407.99,One Year,Credit Card,DSL,No,No,1,3.0,1,30.3,13.0,195.78,2,Married,Desktop,No
CUST-00637,53.0,Female,3,99.42,307.21,One Year,Credit Card,DSL,Yes,No,0,4.0,3,25.6,43.0,216.09,1,Divorced,Mobile,No
CUST-00638,43.0,Female,11,28.59,276.25,One Year,Electronic Check,Fiber Optic,No,Yes,3,5.0,3,5.7,7.0,143.22,2,Single,Mobile,No
CUST-00639,23.0,Male,5,40.2,264.88,Two Year,Electronic Check,None,Yes,No,1,3.0,4,9.7,9.0,239.47,3,Single,Desktop,No
CUST-00640,23.0,Male,24,68.37,1651.5,One Year,Credit Card,DSL,No Internet,No,3,3.0,1,7.3,61.0,157.33,1,Divorced,Mobile,No
CUST-00641,37.0,Male,72,101.05,7323.69,Month-to-Month,Bank Transfer,DSL,No,Yes,3,3.0,1,59.5,40.0,154.45,2,Married,Desktop,Yes
CUST-00642,65.0,Male,1,32.75,0.0,Month-to-Month,Bank Transfer,None,No Internet,No,2,,3,13.2,21.0,194.53,2,Married,Desktop,No
CUST-00643,38.0,Male,18,72.77,1361.8,One Year,Bank Transfer,DSL,No Internet,Yes,2,4.0,1,4.7,11.0,238.26,7,Single,Tablet,No
CUST-00644,20.0,Female,20,89.12,1835.84,Month-to-Month,Electronic Check,None,No,No,2,3.0,2,20.6,47.0,179.11,2,Single,Tablet,Yes
CUST-00645,,Male,58,104.06,6049.97,Two Year,Credit Card,DSL,No,Yes,2,3.0,4,25.9,24.0,276.85,0,Married,Desktop,No
CUST-00646,38.0,Female,16,111.56,1744.61,One Year,Bank Transfer,Fiber Optic,Yes,No,2,5.0,2,19.4,12.0,262.98,2,Single,Desktop,No
CUST-00647,18.0,Male,18,96.46,1733.98,One Year,Electronic Check,DSL,No Internet,No,1,4.0,1,1.3,11.0,230.97,2,Married,Desktop,No
CUST-00648,41.0,Female,15,83.28,1279.76,Month-to-Month,Mailed Check,None,No,No,1,5.0,3,5.1,18.0,138.67,1,Married,Tablet,No
CUST-00649,38.0,Female,7,61.36,441.25,Month-to-Month,Mailed Check,None,Yes,No,2,3.0,1,6.8,89.0,183.84,1,Married,Desktop,Yes
CUST-00650,51.0,Male,1,29.21,59.26,Month-to-Month,Bank Transfer,None,No,No,1,1.0,1,3.7,30.0,151.99,4,Married,Mobile,No
CUST-00651,67.0,Male,12,88.97,1118.25,One Year,Bank Transfer,DSL,Yes,No,2,4.0,1,9.8,34.0,1.86,0,Single,Desktop,No
CUST-00652,57.0,Female,1,117.27,84.85,Month-to-Month,Bank Transfer,None,No,Yes,0,4.0,3,5.8,14.0,198.87,2,Married,Mobile,Yes
CUST-00653,38.0,Female,19,91.68,1684.17,Two Year,Mailed Check,None,Yes,No Internet,0,5.0,3,1.0,112.0,274.68,0,Single,Mobile,No
CUST-00654,26.0,Female,8,19.67,155.48,One Year,Electronic Check,Fiber Optic,No,,3,1.0,1,15.8,15.0,155.67,3,Single,Mobile,No
CUST-00655,78.0,Male,18,67.63,1200.85,One Year,Bank Transfer,Fiber Optic,No,No,2,5.0,1,8.6,0.0,51.15,0,Married,Mobile,No
CUST-00656,42.0,Male,3,79.46,277.67,Two Year,Credit Card,None,No,No Internet,0,3.0,2,1.0,48.0,137.84,1,Married,Mobile,No
CUST-00657,42.0,Female,64,86.97,5512.36,Two Year,Bank Transfer,Fiber Optic,No Internet,No,2,,3,40.5,21.0,0.91,0,Single,Desktop,No
CUST-00658,41.0,Female,53,89.97,4819.43,Month-to-Month,Credit Card,DSL,No,Yes,0,2.0,5,15.8,4.0,221.97,4,Divorced,Desktop,No
CUST-00659,44.0,Male,5,73.81,436.73,Two Year,Mailed Check,None,No,Yes,0,5.0,1,1.2,0.0,200.55,2,Single,Mobile,No
CUST-00660,39.0,Female,10,40.34,403.42,Month-to-Month,Credit Card,Fiber Optic,No Internet,No,1,3.0,3,33.0,145.0,195.5,1,Married,Mobile,No
CUST-00661,33.0,Male,22,112.22,2471.88,Month-to-Month,Credit Card,None,No Internet,No,0,4.0,1,8.2,31.0,130.19,3,Single,Mobile,No
CUST-00662,34.0,Male,2,87.67,136.96,Month-to-Month,Mailed Check,Fiber Optic,No,No,1,3.0,1,4.1,18.0,117.61,1,Single,Mobile,Yes
CUST-00663,41.0,Male,10,41.68,,One Year,Credit Card,DSL,Yes,No,0,3.0,2,1.0,12.0,81.8,2,Divorced,Mobile,No
CUST-00664,34.0,Male,6,50.23,280.96,Month-to-Month,Credit Card,Fiber Optic,No,No Internet,3,4.0,3,20.5,2.0,274.84,1,Married,Desktop,No
CUST-00665,32.0,Female,59,110.19,6573.36,One Year,Bank Transfer,Fiber Optic,No Internet,No,0,3.0,3,52.3,31.0,110.63,5,Single,Desktop,No
CUST-00666,43.0,Male,45,106.75,4800.16,One Year,Electronic Check,DSL,No,No,2,4.0,1,3.1,13.0,166.41,1,Single,Mobile,No
CUST-00667,38.0,Male,20,58.51,1104.09,One Year,Bank Transfer,Fiber Optic,No,Yes,1,3.0,5,8.1,137.0,137.19,1,Single,Mobile,No
CUST-00668,63.0,Female,17,21.83,383.88,Month-to-Month,Bank Transfer,DSL,No Internet,No,3,1.0,1,4.1,3.0,198.24,1,Divorced,Mobile,No
CUST-00669,18.0,Female,64,22.85,1503.71,Two Year,Credit Card,Fiber Optic,Yes,Yes,4,4.0,1,12.7,8.0,294.52,1,Married,Desktop,No
CUST-00670,57.0,Female,64,46.39,2967.69,One Year,Electronic Check,None,Yes,No,4,5.0,2,30.8,15.0,173.98,1,Married,Tablet,No
CUST-00671,59.0,Female,72,80.91,5898.98,Month-to-Month,Bank Transfer,Fiber Optic,,No Internet,2,2.0,5,2.1,47.0,122.21,2,Married,Mobile,Yes
CUST-00672,18.0,Male,3,76.42,268.14,Two Year,Electronic Check,Fiber Optic,Yes,No Internet,1,4.0,5,5.3,45.0,181.89,3,Married,Mobile,Yes
CUST-00673,37.0,Female,4,81.38,273.06,Month-to-Month,Bank Transfer,Fiber Optic,No,No,1,1.0,1,2.7,8.0,10.21,4,Single,Mobile,Yes
CUST-00674,36.0,Female,27,89.73,2395.14,One Year,Bank Transfer,Fiber Optic,No Internet,Yes,2,5.0,1,3.9,13.0,271.36,3,Single,Desktop,No
CUST-00675,22.0,Female,18,19.9,369.51,One Year,Electronic Check,Fiber Optic,No,Yes,5,5.0,2,2.1,1.0,50.48,2,Single,Mobile,No
CUST-00676,31.0,Male,1,28.51,0.0,Month-to-Month,Credit Card,Fiber Optic,No,No,1,3.0,3,15.1,14.0,162.07,0,Married,Desktop,No
CUST-00677,26.0,Male,1,53.95,70.77,Month-to-Month,Credit Card,None,No,Yes,2,3.0,3,1.0,5.0,113.9,1,Married,Mobile,No
CUST-00678,66.0,Female,52,33.49,1653.4,Two Year,Electronic Check,Fiber Optic,No,Yes,1,5.0,2,19.6,75.0,255.21,2,Single,Mobile,Yes
CUST-00679,55.0,Male,48,25.53,1276.61,Month-to-Month,Credit Card,None,No,Yes,2,,1,2.3,49.0,288.85,2,Married,Mobile,No
CUST-00680,59.0,Female,10,82.1,,Month-to-Month,Electronic Check,None,No,Yes,1,3.0,1,4.7,5.0,18.64,3,Married,Tablet,Yes
CUST-00681,52.0,Female,53,99.53,5300.33,One Year,Credit Card,DSL,No,Yes,1,2.0,4,6.4,20.0,62.05,2,Divorced,Desktop,No
CUST-00682,26.0,Female,21,93.26,1924.67,One Year,Electronic Check,Fiber Optic,No,No,2,,2,7.2,95.0,254.8,1,Divorced,Mobile,No
CUST-00683,34.0,Female,39,99.7,3896.81,One Year,Mailed Check,None,No,No,2,4.0,4,2.8,15.0,136.22,1,Married,Desktop,No
CUST-00684,48.0,Female,13,84.59,1074.0,Two Year,Bank Transfer,None,Yes,No Internet,0,3.0,2,10.1,17.0,,1,Divorced,Desktop,No
CUST-00685,24.0,Male,2,91.53,131.52,Month-to-Month,Bank Transfer,Fiber Optic,Yes,No,0,2.0,3,,12.0,111.33,1,Divorced,Tablet,No
CUST-00686,51.0,Female,13,45.18,570.4,One Year,Bank Transfer,Fiber Optic,No,No,0,3.0,1,,20.0,160.3,0,Single,Mobile,No
CUST-00687,38.0,Female,14,117.3,,One Year,Mailed Check,Fiber Optic,No Internet,Yes,1,3.0,4,1.0,27.0,80.06,1,Married,Tablet,No
CUST-00688,36.0,Male,19,36.32,692.27,Month-to-Month,Credit Card,DSL,No,Yes,1,2.0,4,6.8,2.0,177.02,0,Married,Tablet,Yes
CUST-00689,51.0,Male,2,39.45,151.44,Two Year,Electronic Check,None,Yes,No,2,3.0,2,7.7,2.0,129.89,0,Married,Desktop,Yes
CUST-00690,48.0,Male,72,46.89,3414.37,Two Year,Electronic Check,None,Yes,Yes,0,2.0,1,5.0,43.0,,1,Divorced,Mobile,No
CUST-00691,36.0,Female,6,115.53,726.11,Month-to-Month,Bank Transfer,Fiber Optic,No,No,1,5.0,1,5.3,121.0,182.44,4,Single,Desktop,Yes
CUST-00692,58.0,Male,5,116.83,503.7,One Year,Credit Card,DSL,Yes,No,0,,4,3.3,20.0,40.11,4,Single,Desktop,No
CUST-00693,26.0,Female,17,97.49,1643.07,One Year,Credit Card,None,Yes,No,0,5.0,2,47.1,59.0,57.15,3,Married,Tablet,No
CUST-00694,50.0,Male,18,80.91,,Month-to-Month,Electronic Check,Fiber Optic,No,No,5,3.0,1,11.3,60.0,6.96,1,Single,Mobile,Yes
CUST-00695,50.0,Male,13,70.01,900.98,Two Year,Credit Card,DSL,No,No,1,4.0,5,11.5,13.0,107.44,2,Single,Desktop,No
CUST-00696,37.0,Female,35,115.06,3992.44,One Year,Electronic Check,DSL,No Internet,No,2,5.0,3,8.3,11.0,81.87,5,Single,Desktop,No
CUST-00697,46.0,Male,17,87.56,1469.64,One Year,Bank Transfer,DSL,No Internet,No,5,3.0,4,14.4,39.0,24.69,4,Married,Mobile,No
CUST-00698,24.0,Female,22,112.47,2527.4,Month-to-Month,Credit Card,Fiber Optic,No,No,2,4.0,3,8.3,72.0,203.43,0,Married,Mobile,Yes
CUST-00699,54.0,Female,30,49.66,,Month-to-Month,Bank Transfer,DSL,,Yes,4,4.0,2,17.5,57.0,214.79,4,Single,Mobile,No
CUST-00700,39.0,Female,1,51.38,101.74,Month-to-Month,Mailed Check,DSL,No,Yes,2,,4,1.4,11.0,198.69,1,Married,Mobile,No
CUST-00701,34.0,Male,20,103.47,1989.37,One Year,Electronic Check,None,Yes,No,0,1.0,3,1.0,13.0,69.92,5,Single,Mobile,No
CUST-00702,56.0,Female,51,32.99,1685.39,One Year,Electronic Check,None,No,Yes,1,3.0,3,12.4,39.0,188.49,2,Single,Mobile,No
CUST-00703,32.0,Female,1,112.59,160.93,Month-to-Month,Electronic Check,DSL,Yes,No Internet,0,5.0,2,19.9,,113.93,3,Married,Mobile,No
CUST-00704,22.0,Female,12,68.75,900.31,Month-to-Month,Electronic Check,DSL,Yes,Yes,3,3.0,5,16.6,57.0,3.08,3,Married,Mobile,Yes
CUST-00705,20.0,Female,62,110.64,6782.28,Month-to-Month,Bank Transfer,Fiber Optic,Yes,Yes,1,5.0,4,7.6,21.0,290.26,5,Married,Desktop,No
CUST-00706,50.0,Female,10,51.68,499.23,One Year,Mailed Check,DSL,No Internet,No,3,5.0,1,1.0,10.0,215.33,3,Married,Desktop,No
CUST-00707,24.0,Female,14,89.6,1306.11,One Year,Bank Transfer,DSL,No Internet,No Internet,1,3.0,1,1.9,10.0,71.59,1,Divorced,Mobile,No
CUST-00708,66.0,Female,72,66.29,4763.27,Month-to-Month,Electronic Check,DSL,No,No,2,1.0,3,7.5,45.0,92.82,0,Single,Desktop,Yes
CUST-00709,18.0,Male,5,80.68,357.88,Month-to-Month,Bank Transfer,None,Yes,Yes,1,3.0,1,16.4,3.0,269.43,3,Divorced,Tablet,No
CUST-00710,65.0,Male,1,68.44,0.0,Month-to-Month,Bank Transfer,None,Yes,No,2,2.0,2,5.6,80.0,76.49,4,Married,Mobile,Yes
CUST-00711,44.0,Male,47,114.71,5343.93,Month-to-Month,Credit Card,None,No,No,1,3.0,2,11.4,16.0,27.7,2,Divorced,Mobile,No
CUST-00712,40.0,Male,48,87.21,4101.63,One Year,Credit Card,Fiber Optic,No,No,1,5.0,1,2.9,55.0,252.33,3,Single,Tablet,Yes
CUST-00713,34.0,Male,15,43.13,649.87,Month-to-Month,Electronic Check,Fiber Optic,No,No,0,3.0,4,2.8,47.0,209.29,0,Single,Desktop,Yes
CUST-00714,47.0,Male,17,108.97,1897.31,Month-to-Month,Credit Card,Fiber Optic,Yes,No,1,3.0,4,20.4,45.0,162.81,2,Divorced,Mobile,No
CUST-00715,41.0,Female,43,47.4,1975.15,One Year,Bank Transfer,Fiber Optic,No,Yes,1,2.0,5,8.7,33.0,166.29,5,Married,Tablet,Yes
CUST-00716,57.0,Male,32,55.16,1778.01,Two Year,Mailed Check,Fiber Optic,No Internet,Yes,2,4.0,1,44.6,20.0,206.35,2,Single,Mobile,No
CUST-00717,43.0,Female,7,28.21,239.73,Two Year,Electronic Check,Fiber Optic,Yes,No Internet,0,3.0,1,3.6,14.0,273.24,0,Married,Mobile,Yes
CUST-00718,44.0,Male,1,108.0,107.86,Two Year,Credit Card,DSL,No,Yes,1,4.0,3,8.9,26.0,246.75,2,Married,Desktop,No
CUST-00719,36.0,Male,15,46.61,618.62,One Year,Electronic Check,DSL,Yes,No,3,3.0,3,3.1,22.0,69.98,4,Married,Tablet,Yes
CUST-00720,41.0,Male,47,43.89,2082.14,One Year,Credit Card,None,Yes,No,0,5.0,2,4.4,12.0,193.1,2,Single,Mobile,No
CUST-00721,46.0,Male,54,110.03,5938.89,One Year,Electronic Check,DSL,No Internet,No,1,4.0,1,15.3,20.0,201.39,2,Married,Mobile,No
CUST-00722,18.0,Female,72,98.55,7087.77,Two Year,Bank Transfer,DSL,No,No,1,2.0,2,36.1,13.0,246.5,1,Married,Desktop,No
CUST-00723,23.0,Female,50,32.11,1578.16,Two Year,Credit Card,Fiber Optic,No,Yes,1,2.0,2,2.1,32.0,273.3,2,Single,Desktop,No
CUST-00724,52.0,Male,20,94.93,1902.94,Month-to-Month,Credit Card,DSL,No,Yes,3,1.0,2,2.1,54.0,17.58,4,Married,Desktop,Yes
CUST-00725,44.0,Male,14,109.3,1555.69,Month-to-Month,Credit Card,DSL,No Internet,No,0,3.0,2,45.7,46.0,28.35,1,Single,Mobile,No
CUST-00726,39.0,Male,35,25.85,1024.28,Month-to-Month,Credit Card,DSL,Yes,Yes,3,1.0,3,20.0,,28.57,1,Single,Desktop,Yes
CUST-00727,42.0,Female,32,100.52,3222.26,One Year,Credit Card,Fiber Optic,Yes,No,0,3.0,3,5.6,21.0,207.64,1,Married,Mobile,No
CUST-00728,46.0,Female,18,72.74,1384.88,One Year,Mailed Check,DSL,No Internet,No,2,3.0,2,7.8,0.0,278.47,1,Divorced,Desktop,No
CUST-00729,34.0,Female,2,84.92,187.73,Two Year,Bank Transfer,Fiber Optic,No Internet,No Internet,1,3.0,3,23.3,61.0,174.63,2,Married,Mobile,No
CUST-00730,31.0,Female,62,67.29,,Month-to-Month,Mailed Check,DSL,No,No Internet,2,2.0,2,18.0,8.0,170.36,3,Single,Desktop,No
CUST-00731,44.0,Female,14,87.78,1236.35,Month-to-Month,Bank Transfer,DSL,No,No Internet,1,4.0,4,14.1,17.0,251.95,1,Married,Desktop,Yes
CUST-00732,28.0,Male,10,21.41,153.01,Two Year,Electronic Check,None,Yes,No,2,5.0,2,30.0,4.0,297.68,0,Married,Desktop,No
CUST-00733,47.0,Male,23,94.27,2183.5,Month-to-Month,Credit Card,Fiber Optic,No Internet,No Internet,0,4.0,2,5.6,34.0,282.56,2,Divorced,Desktop,Yes
CUST-00734,18.0,Female,26,21.33,,Month-to-Month,Credit Card,Fiber Optic,No,No,3,4.0,2,3.6,23.0,182.05,1,Single,Mobile,No
CUST-00735,56.0,Female,5,63.53,274.52,One Year,Bank Transfer,DSL,Yes,No Internet,2,4.0,2,7.9,13.0,299.25,3,Married,Desktop,No
CUST-00736,48.0,Female,43,33.1,1428.79,Month-to-Month,Mailed Check,DSL,No,Yes,1,1.0,2,1.0,22.0,216.97,1,Single,Desktop,No
CUST-00737,45.0,Female,8,100.36,862.58,Month-to-Month,Credit Card,None,Yes,Yes,3,3.0,1,10.6,5.0,210.18,1,Divorced,Tablet,No
CUST-00738,55.0,Male,4,49.37,269.01,Month-to-Month,Bank Transfer,DSL,Yes,No,1,5.0,3,6.8,44.0,29.3,4,Married,Desktop,No
CUST-00739,65.0,Female,12,63.41,749.09,Month-to-Month,Credit Card,None,Yes,No Internet,0,4.0,4,2.1,9.0,89.12,3,Married,Tablet,No
CUST-00740,56.0,Female,31,60.88,1895.07,One Year,Bank Transfer,Fiber Optic,Yes,No,3,2.0,3,31.3,28.0,175.0,2,Single,Mobile,Yes
CUST-00741,18.0,Male,72,95.25,6907.22,Month-to-Month,Electronic Check,Fiber Optic,Yes,No Internet,2,3.0,3,3.2,68.0,209.3,2,Married,Desktop,No
CUST-00742,24.0,Female,39,66.11,2511.82,Month-to-Month,Electronic Check,Fiber Optic,Yes,Yes,1,3.0,3,18.4,1.0,60.48,2,Married,Mobile,No
CUST-00743,33.0,Female,67,96.9,6512.54,Month-to-Month,Credit Card,Fiber Optic,Yes,Yes,2,5.0,5,18.3,14.0,242.7,2,Married,Tablet,No
CUST-00744,42.0,Male,3,25.35,34.66,One Year,Credit Card,DSL,Yes,No,1,4.0,2,1.0,4.0,262.7,1,Married,Desktop,No
CUST-00745,,Male,1,37.16,28.57,Month-to-Month,Bank Transfer,Fiber Optic,Yes,No,1,1.0,2,8.4,71.0,255.52,1,Married,Desktop,Yes
CUST-00746,31.0,Male,19,73.15,1366.9,Month-to-Month,Mailed Check,None,Yes,No,0,3.0,2,9.7,13.0,161.23,2,Single,Mobile,No
CUST-00747,44.0,Female,8,112.71,923.45,Month-to-Month,Bank Transfer,DSL,No,No Internet,2,3.0,1,25.5,7.0,101.95,2,Married,Mobile,No
CUST-00748,31.0,Male,42,,1097.68,Month-to-Month,Bank Transfer,Fiber Optic,No,No Internet,4,3.0,2,14.7,33.0,252.58,2,Married,Mobile,No
CUST-00749,33.0,Female,26,22.31,624.61,Month-to-Month,Bank Transfer,Fiber Optic,No,No,2,2.0,1,1.0,23.0,222.62,0,Married,Tablet,Yes
CUST-00750,22.0,Female,72,33.66,2440.93,One Year,Credit Card,Fiber Optic,,No Internet,2,3.0,4,8.9,50.0,11.35,1,Married,Desktop,No
CUST-00751,29.0,Male,7,82.12,583.42,Two Year,Electronic Check,DSL,No Internet,No,1,4.0,3,5.4,41.0,150.35,3,Divorced,Mobile,No
CUST-00752,23.0,Female,15,57.9,961.2,Two Year,Credit Card,None,No,No,1,4.0,2,2.8,110.0,246.92,0,Single,Mobile,No
CUST-00753,28.0,Female,16,100.56,1532.74,One Year,Electronic Check,Fiber Optic,No,Yes,2,4.0,2,4.8,2.0,170.77,4,Divorced,Mobile,Yes
CUST-00754,56.0,Male,6,25.19,235.92,Month-to-Month,Bank Transfer,None,No,Yes,2,4.0,3,27.5,2.0,80.44,2,Single,Mobile,Yes
CUST-00755,28.0,Male,21,37.64,775.95,One Year,Electronic Check,None,Yes,No,2,5.0,3,14.5,71.0,4.96,2,Married,Mobile,Yes
CUST-00756,78.0,Female,14,48.0,700.54,Month-to-Month,Credit Card,DSL,No,No,0,3.0,3,8.6,93.0,68.0,2,Married,Mobile,Yes
CUST-00757,48.0,Female,14,80.67,1113.1,One Year,Mailed Check,DSL,No,Yes,3,2.0,1,19.1,15.0,183.56,2,Married,Desktop,No
CUST-00758,44.0,Male,10,86.52,830.07,Month-to-Month,Credit Card,None,No,No,1,2.0,3,51.7,18.0,75.92,1,Married,Mobile,Yes
CUST-00759,29.0,Male,1,30.42,54.65,Two Year,Electronic Check,Fiber Optic,No,No,4,2.0,4,39.3,13.0,3.41,1,Married,Mobile,No
CUST-00760,51.0,Male,17,112.38,1962.57,Two Year,Electronic Check,DSL,No,Yes,2,2.0,1,1.5,45.0,20.99,1,Single,Desktop,No
CUST-00761,33.0,Female,9,52.1,,Month-to-Month,Bank Transfer,None,No,Yes,1,5.0,3,6.1,44.0,113.95,1,Divorced,Mobile,Yes
CUST-00762,43.0,Male,1,89.32,62.21,Month-to-Month,Bank Transfer,Fiber Optic,Yes,Yes,2,2.0,2,5.6,7.0,139.44,3,Married,Tablet,No
CUST-00763,77.0,Female,8,70.42,743.93,One Year,Mailed Check,DSL,No,Yes,1,2.0,1,12.1,14.0,227.72,3,Married,Desktop,No
CUST-00764,40.0,Female,7,40.28,341.89,Month-to-Month,Credit Card,Fiber Optic,Yes,No,0,3.0,2,1.4,7.0,162.44,4,Married,Mobile,Yes
CUST-00765,58.0,Male,11,102.62,1175.49,Two Year,Mailed Check,None,Yes,Yes,2,2.0,3,38.2,1.0,233.65,1,Married,Mobile,No
CUST-00766,32.0,Female,3,99.82,281.81,Month-to-Month,Credit Card,DSL,No,No Internet,0,2.0,2,22.9,1.0,44.94,1,Married,Desktop,No
CUST-00767,41.0,Male,17,57.61,948.11,Month-to-Month,Bank Transfer,Fiber Optic,Yes,Yes,2,3.0,4,2.0,4.0,105.09,4,Married,Tablet,No
CUST-00768,66.0,Female,28,76.86,2138.09,One Year,Credit Card,DSL,No Internet,Yes,2,5.0,1,4.4,0.0,155.24,2,Single,Desktop,No
CUST-00769,33.0,Male,23,43.78,1061.01,Month-to-Month,Credit Card,None,No,No,3,1.0,3,2.3,16.0,4.69,2,Single,Desktop,No
CUST-00770,67.0,Female,39,86.99,3343.08,Month-to-Month,Credit Card,Fiber Optic,No,Yes,0,2.0,2,9.7,1.0,288.25,3,Married,Tablet,No
CUST-00771,,Female,14,48.9,,One Year,Credit Card,Fiber Optic,,Yes,1,5.0,4,33.1,56.0,276.81,1,Married,Desktop,Yes
CUST-00772,34.0,Male,17,102.41,1767.95,One Year,Mailed Check,Fiber Optic,Yes,No,1,3.0,1,15.5,37.0,199.23,2,Married,Mobile,No
CUST-00773,50.0,Male,39,39.74,1565.82,One Year,Electronic Check,Fiber Optic,No,No,2,3.0,1,14.0,45.0,64.03,1,Divorced,Mobile,Yes
CUST-00774,55.0,Male,13,19.48,214.72,One Year,Credit Card,Fiber Optic,No,Yes,1,2.0,5,1.2,28.0,41.37,3,Married,Desktop,No
CUST-00775,50.0,Male,29,44.85,1246.09,Month-to-Month,Credit Card,None,Yes,No,1,4.0,3,35.5,32.0,266.45,0,Married,Tablet,No
CUST-00776,20.0,Female,13,37.11,554.32,Month-to-Month,Electronic Check,Fiber Optic,No Internet,Yes,2,4.0,4,4.9,3.0,86.33,4,Single,Mobile,No
CUST-00777,31.0,Female,12,68.83,843.81,Month-to-Month,Bank Transfer,None,No,No,0,2.0,2,34.6,1.0,112.97,4,Single,Desktop,No
CUST-00778,38.0,Male,34,38.37,1236.4,Two Year,Electronic Check,Fiber Optic,No,No,0,5.0,3,9.1,135.0,118.7,2,Married,Mobile,No
CUST-00779,40.0,Female,4,94.32,312.6,Month-to-Month,Bank Transfer,DSL,No Internet,No Internet,3,4.0,3,11.3,14.0,63.95,0,Single,Tablet,No
CUST-00780,50.0,Female,9,42.14,361.18,Month-to-Month,Electronic Check,Fiber Optic,Yes,No,0,4.0,5,13.9,1.0,217.37,4,Single,Mobile,No
CUST-00781,44.0,Female,6,88.7,568.84,Two Year,Electronic Check,DSL,No,No Internet,2,4.0,1,5.1,5.0,172.51,3,Married,Mobile,Yes
CUST-00782,23.0,Male,10,75.85,788.25,Two Year,Electronic Check,Fiber Optic,No Internet,Yes,0,3.0,1,27.1,62.0,266.62,4,Married,Mobile,No
CUST-00783,47.0,Male,6,116.62,756.3,Two Year,Credit Card,Fiber Optic,Yes,No,3,4.0,2,47.7,6.0,65.83,2,Married,Mobile,No
CUST-00784,50.0,Male,20,117.99,2285.28,Month-to-Month,Bank Transfer,None,No Internet,Yes,3,3.0,1,5.0,18.0,101.85,0,Single,Desktop,No
CUST-00785,49.0,Female,38,104.95,3999.29,One Year,Credit Card,DSL,No,No Internet,1,,3,1.0,33.0,148.4,1,Married,Tablet,No
CUST-00786,57.0,Male,37,94.0,3549.3,Month-to-Month,Electronic Check,None,No Internet,No,2,3.0,5,11.2,101.0,,1,Single,Mobile,Yes
CUST-00787,53.0,Male,10,56.65,633.14,Two Year,Bank Transfer,None,No,Yes,0,2.0,4,,0.0,294.49,1,Divorced,Desktop,No
CUST-00788,48.0,Male,72,93.33,6737.71,Month-to-Month,Electronic Check,DSL,No Internet,No,1,5.0,2,1.0,20.0,178.85,2,Single,Mobile,Yes
CUST-00789,41.0,Female,21,113.67,2504.47,Month-to-Month,Credit Card,None,No,No,0,5.0,3,16.8,165.0,123.09,0,Married,Desktop,Yes
CUST-00790,18.0,Male,12,,274.54,Month-to-Month,Bank Transfer,DSL,No,No,4,2.0,3,5.2,3.0,85.57,0,Single,Desktop,Yes
CUST-00791,48.0,Male,43,71.79,3139.11,Month-to-Month,Credit Card,DSL,No Internet,Yes,1,3.0,1,47.8,3.0,173.21,2,Married,Tablet,No
CUST-00792,44.0,Male,31,39.8,1236.02,One Year,Electronic Check,None,No,No,2,3.0,3,22.8,2.0,163.98,1,Single,Tablet,No
CUST-00793,45.0,Male,33,73.79,2396.02,Two Year,Electronic Check,Fiber Optic,Yes,No,0,3.0,4,1.1,21.0,152.42,2,Married,Mobile,No
CUST-00794,24.0,Female,5,64.64,279.44,One Year,Electronic Check,Fiber Optic,Yes,No,1,4.0,2,46.3,12.0,283.13,1,Divorced,Desktop,Yes
CUST-00795,26.0,Male,15,75.58,1142.78,Month-to-Month,Mailed Check,Fiber Optic,No,No Internet,0,3.0,3,3.9,37.0,151.26,2,Married,Mobile,Yes
CUST-00796,,Male,47,73.1,3425.12,Two Year,Mailed Check,DSL,No,Yes,1,4.0,1,24.0,25.0,68.41,1,Single,Mobile,No
CUST-00797,41.0,Female,16,114.01,1735.73,Month-to-Month,Electronic Check,Fiber Optic,No Internet,No,1,4.0,4,15.5,26.0,46.79,2,Divorced,Mobile,Yes
CUST-00798,51.0,Male,27,73.22,,Month-to-Month,Credit Card,DSL,No,No,0,1.0,1,11.5,21.0,272.9,1,Single,Mobile,Yes
CUST-00799,42.0,Male,21,102.62,2139.1,Month-to-Month,Credit Card,DSL,No,Yes,1,1.0,3,40.5,145.0,299.35,2,Married,Mobile,No
CUST-00800,42.0,Female,44,49.98,2235.48,Month-to-Month,Bank Transfer,None,No,No Internet,4,2.0,2,14.0,23.0,177.7,1,Married,Desktop,No
CUST-00801,55.0,Male,8,61.81,493.68,Month-to-Month,Mailed Check,None,Yes,No,0,4.0,2,29.4,2.0,218.14,1,Married,Desktop,No
CUST-00802,34.0,Male,20,65.04,1297.2,Month-to-Month,Bank Transfer,Fiber Optic,No,No,1,3.0,2,26.4,11.0,126.15,2,Married,Mobile,No
CUST-00803,43.0,Male,3,45.87,88.26,Two Year,Credit Card,DSL,Yes,No,1,5.0,3,16.7,45.0,258.54,1,Married,Desktop,No
CUST-00804,35.0,Female,28,55.98,1568.6,Two Year,Mailed Check,Fiber Optic,Yes,No Internet,2,1.0,3,10.1,29.0,104.01,2,Married,Mobile,No
CUST-00805,35.0,Female,31,77.85,2479.31,Month-to-Month,Bank Transfer,None,No,Yes,4,4.0,2,1.5,34.0,5.76,1,Single,Tablet,No
CUST-00806,37.0,Female,1,76.02,83.8,Month-to-Month,Electronic Check,DSL,Yes,No,1,1.0,3,2.5,76.0,11.43,4,Divorced,Mobile,Yes
CUST-00807,45.0,Female,27,81.64,2128.91,Month-to-Month,Electronic Check,DSL,Yes,No Internet,0,5.0,1,11.4,17.0,247.68,2,Single,Mobile,No
CUST-00808,35.0,Male,12,53.18,575.58,Month-to-Month,Electronic Check,None,No,Yes,0,2.0,2,6.1,0.0,126.25,1,Married,Mobile,Yes
CUST-00809,59.0,Male,3,49.58,178.18,Month-to-Month,Electronic Check,Fiber Optic,No,No,0,4.0,3,3.5,138.0,290.32,1,Single,Desktop,Yes
CUST-00810,29.0,Female,13,79.16,1017.86,Month-to-Month,Electronic Check,DSL,No,No,0,5.0,2,51.2,18.0,125.29,1,Married,Tablet,Yes
CUST-00811,39.0,Female,5,31.29,152.72,One Year,Electronic Check,DSL,No Internet,No Internet,2,1.0,2,29.3,3.0,283.79,1,Divorced,Desktop,No
CUST-00812,35.0,Male,12,43.3,488.96,One Year,Bank Transfer,None,No,Yes,0,3.0,1,8.4,23.0,141.16,1,Married,Mobile,No
CUST-00813,62.0,Female,11,22.21,269.48,Month-to-Month,Electronic Check,Fiber Optic,No,No Internet,3,3.0,3,30.7,26.0,216.51,2,Single,Tablet,No
CUST-00814,44.0,Male,32,25.26,793.27,One Year,Electronic Check,DSL,No,Yes,0,3.0,1,1.0,,87.97,1,Married,Desktop,Yes
CUST-00815,56.0,Male,35,42.34,1472.57,One Year,Bank Transfer,None,No,No,0,4.0,2,1.6,100.0,164.67,4,Single,Tablet,No
CUST-00816,21.0,Male,22,19.95,396.34,Month-to-Month,Credit Card,None,Yes,Yes,1,4.0,1,44.4,11.0,97.67,4,Married,Mobile,No
CUST-00817,,Male,1,42.54,88.62,Month-to-Month,Bank Transfer,DSL,No,Yes,1,3.0,1,17.5,1.0,203.08,2,Divorced,Mobile,No
CUST-00818,54.0,Female,64,83.5,5332.94,Two Year,Electronic Check,Fiber Optic,Yes,No Internet,0,4.0,1,21.7,75.0,68.34,2,Married,Mobile,No
CUST-00819,43.0,Female,27,24.11,681.36,One Year,Credit Card,DSL,Yes,No,1,3.0,2,26.8,6.0,107.37,1,Divorced,Tablet,No
CUST-00820,56.0,Male,1,61.67,1.99,Month-to-Month,Electronic Check,Fiber Optic,No,No,3,3.0,4,1.0,41.0,190.18,2,Single,Mobile,Yes
CUST-00821,34.0,Male,41,109.31,4568.4,One Year,Credit Card,DSL,No,Yes,0,5.0,3,19.0,6.0,91.1,3,Single,Desktop,No
CUST-00822,61.0,Female,5,97.13,549.52,Month-to-Month,Credit Card,DSL,No,No,1,,3,6.6,52.0,83.75,3,Married,Mobile,Yes
CUST-00823,74.0,Male,20,48.54,875.31,One Year,Credit Card,Fiber Optic,No,No,0,4.0,1,25.6,71.0,114.11,1,Married,Desktop,No
CUST-00824,36.0,Female,15,110.48,1617.1,Month-to-Month,Electronic Check,Fiber Optic,No,Yes,0,5.0,2,7.4,3.0,186.5,1,Single,Desktop,No
CUST-00825,35.0,Male,13,50.96,686.36,Month-to-Month,Credit Card,Fiber Optic,No,No,1,4.0,2,21.9,4.0,99.95,4,Single,Mobile,Yes
CUST-00826,62.0,Female,52,25.25,1247.01,One Year,Bank Transfer,DSL,Yes,No,4,4.0,4,34.7,77.0,130.35,0,Single,Mobile,No
CUST-00827,64.0,Male,13,117.41,1519.75,One Year,Mailed Check,None,No,No,3,3.0,3,6.2,44.0,6.29,1,Single,Mobile,Yes
CUST-00828,34.0,Male,1,105.0,126.33,Month-to-Month,Electronic Check,DSL,Yes,No,0,2.0,2,9.5,1.0,210.0,2,Married,Mobile,No
CUST-00829,36.0,Male,70,64.59,4512.06,Month-to-Month,Mailed Check,Fiber Optic,No,No,1,4.0,2,11.6,6.0,243.53,2,Married,Desktop,No
CUST-00830,38.0,Male,60,84.64,5105.34,Month-to-Month,Electronic Check,DSL,No,Yes,4,5.0,3,17.5,15.0,248.13,2,Single,Tablet,No
CUST-00831,23.0,Male,27,85.12,2263.57,Month-to-Month,Mailed Check,Fiber Optic,Yes,No Internet,1,1.0,4,27.9,59.0,164.87,2,Divorced,Desktop,Yes
CUST-00832,29.0,Female,15,37.45,449.54,Month-to-Month,Electronic Check,DSL,No,No Internet,2,4.0,2,3.5,4.0,127.48,2,Married,Mobile,No
CUST-00833,27.0,Male,2,38.0,125.11,One Year,Mailed Check,DSL,No Internet,No,2,1.0,1,43.7,38.0,55.81,2,Single,Mobile,No
CUST-00834,31.0,Male,37,64.96,2452.31,Month-to-Month,Credit Card,Fiber Optic,No,Yes,1,3.0,2,23.1,2.0,196.78,1,Single,Mobile,No
CUST-00835,,Female,1,109.16,234.34,One Year,Credit Card,DSL,No,No,0,4.0,3,2.3,18.0,,2,Married,Desktop,No
CUST-00836,45.0,Female,1,19.0,0.0,One Year,Credit Card,Fiber Optic,No,Yes,3,3.0,2,6.1,39.0,128.95,3,Single,Mobile,Yes
CUST-00837,63.0,Female,18,96.25,1770.04,Month-to-Month,Mailed Check,DSL,No Internet,No,1,3.0,3,4.3,2.0,184.41,4,Single,Desktop,No
CUST-00838,28.0,Female,4,23.75,0.0,One Year,Electronic Check,DSL,Yes,No,1,2.0,2,2.6,6.0,,1,Married,Mobile,No
CUST-00839,55.0,Male,1,65.82,153.64,Two Year,Bank Transfer,Fiber Optic,No,No,1,5.0,4,15.5,47.0,40.75,1,Married,Mobile,No
CUST-00840,39.0,Female,13,81.79,1087.66,Month-to-Month,Bank Transfer,DSL,No,No Internet,2,4.0,2,1.0,5.0,289.4,0,Married,Tablet,Yes
CUST-00841,41.0,Female,3,86.68,212.44,Two Year,Electronic Check,DSL,No Internet,No,1,2.0,2,13.7,33.0,171.07,1,Married,Tablet,No
CUST-00842,51.0,Female,4,23.85,134.41,One Year,Mailed Check,DSL,No,No,1,1.0,1,26.4,30.0,249.6,0,Married,Desktop,No
CUST-00843,26.0,Male,1,59.86,32.21,One Year,Electronic Check,DSL,Yes,No,1,3.0,4,6.7,22.0,298.12,4,Married,Mobile,Yes
CUST-00844,47.0,Male,5,76.38,396.92,Month-to-Month,Electronic Check,DSL,No Internet,No,1,4.0,2,10.1,6.0,278.54,3,Married,Desktop,No
CUST-00845,44.0,Male,30,24.6,748.3,One Year,Bank Transfer,DSL,Yes,Yes,1,4.0,3,2.3,16.0,119.76,0,Married,Tablet,No
CUST-00846,48.0,Female,39,31.51,,Month-to-Month,Bank Transfer,DSL,Yes,No,2,5.0,1,19.1,29.0,137.35,1,Married,Mobile,No
CUST-00847,46.0,Female,14,84.36,1271.79,One Year,Mailed Check,None,No,No,2,5.0,4,35.9,64.0,181.76,3,Married,Mobile,Yes
CUST-00848,76.0,Female,16,70.16,1092.7,Two Year,Electronic Check,DSL,No,Yes,1,4.0,5,19.8,47.0,191.39,2,Married,Tablet,No
CUST-00849,33.0,Male,1,34.18,87.09,One Year,Electronic Check,None,No Internet,Yes,2,4.0,2,2.0,28.0,68.47,1,Divorced,Desktop,No
CUST-00850,34.0,Female,1,71.52,89.26,Month-to-Month,Credit Card,None,No,No,1,3.0,2,6.4,7.0,284.34,2,Married,Desktop,Yes
CUST-00851,33.0,Female,7,109.27,694.26,Month-to-Month,Credit Card,DSL,No,No Internet,1,3.0,3,2.9,7.0,248.38,1,Married,Desktop,Yes
CUST-00852,,Male,18,19.56,317.27,Month-to-Month,Credit Card,DSL,Yes,No Internet,2,4.0,5,13.4,50.0,39.08,0,Married,Mobile,No
CUST-00853,33.0,Female,32,82.26,2749.13,Two Year,Electronic Check,DSL,No,No,3,2.0,3,19.2,32.0,297.4,2,Married,Tablet,No
CUST-00854,58.0,Male,22,25.37,576.03,Month-to-Month,Bank Transfer,Fiber Optic,No,No Internet,0,3.0,1,55.5,13.0,298.81,2,Single,Mobile,No
CUST-00855,61.0,Female,11,18.64,255.03,Month-to-Month,Mailed Check,Fiber Optic,Yes,No,2,5.0,3,10.5,106.0,106.3,4,Married,Desktop,No
CUST-00856,34.0,Female,3,33.07,88.61,Month-to-Month,Electronic Check,Fiber Optic,No Internet,Yes,5,4.0,2,15.2,66.0,254.48,3,Single,Desktop,Yes
CUST-00857,30.0,Female,36,60.29,2143.44,Two Year,Credit Card,Fiber Optic,Yes,No,0,3.0,3,1.7,33.0,78.2,3,Divorced,Mobile,No
CUST-00858,48.0,Female,10,98.23,983.66,Month-to-Month,Credit Card,DSL,No,No Internet,1,5.0,2,2.5,13.0,48.05,2,Married,Mobile,Yes
CUST-00859,34.0,Female,31,46.18,1418.27,Two Year,Electronic Check,None,No Internet,No Internet,1,4.0,5,4.0,11.0,256.33,1,Married,Desktop,No
CUST-00860,50.0,Female,17,80.57,1295.03,One Year,Bank Transfer,DSL,Yes,Yes,2,3.0,4,,84.0,168.36,0,Single,Mobile,Yes
CUST-00861,44.0,Male,32,59.12,1841.67,Two Year,Electronic Check,None,Yes,No,0,4.0,2,7.9,17.0,18.44,5,Divorced,Mobile,No
CUST-00862,20.0,Female,57,41.43,2396.9,Month-to-Month,Electronic Check,Fiber Optic,No,Yes,1,2.0,2,45.3,48.0,249.78,1,Single,Mobile,Yes
CUST-00863,63.0,Male,60,69.42,4146.17,Month-to-Month,Credit Card,DSL,Yes,No,2,1.0,2,15.9,84.0,115.05,1,Single,Desktop,Yes
CUST-00864,67.0,Male,18,97.75,1760.79,Month-to-Month,Credit Card,None,No,No,1,5.0,1,8.6,20.0,50.67,3,Married,Desktop,No
CUST-00865,33.0,Female,17,101.25,1733.0,Month-to-Month,Bank Transfer,Fiber Optic,No,No Internet,3,4.0,3,10.2,31.0,158.15,1,Single,Mobile,Yes
CUST-00866,36.0,Female,7,102.65,734.2,One Year,Bank Transfer,Fiber Optic,No Internet,Yes,0,5.0,3,2.4,2.0,,1,Divorced,Desktop,No
CUST-00867,46.0,Male,65,51.86,,Month-to-Month,Electronic Check,Fiber Optic,No Internet,No,2,5.0,2,1.5,31.0,241.05,5,Married,Tablet,No
CUST-00868,46.0,Male,14,97.35,1307.97,Month-to-Month,Electronic Check,None,No Internet,No,2,3.0,3,4.5,7.0,143.63,1,Married,Tablet,Yes
CUST-00869,51.0,Male,3,39.22,146.17,One Year,Mailed Check,None,Yes,Yes,1,5.0,1,5.5,33.0,199.26,7,Divorced,Mobile,No
CUST-00870,70.0,Male,13,91.84,1231.67,Month-to-Month,Mailed Check,Fiber Optic,Yes,No,2,4.0,5,2.0,3.0,106.18,0,Single,Tablet,Yes
CUST-00871,39.0,Male,3,112.84,387.81,Month-to-Month,Bank Transfer,DSL,Yes,No,1,3.0,1,17.6,20.0,32.87,3,Married,Mobile,Yes
CUST-00872,30.0,Female,16,19.37,239.27,Month-to-Month,Bank Transfer,Fiber Optic,No,No,1,4.0,2,38.5,22.0,13.03,2,Divorced,Mobile,No
CUST-00873,22.0,Male,19,62.04,1191.5,One Year,Electronic Check,None,Yes,No,3,3.0,5,2.9,19.0,96.18,1,Married,Desktop,Yes
CUST-00874,31.0,Male,9,82.78,830.82,One Year,Credit Card,Fiber Optic,No Internet,No,1,3.0,2,27.3,42.0,200.57,1,Married,Mobile,No
CUST-00875,41.0,Male,1,88.18,83.22,One Year,Mailed Check,None,No,Yes,1,2.0,4,5.3,42.0,3.21,3,Married,Desktop,Yes
CUST-00876,67.0,Female,68,35.61,2445.65,Month-to-Month,Bank Transfer,DSL,No,No,2,4.0,1,14.0,36.0,74.7,2,Divorced,Mobile,No
CUST-00877,34.0,Male,35,,4071.72,Month-to-Month,Mailed Check,None,No,No,2,,1,1.4,29.0,45.44,1,Single,Mobile,No
CUST-00878,45.0,Male,43,79.53,3368.52,Two Year,Mailed Check,DSL,No,Yes,0,2.0,1,4.1,70.0,138.72,2,Divorced,Desktop,No
CUST-00879,41.0,Male,10,34.43,,One Year,Electronic Check,Fiber Optic,Yes,No,0,4.0,5,2.6,25.0,223.88,0,Married,Mobile,No
CUST-00880,58.0,Female,34,20.05,706.68,One Year,Credit Card,Fiber Optic,Yes,No Internet,1,4.0,1,2.6,12.0,165.81,4,Married,Tablet,No
CUST-00881,77.0,Female,15,96.33,1470.93,One Year,Electronic Check,Fiber Optic,No,No Internet,4,3.0,3,40.7,1.0,182.48,2,Married,Desktop,No
CUST-00882,34.0,Male,5,25.97,46.75,Month-to-Month,Electronic Check,DSL,No,Yes,2,5.0,2,6.8,23.0,283.86,2,Married,Desktop,Yes
CUST-00883,35.0,Male,3,32.11,136.06,Two Year,Electronic Check,None,Yes,No,3,4.0,4,3.3,7.0,137.18,3,Single,Desktop,No
CUST-00884,56.0,Male,10,75.48,780.12,One Year,Credit Card,None,No Internet,No,0,4.0,2,2.8,14.0,244.22,1,Single,Mobile,No
CUST-00885,51.0,Female,3,78.35,316.26,One Year,Bank Transfer,Fiber Optic,No Internet,No,0,1.0,1,16.8,1.0,103.16,2,Single,Mobile,No
CUST-00886,67.0,Female,72,86.69,6226.12,Two Year,Mailed Check,DSL,Yes,No,0,5.0,3,19.0,30.0,186.11,0,Single,Desktop,No
CUST-00887,50.0,Male,1,57.35,7.97,Month-to-Month,Mailed Check,DSL,No,,1,5.0,3,58.5,65.0,230.49,2,Married,Mobile,No
CUST-00888,36.0,Male,13,95.39,1205.96,One Year,Credit Card,Fiber Optic,No,No,4,3.0,2,14.8,11.0,248.13,6,Divorced,Mobile,No
CUST-00889,50.0,Male,14,115.44,1590.91,Two Year,Mailed Check,Fiber Optic,Yes,No,0,5.0,2,9.2,49.0,66.6,7,Single,Mobile,Yes
CUST-00890,57.0,Male,8,45.11,304.94,Month-to-Month,Credit Card,DSL,No Internet,Yes,0,4.0,4,3.8,4.0,76.5,1,Married,Desktop,No
CUST-00891,53.0,Female,20,88.3,1830.51,Month-to-Month,Electronic Check,Fiber Optic,No Internet,No,0,2.0,1,1.0,38.0,113.09,2,Divorced,Mobile,No
CUST-00892,49.0,Male,3,110.85,398.93,One Year,Credit Card,Fiber Optic,No,No,2,5.0,1,31.9,2.0,75.05,2,Married,Mobile,No
CUST-00893,56.0,Male,36,86.63,3108.89,Month-to-Month,Mailed Check,Fiber Optic,No Internet,Yes,5,4.0,1,23.3,8.0,162.0,0,Married,Desktop,No
CUST-00894,58.0,Male,9,86.11,755.35,Two Year,Electronic Check,Fiber Optic,No,No,1,3.0,1,23.9,13.0,242.11,0,Single,Mobile,Yes
CUST-00895,61.0,Female,21,40.38,757.21,Month-to-Month,Bank Transfer,Fiber Optic,No,No Internet,0,3.0,4,,5.0,46.05,3,Single,Mobile,No
CUST-00896,51.0,Female,30,71.51,2180.1,One Year,Credit Card,DSL,No,Yes,0,3.0,3,,6.0,122.2,0,Single,Desktop,No
CUST-00897,39.0,Male,52,74.25,3943.67,Month-to-Month,Credit Card,DSL,Yes,No,3,4.0,1,23.0,36.0,218.01,5,Married,Mobile,No
CUST-00898,,Male,43,88.01,3752.57,Month-to-Month,Electronic Check,None,Yes,Yes,1,5.0,3,17.5,3.0,211.08,3,Single,Tablet,Yes
CUST-00899,58.0,Male,22,117.68,2583.12,Two Year,Mailed Check,DSL,No,Yes,2,4.0,3,15.7,81.0,71.63,4,Married,Desktop,No
CUST-00900,30.0,Female,11,21.36,256.67,One Year,Electronic Check,None,No,No Internet,1,3.0,2,12.1,43.0,198.12,1,Married,Mobile,No
CUST-00901,47.0,Male,16,24.52,478.54,Month-to-Month,Electronic Check,DSL,No,No,4,4.0,1,6.9,13.0,289.99,2,Single,Desktop,Yes
CUST-00902,36.0,Female,35,25.8,912.99,Month-to-Month,Electronic Check,Fiber Optic,No,Yes,1,3.0,3,20.3,29.0,187.88,2,Divorced,Mobile,No
CUST-00903,42.0,Female,50,92.3,4624.77,One Year,Mailed Check,DSL,Yes,No,3,4.0,4,6.7,38.0,98.14,2,Married,Mobile,No
CUST-00904,59.0,Female,2,31.64,72.25,Two Year,Electronic Check,None,No,Yes,0,4.0,2,19.9,27.0,154.5,2,Married,Desktop,No
CUST-00905,44.0,Male,11,80.25,811.5,One Year,Credit Card,None,No,No Internet,3,5.0,2,3.2,28.0,101.39,2,Married,Mobile,Yes
CUST-00906,42.0,Female,35,50.47,1694.11,One Year,Electronic Check,DSL,Yes,Yes,0,4.0,4,13.4,74.0,159.53,1,Married,Tablet,No
CUST-00907,22.0,Female,13,63.73,788.09,Month-to-Month,Bank Transfer,DSL,No Internet,No Internet,1,4.0,1,6.6,63.0,252.23,1,Divorced,Desktop,Yes
CUST-00908,52.0,Male,9,39.57,406.77,Two Year,Mailed Check,Fiber Optic,No,Yes,1,5.0,1,26.5,73.0,40.16,5,Single,Mobile,Yes
CUST-00909,51.0,Male,12,104.61,1238.55,One Year,Bank Transfer,None,Yes,No,2,5.0,3,11.0,64.0,123.89,2,Married,Desktop,No
CUST-00910,72.0,Male,22,76.62,1659.16,One Year,Credit Card,Fiber Optic,No,No Internet,1,2.0,3,14.7,34.0,190.19,2,Married,Mobile,Yes
CUST-00911,37.0,Male,72,112.46,8069.76,One Year,Credit Card,None,No,No,2,3.0,4,1.3,20.0,139.52,2,Married,Tablet,No
CUST-00912,45.0,Male,16,75.46,1200.48,One Year,Electronic Check,DSL,No,Yes,2,5.0,2,,20.0,234.47,5,Married,Desktop,No
CUST-00913,45.0,Female,5,30.39,237.06,Two Year,Credit Card,Fiber Optic,No Internet,No,1,5.0,1,22.8,44.0,48.42,0,Divorced,Tablet,No
CUST-00914,64.0,Male,4,35.09,132.8,One Year,Mailed Check,Fiber Optic,,Yes,1,2.0,2,29.5,77.0,262.38,0,Married,Mobile,Yes
CUST-00915,40.0,Female,1,116.91,77.6,Two Year,Credit Card,DSL,No Internet,,3,3.0,2,19.2,2.0,293.48,3,Single,Desktop,Yes
CUST-00916,45.0,Male,19,90.56,1721.9,One Year,Credit Card,Fiber Optic,No Internet,No,0,3.0,5,8.1,62.0,107.97,4,Single,Mobile,Yes
CUST-00917,50.0,Female,18,22.93,500.49,One Year,Credit Card,None,Yes,No,0,4.0,4,4.5,56.0,34.17,2,Divorced,Mobile,No
CUST-00918,44.0,Male,5,88.38,416.76,Two Year,Credit Card,None,Yes,No,0,5.0,2,7.4,2.0,296.3,2,Single,Mobile,No
CUST-00919,35.0,Female,28,59.22,1599.11,Month-to-Month,Bank Transfer,DSL,No,Yes,2,3.0,2,,32.0,105.26,1,Married,Desktop,No
CUST-00920,44.0,Male,32,48.72,1533.99,Month-to-Month,Bank Transfer,DSL,No,No Internet,2,4.0,2,1.0,107.0,147.65,2,Married,Tablet,No
CUST-00921,57.0,Male,7,33.41,240.31,One Year,Credit Card,Fiber Optic,No Internet,No,4,5.0,3,36.5,,72.81,2,Single,Mobile,No
CUST-00922,27.0,Female,10,101.99,1054.31,Two Year,Credit Card,DSL,No,No,2,4.0,3,6.3,1.0,16.64,2,Married,Tablet,No
CUST-00923,43.0,Male,72,24.38,1805.7,Month-to-Month,Bank Transfer,None,No,Yes,1,2.0,2,23.9,77.0,37.64,0,Married,Tablet,No
CUST-00924,32.0,Female,11,46.98,464.49,Month-to-Month,Electronic Check,DSL,No,No,0,4.0,3,11.5,5.0,71.33,3,Divorced,Desktop,Yes
CUST-00925,58.0,Female,34,48.64,1606.22,Month-to-Month,Bank Transfer,Fiber Optic,No,Yes,1,2.0,4,16.3,2.0,296.37,1,Divorced,Mobile,No
CUST-00926,20.0,Male,14,34.09,461.1,Month-to-Month,Credit Card,DSL,No,No,1,4.0,3,21.4,7.0,238.91,5,Married,Tablet,Yes
CUST-00927,34.0,Female,37,68.82,2580.56,Month-to-Month,Bank Transfer,Fiber Optic,Yes,Yes,4,3.0,1,5.1,19.0,126.17,4,Divorced,Tablet,No
CUST-00928,47.0,Female,35,19.17,607.95,One Year,Electronic Check,DSL,No,No,1,1.0,3,14.0,50.0,95.79,4,Married,Mobile,No
CUST-00929,63.0,Male,26,48.1,1220.23,Two Year,Bank Transfer,DSL,No,No,1,2.0,5,20.9,9.0,43.11,3,Married,Tablet,No
CUST-00930,41.0,Female,46,111.36,5092.92,One Year,Electronic Check,Fiber Optic,No,No,1,3.0,3,22.1,14.0,145.49,1,Married,Mobile,No
CUST-00931,34.0,Female,67,49.05,3333.44,Month-to-Month,Mailed Check,Fiber Optic,Yes,No Internet,1,5.0,1,8.1,4.0,272.14,1,Single,Mobile,No
CUST-00932,68.0,Male,20,54.05,1107.41,Two Year,Credit Card,Fiber Optic,Yes,Yes,1,3.0,1,19.6,10.0,297.98,2,Married,Desktop,No
CUST-00933,21.0,Male,6,65.32,437.11,One Year,Credit Card,DSL,No,No,1,5.0,2,5.4,69.0,270.56,3,Divorced,Mobile,Yes
CUST-00934,18.0,Female,12,74.17,956.97,Month-to-Month,Credit Card,DSL,No Internet,No,1,3.0,2,2.0,34.0,19.72,5,Married,Mobile,No
CUST-00935,48.0,Male,34,98.87,3346.3,Month-to-Month,Bank Transfer,Fiber Optic,No Internet,No,3,5.0,4,1.8,33.0,47.42,3,Married,Desktop,No
CUST-00936,34.0,Male,25,37.03,866.38,One Year,Credit Card,None,No,Yes,1,5.0,3,10.6,8.0,42.48,2,Married,Desktop,No
CUST-00937,27.0,Male,4,105.17,361.63,One Year,Bank Transfer,DSL,No Internet,No,1,2.0,2,7.2,4.0,48.47,1,Divorced,Desktop,No
CUST-00938,51.0,Female,1,93.75,1.84,One Year,Mailed Check,DSL,Yes,No,1,5.0,3,4.0,65.0,37.31,3,Married,Mobile,Yes
CUST-00939,45.0,Male,27,90.27,2414.35,Month-to-Month,Credit Card,DSL,No Internet,No Internet,0,3.0,1,7.4,86.0,28.91,2,Single,Desktop,Yes
CUST-00940,34.0,Male,6,26.68,140.87,Two Year,Bank Transfer,DSL,No,No Internet,2,4.0,1,8.0,1.0,105.11,0,Single,Tablet,No
CUST-00941,24.0,Female,16,20.16,361.94,Month-to-Month,Electronic Check,DSL,No,Yes,1,4.0,3,12.1,22.0,47.38,2,Divorced,Tablet,Yes
CUST-00942,54.0,Male,32,77.4,2477.65,One Year,Credit Card,Fiber Optic,Yes,Yes,2,2.0,2,1.0,17.0,43.42,3,Single,Desktop,No
CUST-00943,51.0,Female,19,104.31,1957.37,One Year,Credit Card,None,No Internet,No,2,4.0,1,35.8,40.0,157.34,3,Married,Desktop,No
CUST-00944,40.0,Female,2,76.44,147.08,Month-to-Month,Electronic Check,DSL,No,No,2,3.0,2,7.0,10.0,60.95,2,Married,Mobile,Yes
CUST-00945,67.0,Female,4,39.32,105.33,Month-to-Month,Credit Card,Fiber Optic,Yes,No,1,4.0,3,14.3,29.0,1.84,1,Single,Mobile,Yes
CUST-00946,27.0,Female,5,27.05,186.52,Month-to-Month,Electronic Check,Fiber Optic,No,No Internet,1,4.0,3,5.5,2.0,208.84,5,Single,Tablet,No
CUST-00947,20.0,Male,7,87.96,576.42,Month-to-Month,Credit Card,None,Yes,No,0,,2,21.5,51.0,98.57,5,Married,Desktop,No
CUST-00948,32.0,Female,20,90.18,1746.6,Month-to-Month,Bank Transfer,Fiber Optic,No,No Internet,0,4.0,2,9.2,8.0,221.12,0,Single,Desktop,No
CUST-00949,41.0,Male,16,35.25,604.89,One Year,Electronic Check,None,No,No,1,5.0,3,5.8,11.0,267.92,0,Divorced,Mobile,No
CUST-00950,45.0,Male,5,20.82,132.81,One Year,Credit Card,Fiber Optic,No,No,2,5.0,1,49.8,,277.58,1,Divorced,Mobile,No
CUST-00951,38.0,Male,1,58.83,0.0,One Year,Credit Card,None,No Internet,No,3,3.0,1,30.1,6.0,53.32,3,Single,Mobile,No
CUST-00952,46.0,Male,4,76.27,347.83,One Year,Credit Card,Fiber Optic,No Internet,No,1,3.0,2,3.0,49.0,201.79,3,Divorced,Desktop,No
CUST-00953,24.0,Female,72,88.6,6342.12,Two Year,Mailed Check,DSL,Yes,No,1,3.0,2,18.1,2.0,22.49,1,Divorced,Tablet,No
CUST-00954,62.0,Male,15,98.99,1466.14,Two Year,Electronic Check,None,Yes,No Internet,0,5.0,2,21.1,81.0,138.96,2,Divorced,Desktop,No
CUST-00955,40.0,Female,48,79.05,3803.75,Month-to-Month,Credit Card,Fiber Optic,No,No,0,5.0,3,1.0,80.0,128.02,1,Married,Mobile,Yes
CUST-00956,57.0,Female,45,29.09,1338.38,One Year,Electronic Check,DSL,Yes,No,2,2.0,2,48.6,52.0,60.95,2,Married,Desktop,Yes
CUST-00957,46.0,Female,17,86.26,1488.69,Month-to-Month,Electronic Check,None,No Internet,No,0,3.0,3,4.0,91.0,232.5,1,Married,Mobile,No
CUST-00958,48.0,Male,29,116.42,3373.69,Month-to-Month,Mailed Check,DSL,No,No,1,4.0,3,35.9,42.0,273.99,1,Single,Mobile,Yes
CUST-00959,49.0,Female,5,108.56,521.57,One Year,Bank Transfer,DSL,No,No,1,4.0,2,15.9,24.0,77.43,3,Single,Desktop,No
CUST-00960,48.0,Male,27,105.17,2860.2,Month-to-Month,Mailed Check,Fiber Optic,Yes,No,1,5.0,1,10.8,38.0,74.79,0,Married,Mobile,Yes
CUST-00961,50.0,Male,7,48.22,331.62,One Year,Bank Transfer,Fiber Optic,No,Yes,3,1.0,3,23.1,0.0,58.69,3,Single,Desktop,Yes
CUST-00962,60.0,Female,42,93.08,3999.63,Month-to-Month,Mailed Check,Fiber Optic,No Internet,No Internet,4,5.0,1,16.9,34.0,206.08,3,Single,Mobile,Yes
CUST-00963,44.0,Male,2,103.11,235.54,Month-to-Month,Credit Card,DSL,No,No,1,1.0,2,20.2,1.0,16.92,2,Married,Desktop,Yes
CUST-00964,51.0,Male,35,85.83,2957.88,Two Year,Credit Card,None,No Internet,Yes,2,3.0,3,29.3,65.0,19.13,3,Married,Mobile,No
CUST-00965,40.0,Female,2,43.06,62.24,Month-to-Month,Electronic Check,None,Yes,No,2,3.0,1,9.6,68.0,52.22,4,Married,Mobile,No
CUST-00966,62.0,Male,51,113.38,5784.79,Month-to-Month,Electronic Check,DSL,Yes,No,0,5.0,2,8.3,3.0,163.73,3,Single,Desktop,No
CUST-00967,32.0,Female,8,63.08,569.61,Month-to-Month,Bank Transfer,DSL,No Internet,No,1,3.0,1,34.5,34.0,75.81,3,Married,Mobile,Yes
CUST-00968,67.0,Male,25,30.98,845.06,Two Year,Electronic Check,DSL,No,No,2,3.0,2,24.0,33.0,296.19,2,Married,Tablet,Yes
CUST-00969,41.0,Male,16,28.98,443.87,Month-to-Month,Bank Transfer,None,Yes,No,2,5.0,5,1.0,20.0,118.56,0,Married,Desktop,No
CUST-00970,21.0,Male,10,82.75,780.82,One Year,Credit Card,None,No,Yes,2,4.0,5,15.9,0.0,141.04,1,Married,Mobile,No
CUST-00971,43.0,Male,24,61.77,1429.41,One Year,Credit Card,Fiber Optic,No,No,0,5.0,5,35.1,3.0,19.61,5,Single,Mobile,No
CUST-00972,32.0,Male,70,27.45,1934.12,One Year,Credit Card,None,No,Yes,1,,3,17.3,32.0,,0,Single,Desktop,No
CUST-00973,53.0,Female,1,92.04,207.23,Two Year,Electronic Check,Fiber Optic,No Internet,Yes,1,1.0,2,12.1,22.0,236.58,2,Single,Mobile,No
CUST-00974,32.0,Female,60,97.93,5902.75,Month-to-Month,Credit Card,Fiber Optic,Yes,No,2,3.0,2,2.9,1.0,100.27,3,Married,Mobile,No
CUST-00975,35.0,Female,22,90.54,1912.18,Two Year,Credit Card,Fiber Optic,No,Yes,3,2.0,1,45.1,21.0,217.78,1,Divorced,Desktop,No
CUST-00976,18.0,Male,39,38.23,1454.67,One Year,Mailed Check,DSL,No,Yes,1,1.0,1,14.8,56.0,68.31,1,Married,Mobile,No
CUST-00977,35.0,Female,11,86.98,925.58,Month-to-Month,Credit Card,DSL,No,No,3,3.0,1,1.6,66.0,239.42,2,Divorced,Mobile,No
CUST-00978,18.0,Female,15,19.07,244.95,Month-to-Month,Electronic Check,Fiber Optic,No,No Internet,1,5.0,2,39.4,35.0,162.67,7,Single,Desktop,No
CUST-00979,19.0,Female,48,48.51,2309.09,Two Year,Mailed Check,DSL,No,No,1,2.0,1,10.9,32.0,119.17,2,Married,Mobile,No
CUST-00980,52.0,Male,12,,713.03,One Year,Credit Card,DSL,Yes,Yes,2,1.0,5,2.6,43.0,216.06,1,Single,Tablet,No
CUST-00981,53.0,Female,18,101.52,1861.46,One Year,Credit Card,DSL,No,No,0,5.0,3,3.9,4.0,184.36,1,Single,Mobile,No
CUST-00982,47.0,Female,1,57.04,111.63,One Year,Electronic Check,Fiber Optic,Yes,No,1,4.0,1,51.5,6.0,159.72,0,Married,Mobile,No
CUST-00983,28.0,Male,4,19.13,102.73,One Year,Bank Transfer,None,Yes,Yes,0,4.0,2,8.6,19.0,63.31,3,Single,Desktop,No
CUST-00984,41.0,Female,24,53.23,1179.81,Month-to-Month,Bank Transfer,None,No,Yes,2,5.0,2,8.2,17.0,254.84,2,Single,Mobile,No
CUST-00985,41.0,Male,30,67.89,1983.83,Month-to-Month,Electronic Check,Fiber Optic,Yes,Yes,1,4.0,4,10.0,6.0,129.56,3,Married,Mobile,Yes
CUST-00986,25.0,Female,20,112.9,2250.1,One Year,Mailed Check,Fiber Optic,No,No,2,5.0,1,18.1,34.0,133.66,0,Married,Desktop,No
CUST-00987,63.0,Female,3,112.1,343.66,Month-to-Month,Credit Card,Fiber Optic,Yes,No,6,4.0,2,6.8,40.0,60.37,2,Married,Desktop,No
CUST-00988,54.0,Female,14,36.09,548.33,Month-to-Month,Electronic Check,DSL,No,No,2,,3,8.2,9.0,279.41,2,Married,Mobile,Yes
CUST-00989,38.0,Male,10,36.51,367.26,One Year,Credit Card,Fiber Optic,No Internet,No Internet,1,4.0,2,20.6,11.0,166.38,3,Married,Mobile,No
CUST-00990,42.0,Male,16,34.34,551.98,Month-to-Month,Bank Transfer,DSL,Yes,Yes,3,4.0,2,9.3,8.0,138.84,1,Married,Mobile,No
CUST-00991,44.0,Female,49,96.89,4759.5,Month-to-Month,Credit Card,Fiber Optic,No,No Internet,0,3.0,2,18.8,9.0,293.22,3,Single,Mobile,No
CUST-00992,18.0,Male,35,18.6,638.25,Two Year,Bank Transfer,DSL,No,No,0,3.0,3,49.1,13.0,109.8,2,Married,Mobile,No
CUST-00993,38.0,Male,2,30.72,65.78,One Year,Electronic Check,Fiber Optic,Yes,Yes,2,2.0,1,49.3,17.0,9.51,1,Single,Desktop,No
CUST-00994,32.0,Female,53,71.8,3861.69,Month-to-Month,Credit Card,DSL,No,No Internet,2,3.0,4,8.9,19.0,68.81,3,Married,Desktop,No
CUST-00995,27.0,Female,15,42.76,637.2,Two Year,Credit Card,DSL,Yes,No,2,4.0,1,4.0,19.0,223.95,1,Single,Mobile,No
CUST-00996,38.0,Male,32,27.24,870.17,One Year,Bank Transfer,None,Yes,No,2,4.0,2,4.3,28.0,46.85,2,Married,Mobile,No
CUST-00997,67.0,Male,3,53.99,160.29,Month-to-Month,Credit Card,DSL,No Internet,Yes,1,4.0,2,25.7,12.0,46.76,5,Married,Mobile,No
CUST-00998,50.0,Male,26,45.42,1245.81,Month-to-Month,Electronic Check,Fiber Optic,Yes,Yes,0,5.0,2,1.2,21.0,136.72,0,Single,Tablet,No
CUST-00999,34.0,Female,6,69.11,359.26,Month-to-Month,Electronic Check,DSL,No,No Internet,1,4.0,1,1.0,21.0,135.84,2,Divorced,Mobile,Yes
CUST-01000,50.0,Female,13,115.92,1595.75,Two Year,Electronic Check,DSL,Yes,No,3,,3,17.2,3.0,137.96,1,Single,Mobile,No
CUST-01001,61.0,Female,1,30.43,0.0,One Year,Electronic Check,Fiber Optic,Yes,No Internet,2,1.0,2,36.1,29.0,65.81,3,Married,Desktop,No
CUST-01002,54.0,Female,3,55.27,133.1,One Year,Bank Transfer,Fiber Optic,,No,2,2.0,3,3.9,9.0,50.55,2,Married,Mobile,No
CUST-01003,42.0,Female,2,111.2,259.64,Two Year,Credit Card,DSL,No,Yes,1,5.0,3,1.0,1.0,230.71,2,Married,Mobile,No
CUST-01004,32.0,Female,6,105.69,685.66,Month-to-Month,Electronic Check,None,No,Yes,2,4.0,1,33.8,31.0,181.17,1,Single,Tablet,Yes
CUST-01005,51.0,Male,2,57.43,44.69,Month-to-Month,Bank Transfer,Fiber Optic,No,No,3,5.0,5,6.6,1.0,96.35,1,Single,Mobile,Yes
CUST-01006,47.0,Female,28,87.9,2406.56,Month-to-Month,Mailed Check,DSL,No,Yes,3,3.0,4,,17.0,59.13,4,Married,Mobile,Yes
CUST-01007,54.0,Male,1,26.79,,Month-to-Month,Mailed Check,DSL,No,No,2,4.0,4,27.1,29.0,263.29,1,Divorced,Mobile,No
CUST-01008,50.0,Female,23,89.25,2169.97,One Year,Mailed Check,Fiber Optic,No Internet,Yes,0,4.0,2,4.3,196.0,40.96,2,Married,Tablet,No
CUST-01009,56.0,Female,3,115.29,408.18,One Year,Bank Transfer,Fiber Optic,No Internet,No Internet,1,4.0,4,13.8,21.0,175.16,5,Married,Desktop,Yes
CUST-01010,34.0,Male,69,71.75,4938.35,Month-to-Month,Bank Transfer,DSL,No,No Internet,2,4.0,3,71.5,11.0,183.07,2,Single,Desktop,No
CUST-01011,60.0,Female,64,67.85,4221.44,Month-to-Month,Mailed Check,DSL,No Internet,No,1,4.0,2,20.3,20.0,257.06,3,Married,Mobile,No
CUST-01012,44.0,Male,6,36.73,224.46,Month-to-Month,Electronic Check,DSL,No,No,2,5.0,3,,6.0,17.04,4,Single,Desktop,No
CUST-01013,71.0,Female,22,81.38,1808.47,Two Year,Electronic Check,DSL,No,No Internet,2,5.0,3,21.9,17.0,92.32,0,Single,Desktop,Yes
CUST-01014,32.0,Male,1,77.04,57.91,One Year,Credit Card,DSL,No,No,1,2.0,1,1.0,61.0,289.82,4,Married,Mobile,No
CUST-01015,66.0,Female,64,83.19,5281.62,One Year,Electronic Check,None,No Internet,No,1,4.0,5,3.6,4.0,170.66,4,Married,Desktop,No
CUST-01016,44.0,Male,17,20.61,358.33,Month-to-Month,Electronic Check,Fiber Optic,No,No,1,2.0,2,20.5,22.0,125.32,1,Married,Desktop,No
CUST-01017,32.0,Male,1,72.87,25.76,Month-to-Month,Bank Transfer,Fiber Optic,No,No,3,5.0,3,4.6,29.0,95.05,3,Married,Mobile,Yes
CUST-01018,35.0,Male,10,77.49,868.52,Month-to-Month,Mailed Check,DSL,No,No,1,5.0,2,2.0,11.0,44.77,2,Married,Desktop,Yes
CUST-01019,37.0,Male,1,38.75,114.59,Two Year,Bank Transfer,DSL,No Internet,No,3,3.0,1,5.2,39.0,56.14,2,Married,Mobile,No
CUST-01020,47.0,Male,11,38.83,460.03,One Year,Electronic Check,DSL,No Internet,Yes,1,5.0,4,2.8,32.0,233.79,3,Married,Mobile,No
CUST-01021,49.0,Female,26,45.62,1190.61,One Year,Bank Transfer,Fiber Optic,Yes,No,0,4.0,3,8.2,18.0,73.28,4,Married,Desktop,No
CUST-01022,33.0,Male,15,89.17,1304.54,One Year,Electronic Check,DSL,No,Yes,3,4.0,4,2.0,30.0,65.96,0,Married,Mobile,No
CUST-01023,41.0,Male,11,78.63,863.89,One Year,Credit Card,DSL,Yes,No,1,4.0,2,27.3,55.0,95.74,1,Married,Mobile,No
CUST-01024,71.0,Male,3,102.58,389.7,Month-to-Month,Bank Transfer,DSL,Yes,No,0,,3,22.7,,226.9,2,Divorced,Mobile,Yes
CUST-01025,66.0,Female,6,47.57,328.85,Month-to-Month,Electronic Check,None,No Internet,Yes,0,5.0,3,5.5,25.0,126.1,2,Single,Mobile,Yes
CUST-01026,48.0,Female,2,109.21,228.6,One Year,Bank Transfer,Fiber Optic,No,Yes,0,2.0,2,11.0,29.0,8.53,0,Married,Desktop,No
CUST-01027,42.0,Female,39,92.37,3648.63,Month-to-Month,Electronic Check,DSL,No,No,1,4.0,1,29.0,33.0,153.91,2,Divorced,Desktop,Yes
CUST-01028,,Female,3,57.5,199.78,Month-to-Month,Bank Transfer,Fiber Optic,No,No Internet,1,3.0,4,39.7,15.0,83.43,0,Single,Desktop,No
CUST-01029,50.0,Male,21,27.53,597.94,One Year,Mailed Check,Fiber Optic,No,No,0,4.0,1,1.4,54.0,137.45,2,Divorced,Mobile,Yes
CUST-01030,27.0,Male,10,43.7,486.03,Two Year,Bank Transfer,DSL,Yes,Yes,2,2.0,4,19.2,77.0,265.0,4,Married,Desktop,No
CUST-01031,38.0,Male,6,113.68,707.93,Two Year,Electronic Check,DSL,Yes,No,2,3.0,3,2.2,29.0,59.05,3,Married,Mobile,No
CUST-01032,18.0,Female,24,49.04,1219.89,Month-to-Month,Credit Card,None,No,No Internet,1,5.0,3,1.0,65.0,101.57,3,Married,Mobile,No
CUST-01033,47.0,Female,14,50.99,721.93,Month-to-Month,Credit Card,DSL,Yes,No,2,4.0,1,1.2,40.0,283.57,1,Single,Mobile,No
CUST-01034,51.0,Female,12,36.96,430.81,One Year,Electronic Check,None,Yes,Yes,2,3.0,2,12.9,16.0,231.99,3,Married,Mobile,No
CUST-01035,35.0,Male,21,98.69,2045.08,Two Year,Credit Card,DSL,No,No,0,4.0,2,7.1,20.0,82.29,3,Divorced,Mobile,No
CUST-01036,64.0,Male,16,45.56,695.59,Two Year,Mailed Check,Fiber Optic,No Internet,Yes,1,3.0,1,1.9,25.0,31.9,3,Divorced,Mobile,No
CUST-01037,24.0,Male,8,51.03,327.98,Two Year,Credit Card,DSL,Yes,Yes,2,3.0,3,9.6,83.0,280.18,2,Single,Desktop,Yes
CUST-01038,21.0,Female,19,59.43,1083.57,One Year,Mailed Check,Fiber Optic,No Internet,Yes,3,4.0,1,10.6,31.0,43.62,4,Single,Mobile,Yes
CUST-01039,45.0,Male,26,61.37,1548.58,Month-to-Month,Bank Transfer,None,No,Yes,3,5.0,2,23.2,21.0,109.41,2,Single,Tablet,Yes
CUST-01040,56.0,Female,1,59.13,33.76,Month-to-Month,Electronic Check,Fiber Optic,Yes,No,3,4.0,2,16.3,3.0,99.54,2,Married,Desktop,Yes
CUST-01041,65.0,Male,15,68.37,1103.66,Month-to-Month,Credit Card,DSL,No,No,2,1.0,5,9.4,32.0,34.8,2,Divorced,Tablet,Yes
CUST-01042,35.0,Female,1,99.45,91.57,One Year,Bank Transfer,DSL,No,No,0,4.0,4,5.9,24.0,30.24,4,Single,Mobile,Yes
CUST-01043,57.0,Female,4,99.93,411.81,Month-to-Month,Credit Card,None,No Internet,No,0,3.0,2,1.0,84.0,84.72,3,Single,Mobile,No
CUST-01044,41.0,Female,19,97.83,1872.44,One Year,Bank Transfer,Fiber Optic,No Internet,No,0,3.0,4,26.8,12.0,110.47,0,Divorced,Desktop,No
CUST-01045,39.0,Female,48,28.11,,One Year,Electronic Check,DSL,Yes,No,0,5.0,3,4.7,47.0,290.67,1,Married,Desktop,No
CUST-01046,54.0,Female,51,97.97,4967.69,Month-to-Month,Electronic Check,None,No,No,1,3.0,1,3.6,9.0,160.91,0,Married,Mobile,Yes
CUST-01047,51.0,Female,1,30.03,18.9,Two Year,Mailed Check,Fiber Optic,No,Yes,1,3.0,5,19.9,5.0,272.73,0,Single,Desktop,No
CUST-01048,19.0,Female,13,30.47,390.8,One Year,Bank Transfer,DSL,Yes,No,2,1.0,3,1.1,0.0,38.54,2,Married,Mobile,Yes
CUST-01049,62.0,Female,20,112.79,2312.63,Two Year,Credit Card,Fiber Optic,Yes,No Internet,1,5.0,3,4.6,67.0,71.55,3,Married,Mobile,No
CUST-01050,61.0,Female,3,99.94,367.03,Two Year,Bank Transfer,Fiber Optic,No,No,4,,3,8.6,17.0,48.85,3,Married,Desktop,Yes
CUST-01051,33.0,Female,34,73.24,2513.89,Month-to-Month,Electronic Check,None,Yes,No,2,2.0,1,8.7,9.0,112.52,2,Divorced,Desktop,Yes
CUST-01052,47.0,Female,32,105.5,3437.65,Month-to-Month,Credit Card,DSL,No,Yes,2,3.0,1,2.6,15.0,275.25,2,Divorced,Desktop,No
CUST-01053,48.0,Female,56,116.94,6557.52,Month-to-Month,Electronic Check,None,No Internet,No Internet,1,3.0,1,1.0,,88.21,3,Married,Mobile,No
CUST-01054,45.0,Male,1,79.06,70.43,One Year,Credit Card,None,No,No Internet,2,1.0,3,9.5,14.0,178.67,4,Single,Mobile,No
CUST-01055,34.0,Male,5,79.29,455.39,One Year,Credit Card,Fiber Optic,No Internet,No Internet,0,5.0,3,6.6,7.0,274.67,4,Divorced,Mobile,Yes
CUST-01056,32.0,Female,42,,3948.86,Two Year,Electronic Check,DSL,Yes,Yes,1,5.0,2,5.0,2.0,150.8,2,Married,Desktop,No
CUST-01057,41.0,Female,26,41.21,1034.68,Month-to-Month,Bank Transfer,None,No,No Internet,1,5.0,1,4.7,29.0,158.31,1,Single,Desktop,No
CUST-01058,58.0,Female,53,34.71,1889.5,One Year,Bank Transfer,Fiber Optic,No Internet,Yes,0,3.0,3,10.5,108.0,165.75,1,Married,Mobile,No
CUST-01059,49.0,Male,1,93.96,83.54,Two Year,Electronic Check,None,Yes,No,1,4.0,2,1.0,30.0,84.09,1,Married,Mobile,No
CUST-01060,36.0,Female,21,52.49,1085.75,One Year,Credit Card,DSL,No,No,1,2.0,3,1.7,88.0,125.52,1,Married,Mobile,No
CUST-01061,52.0,Female,20,31.51,674.85,Month-to-Month,Credit Card,None,Yes,No Internet,4,,1,5.9,63.0,254.23,0,Single,Desktop,No
CUST-01062,18.0,Male,1,49.49,45.05,One Year,Electronic Check,None,No,No,4,,2,9.8,5.0,119.92,1,Single,Mobile,No
CUST-01063,58.0,Female,17,53.86,935.07,Month-to-Month,Bank Transfer,None,No,No,4,1.0,1,17.8,63.0,125.67,0,Married,Mobile,Yes
CUST-01064,18.0,Female,22,114.52,2552.54,Month-to-Month,Credit Card,DSL,No Internet,No Internet,1,3.0,3,5.2,0.0,34.8,2,Single,Desktop,No
CUST-01065,36.0,Male,5,87.8,399.85,Month-to-Month,Electronic Check,Fiber Optic,No,No,1,3.0,1,16.5,21.0,139.06,2,Divorced,Tablet,No
CUST-01066,26.0,Female,7,71.09,516.87,Month-to-Month,Electronic Check,DSL,No Internet,No,1,4.0,1,7.3,22.0,24.95,3,Single,Desktop,Yes
CUST-01067,23.0,Female,24,114.89,2824.83,One Year,Credit Card,DSL,Yes,Yes,1,3.0,5,22.4,38.0,80.17,2,Married,Desktop,No
CUST-01068,58.0,Male,15,,1576.83,Month-to-Month,Electronic Check,DSL,No,No,4,2.0,1,9.8,42.0,293.84,3,Married,Mobile,No
CUST-01069,35.0,Male,46,69.2,3205.7,One Year,Bank Transfer,None,No,Yes,0,4.0,1,11.7,7.0,271.48,0,Divorced,Mobile,No
CUST-01070,46.0,Female,10,108.57,1044.23,Month-to-Month,Credit Card,Fiber Optic,No,No Internet,0,4.0,1,8.6,64.0,186.39,1,Divorced,Mobile,Yes
CUST-01071,41.0,Male,7,58.43,,Month-to-Month,Electronic Check,DSL,No,No Internet,1,4.0,4,2.1,5.0,213.85,1,Married,Desktop,Yes
CUST-01072,48.0,Male,72,41.04,3005.48,Month-to-Month,Electronic Check,None,No Internet,Yes,1,3.0,3,2.8,97.0,71.28,1,Single,Mobile,Yes
CUST-01073,43.0,Male,58,41.27,2375.94,Month-to-Month,Mailed Check,Fiber Optic,Yes,No,3,1.0,5,7.7,126.0,43.21,3,Single,Mobile,No
CUST-01074,24.0,Female,1,84.23,194.71,Month-to-Month,Electronic Check,None,Yes,No,2,5.0,3,1.6,35.0,165.29,2,Married,Desktop,No
CUST-01075,55.0,Female,35,68.11,2439.18,One Year,Bank Transfer,None,,No,0,2.0,1,2.3,31.0,269.41,0,Married,Mobile,No
CUST-01076,35.0,Female,2,83.9,203.15,Two Year,Credit Card,Fiber Optic,No,No,1,3.0,1,14.7,116.0,249.7,3,Divorced,Tablet,No
CUST-01077,20.0,Male,1,86.61,119.14,Month-to-Month,Mailed Check,DSL,No,Yes,2,3.0,3,15.0,8.0,176.75,3,Married,Tablet,No
CUST-01078,36.0,Female,7,20.23,190.81,Month-to-Month,Electronic Check,None,Yes,Yes,3,,4,2.0,30.0,295.41,0,Married,Tablet,No
CUST-01079,63.0,Male,7,23.4,114.02,Month-to-Month,Credit Card,DSL,Yes,No,0,3.0,4,28.8,15.0,74.4,2,Married,Desktop,No
CUST-01080,53.0,Male,41,71.27,2931.8,Two Year,Credit Card,Fiber Optic,Yes,Yes,1,5.0,3,29.1,5.0,230.05,1,Single,Mobile,No
CUST-01081,37.0,Male,29,37.1,1095.06,One Year,Electronic Check,None,Yes,No,0,3.0,3,7.2,4.0,85.1,3,Married,Desktop,No
CUST-01082,37.0,Male,72,81.25,5829.99,One Year,Electronic Check,DSL,No,No,1,3.0,3,10.3,36.0,292.33,4,Married,Desktop,No
CUST-01083,37.0,Female,29,73.22,2146.62,Month-to-Month,Credit Card,Fiber Optic,No,No Internet,1,3.0,3,24.3,7.0,79.38,1,Single,Mobile,Yes
CUST-01084,71.0,Female,13,76.58,1057.12,Month-to-Month,Electronic Check,Fiber Optic,No Internet,No,3,5.0,1,21.6,27.0,109.67,4,Married,Mobile,Yes
CUST-01085,47.0,Male,28,48.25,1329.91,Month-to-Month,Credit Card,DSL,Yes,No,0,2.0,2,6.8,8.0,142.92,1,Divorced,Desktop,No
CUST-01086,48.0,Female,72,81.98,5899.84,Two Year,Credit Card,DSL,No,Yes,3,2.0,2,5.7,18.0,96.51,2,Married,Desktop,No
CUST-01087,56.0,Female,29,100.95,2886.52,Month-to-Month,Bank Transfer,None,No,Yes,0,2.0,3,16.4,40.0,82.66,4,Single,Mobile,Yes
CUST-01088,45.0,Female,34,117.81,3916.19,One Year,Bank Transfer,DSL,Yes,No Internet,3,3.0,2,6.8,22.0,141.14,3,Married,Mobile,No
CUST-01089,38.0,Male,66,101.84,,One Year,Electronic Check,None,No Internet,No,1,4.0,2,17.5,61.0,244.93,4,Single,Desktop,No
CUST-01090,39.0,Female,2,73.75,146.21,One Year,Bank Transfer,Fiber Optic,No,No,1,4.0,3,2.1,22.0,232.11,3,Married,Mobile,Yes
CUST-01091,40.0,Male,29,37.34,1085.24,Month-to-Month,Credit Card,Fiber Optic,No Internet,No Internet,2,4.0,2,16.7,6.0,133.3,0,Single,Mobile,Yes
CUST-01092,41.0,Female,45,86.14,3826.96,One Year,Mailed Check,None,Yes,Yes,1,5.0,1,23.1,68.0,93.89,3,Married,Mobile,No
CUST-01093,52.0,Male,72,111.77,8038.16,Month-to-Month,Credit Card,Fiber Optic,Yes,No,1,3.0,5,,16.0,39.43,1,Single,Tablet,No
CUST-01094,42.0,Female,5,39.19,,Two Year,Electronic Check,Fiber Optic,No,Yes,2,4.0,5,9.1,60.0,260.91,2,Divorced,Desktop,No
CUST-01095,52.0,Male,16,43.6,697.64,Month-to-Month,Electronic Check,DSL,Yes,No,2,3.0,1,12.3,7.0,265.77,1,Married,Desktop,No
CUST-01096,40.0,Male,27,32.9,889.76,Month-to-Month,Credit Card,Fiber Optic,No,Yes,3,4.0,2,5.1,30.0,20.02,2,Married,Desktop,No
CUST-01097,43.0,Female,6,91.67,560.4,Month-to-Month,Credit Card,Fiber Optic,No Internet,Yes,3,5.0,3,2.4,5.0,224.6,0,Divorced,Mobile,No
CUST-01098,18.0,Female,22,58.66,1228.7,Two Year,Mailed Check,DSL,Yes,No,1,5.0,3,2.9,2.0,265.17,1,Single,Mobile,No
CUST-01099,54.0,Female,7,24.27,201.14,Month-to-Month,Electronic Check,Fiber Optic,Yes,No,4,4.0,2,27.9,204.0,220.92,2,Divorced,Tablet,Yes
CUST-01100,46.0,Female,9,105.49,886.65,Month-to-Month,Credit Card,Fiber Optic,Yes,No Internet,0,5.0,4,,0.0,101.89,2,Single,Desktop,No
CUST-01101,55.0,Male,13,73.77,912.03,Month-to-Month,Mailed Check,None,No,No,0,4.0,3,7.1,26.0,128.68,3,Married,Desktop,No
CUST-01102,18.0,Female,18,51.11,867.52,Month-to-Month,Bank Transfer,Fiber Optic,No,No,1,5.0,1,29.9,0.0,90.18,3,Single,Tablet,No
CUST-01103,71.0,Male,14,52.4,724.84,One Year,Bank Transfer,None,No,No,0,5.0,3,1.8,24.0,162.81,1,Single,Mobile,No
CUST-01104,40.0,Male,16,47.03,734.86,Month-to-Month,Electronic Check,Fiber Optic,No,No,1,2.0,2,13.5,3.0,266.97,4,Divorced,Desktop,Yes
CUST-01105,57.0,Female,8,63.55,508.34,One Year,Electronic Check,None,No,No,2,,3,23.5,46.0,201.41,3,Married,Mobile,No
CUST-01106,27.0,Female,4,51.7,161.54,One Year,Bank Transfer,Fiber Optic,No,Yes,4,3.0,3,2.0,10.0,137.5,1,Single,Desktop,Yes
CUST-01107,50.0,Female,1,72.79,123.06,Two Year,Credit Card,Fiber Optic,No Internet,No,3,1.0,2,1.9,12.0,258.1,1,Married,Mobile,No
CUST-01108,27.0,Female,5,95.35,,Month-to-Month,Electronic Check,Fiber Optic,No,No,3,3.0,2,1.0,8.0,0.27,3,Divorced,Desktop,Yes
CUST-01109,,Female,20,85.45,1700.31,Month-to-Month,Electronic Check,Fiber Optic,Yes,No Internet,0,2.0,3,42.7,3.0,82.35,1,Married,Desktop,Yes
CUST-01110,68.0,Male,37,47.45,1731.73,Two Year,Mailed Check,None,Yes,No Internet,2,1.0,2,17.7,20.0,130.78,3,Single,Desktop,Yes
CUST-01111,39.0,Male,4,70.87,,One Year,Bank Transfer,DSL,Yes,No,2,3.0,1,1.1,17.0,177.75,2,Single,Mobile,No
CUST-01112,45.0,Female,2,102.01,188.51,Month-to-Month,Electronic Check,DSL,No,No,2,3.0,2,16.7,23.0,298.68,1,Married,Desktop,Yes
CUST-01113,54.0,Male,33,24.82,749.05,One Year,Credit Card,None,No,No,1,5.0,3,5.4,29.0,191.86,5,Married,Mobile,No
CUST-01114,48.0,Male,8,25.83,158.66,Two Year,Mailed Check,Fiber Optic,Yes,Yes,2,5.0,2,1.7,2.0,114.46,2,Divorced,Desktop,No
CUST-01115,44.0,Male,72,73.62,,Month-to-Month,Bank Transfer,DSL,No,No,1,5.0,3,72.8,16.0,217.46,4,Single,Tablet,No
CUST-01116,47.0,Female,30,81.91,2472.39,Two Year,Electronic Check,Fiber Optic,No,No Internet,2,5.0,2,3.0,26.0,295.25,1,Single,Desktop,No
CUST-01117,75.0,Male,9,39.14,433.97,Month-to-Month,Mailed Check,Fiber Optic,Yes,No Internet,1,4.0,4,24.0,11.0,183.38,0,Married,Mobile,No
CUST-01118,41.0,Female,8,92.52,725.2,Month-to-Month,Electronic Check,Fiber Optic,No,No,1,4.0,1,32.0,6.0,105.5,2,Single,Mobile,Yes
CUST-01119,44.0,Female,17,82.63,1386.63,Month-to-Month,Electronic Check,None,No,No,1,1.0,2,11.3,27.0,204.65,2,Married,Mobile,No
CUST-01120,56.0,Male,1,110.33,89.94,Month-to-Month,Electronic Check,Fiber Optic,Yes,Yes,0,3.0,3,,38.0,139.23,2,Divorced,Mobile,Yes
CUST-01121,57.0,Female,3,34.9,88.74,Month-to-Month,Mailed Check,Fiber Optic,No Internet,No,0,4.0,1,1.9,41.0,160.73,6,Single,Desktop,Yes
CUST-01122,58.0,Female,4,93.14,339.56,Two Year,Electronic Check,None,Yes,No Internet,4,3.0,5,48.6,11.0,286.61,1,Married,Mobile,No
CUST-01123,50.0,Female,35,26.36,936.15,One Year,Electronic Check,None,No,No,2,3.0,3,1.1,3.0,130.98,0,Married,Mobile,No
CUST-01124,25.0,Female,17,74.53,1268.47,One Year,Electronic Check,DSL,No Internet,No,6,2.0,4,9.7,74.0,94.12,1,Single,Desktop,Yes
CUST-01125,64.0,Male,1,73.19,47.69,One Year,Credit Card,Fiber Optic,No,No,2,1.0,3,29.0,34.0,190.42,2,Married,Tablet,Yes
CUST-01126,25.0,Female,26,56.84,1540.4,Month-to-Month,Bank Transfer,Fiber Optic,No,No,1,2.0,3,12.1,88.0,170.5,0,Married,Desktop,Yes
CUST-01127,,Male,13,102.46,1426.81,Month-to-Month,Bank Transfer,None,No Internet,No,2,5.0,2,13.1,4.0,119.2,4,Single,Desktop,No
CUST-01128,31.0,Female,17,18.44,371.81,Two Year,Bank Transfer,Fiber Optic,Yes,No,3,4.0,3,2.6,32.0,90.82,0,Single,Desktop,No
CUST-01129,41.0,Female,5,70.02,378.01,One Year,Electronic Check,Fiber Optic,Yes,No,2,3.0,3,62.4,6.0,157.56,3,Single,Mobile,Yes
CUST-01130,46.0,Female,19,39.72,792.77,Month-to-Month,Credit Card,None,No,No Internet,1,1.0,4,3.9,60.0,49.04,3,Married,Mobile,Yes
CUST-01131,46.0,Male,72,92.35,6742.02,Two Year,Credit Card,Fiber Optic,,No,2,2.0,1,29.4,21.0,80.36,5,Married,Desktop,No
CUST-01132,47.0,Male,1,22.31,60.33,Month-to-Month,Bank Transfer,None,,No Internet,2,3.0,1,47.0,22.0,255.2,5,Married,Mobile,No
CUST-01133,64.0,Male,8,101.16,780.02,Two Year,Bank Transfer,None,No Internet,No Internet,1,2.0,3,4.9,80.0,272.74,0,Single,Desktop,No
CUST-01134,48.0,Male,6,101.81,630.47,Two Year,Bank Transfer,None,Yes,No,0,4.0,2,19.7,10.0,117.99,4,Single,Desktop,No
CUST-01135,38.0,Male,6,101.29,639.05,Month-to-Month,Mailed Check,None,No Internet,Yes,4,4.0,3,1.3,28.0,250.25,3,Married,Desktop,Yes
CUST-01136,55.0,Female,11,33.26,316.12,Month-to-Month,Electronic Check,Fiber Optic,No Internet,Yes,2,2.0,1,20.3,4.0,30.96,2,Married,Mobile,No
CUST-01137,58.0,Male,40,81.04,3227.35,Two Year,Bank Transfer,DSL,No,No,1,4.0,3,9.9,13.0,64.88,1,Married,Mobile,No
CUST-01138,24.0,Female,58,19.44,1182.54,Month-to-Month,Credit Card,Fiber Optic,No Internet,No Internet,2,3.0,2,1.9,6.0,178.98,1,Married,Mobile,No
CUST-01139,50.0,Male,5,102.8,422.83,Month-to-Month,Electronic Check,None,Yes,No Internet,1,5.0,1,33.8,6.0,203.37,0,Married,Mobile,Yes
CUST-01140,51.0,Female,18,90.3,1562.88,Month-to-Month,Electronic Check,None,No Internet,Yes,0,4.0,5,17.0,32.0,75.53,0,Divorced,Desktop,No
CUST-01141,37.0,Female,24,71.12,1698.06,One Year,Bank Transfer,DSL,No Internet,No,0,4.0,3,2.8,10.0,281.92,4,Married,Desktop,No
CUST-01142,61.0,Female,17,91.06,1565.7,One Year,Credit Card,DSL,Yes,No Internet,0,4.0,3,11.4,8.0,187.04,2,Married,Desktop,No
CUST-01143,39.0,Female,13,27.43,288.71,Two Year,Credit Card,Fiber Optic,No,Yes,1,2.0,3,5.9,49.0,276.44,2,Single,Desktop,No
CUST-01144,43.0,Male,5,70.87,348.01,Two Year,Credit Card,Fiber Optic,No,No Internet,0,5.0,1,18.6,19.0,31.76,0,Married,Mobile,No
CUST-01145,39.0,Female,16,47.13,811.77,Two Year,Bank Transfer,DSL,Yes,No,2,4.0,2,14.8,14.0,175.01,2,Single,Desktop,No
CUST-01146,,Male,12,115.26,1386.55,Month-to-Month,Electronic Check,Fiber Optic,Yes,No Internet,2,4.0,3,3.2,,102.54,2,Single,Mobile,Yes
CUST-01147,26.0,Male,38,103.71,3987.93,One Year,Mailed Check,DSL,Yes,No,2,4.0,1,4.2,20.0,259.98,1,Married,Mobile,No
CUST-01148,21.0,Female,34,91.33,3075.61,Month-to-Month,Bank Transfer,Fiber Optic,No,No,0,3.0,3,18.3,50.0,4.01,1,Married,Desktop,No
CUST-01149,64.0,Female,3,111.37,293.61,Month-to-Month,Electronic Check,DSL,No,No,2,5.0,5,16.9,11.0,230.14,3,Married,Mobile,No
CUST-01150,30.0,Female,2,52.68,147.8,Two Year,Mailed Check,None,No Internet,No Internet,1,5.0,3,5.6,98.0,49.22,3,Married,Desktop,No
CUST-01151,28.0,Male,57,108.09,6179.59,Month-to-Month,Electronic Check,Fiber Optic,,No,3,3.0,2,9.8,77.0,267.01,0,Married,Desktop,No
CUST-01152,18.0,Male,18,50.52,850.08,Two Year,Electronic Check,Fiber Optic,No,No,1,3.0,2,9.4,52.0,138.7,4,Divorced,Tablet,Yes
CUST-01153,33.0,Male,46,91.28,4158.84,Month-to-Month,Mailed Check,Fiber Optic,Yes,No,0,2.0,3,2.0,7.0,51.65,1,Single,Mobile,No
CUST-01154,23.0,Male,1,91.64,169.87,Two Year,Bank Transfer,DSL,No,No Internet,0,3.0,3,14.6,39.0,245.36,1,Single,Mobile,No
CUST-01155,64.0,Male,17,19.83,290.88,Month-to-Month,Credit Card,None,No Internet,Yes,0,3.0,3,4.6,51.0,150.95,2,Single,Mobile,No
CUST-01156,56.0,Male,18,54.11,1020.7,Month-to-Month,Mailed Check,Fiber Optic,No,No,0,5.0,3,9.2,13.0,18.46,2,Married,Desktop,Yes
CUST-01157,32.0,Male,47,19.94,913.27,Month-to-Month,Bank Transfer,Fiber Optic,No,Yes,2,4.0,2,1.1,4.0,9.82,2,Single,Mobile,Yes
CUST-01158,73.0,Female,2,117.71,235.26,Month-to-Month,Electronic Check,DSL,No,No,2,4.0,2,14.3,9.0,76.08,1,Married,Desktop,Yes
CUST-01159,55.0,Male,6,30.22,196.05,Month-to-Month,Electronic Check,DSL,No,No,2,5.0,2,27.5,26.0,214.09,2,Single,Desktop,Yes
CUST-01160,37.0,Female,12,72.28,762.31,Two Year,Bank Transfer,Fiber Optic,No,Yes,2,4.0,1,12.6,8.0,130.28,0,Married,Desktop,No
CUST-01161,18.0,Male,48,97.06,4585.74,One Year,Bank Transfer,DSL,Yes,No Internet,4,1.0,1,13.6,32.0,157.89,1,Single,Tablet,No
CUST-01162,74.0,Female,67,38.13,2559.03,Month-to-Month,Bank Transfer,Fiber Optic,No,No,4,2.0,2,16.8,14.0,40.84,2,Single,Mobile,No
CUST-01163,22.0,Female,72,66.51,4752.5,Month-to-Month,Credit Card,Fiber Optic,No,No,4,3.0,1,3.3,7.0,216.08,4,Divorced,Desktop,No
CUST-01164,18.0,Male,72,78.74,5719.11,Month-to-Month,Credit Card,DSL,No Internet,No,1,3.0,1,1.1,28.0,108.38,3,Single,Desktop,No
CUST-01165,56.0,Female,1,34.02,0.0,Month-to-Month,Bank Transfer,DSL,No,No,1,5.0,2,28.9,2.0,100.45,1,Divorced,Tablet,No
CUST-01166,76.0,Male,1,,124.12,One Year,Credit Card,None,Yes,Yes,1,4.0,2,28.1,29.0,174.56,2,Single,Mobile,No
CUST-01167,61.0,Female,3,47.93,74.98,Month-to-Month,Bank Transfer,None,Yes,No Internet,1,2.0,1,11.8,109.0,229.65,1,Single,Desktop,Yes
CUST-01168,49.0,Male,10,39.1,373.39,One Year,Credit Card,DSL,No Internet,No,1,4.0,5,3.3,37.0,7.25,2,Divorced,Mobile,No
CUST-01169,50.0,Female,42,73.83,3047.64,Month-to-Month,Electronic Check,DSL,No Internet,No,0,2.0,2,25.5,11.0,14.7,1,Married,Tablet,Yes
CUST-01170,53.0,Male,53,59.03,3223.71,One Year,Mailed Check,Fiber Optic,Yes,Yes,2,2.0,3,3.7,69.0,28.81,4,Married,Mobile,No
CUST-01171,52.0,Male,4,110.03,373.15,One Year,Electronic Check,DSL,No Internet,No,1,,1,29.6,22.0,253.83,4,Married,Desktop,No
CUST-01172,45.0,Female,23,106.01,2432.13,Month-to-Month,Bank Transfer,None,No Internet,No Internet,2,5.0,2,8.3,22.0,256.61,1,Married,Desktop,No
CUST-01173,43.0,Male,59,66.34,3827.72,Two Year,Mailed Check,Fiber Optic,No,No,1,3.0,2,1.0,14.0,191.52,2,Married,Tablet,No
CUST-01174,41.0,Female,14,53.93,835.0,One Year,Credit Card,None,,Yes,1,5.0,2,25.5,1.0,13.76,3,Married,Mobile,No
CUST-01175,31.0,Male,2,50.55,121.16,One Year,Bank Transfer,None,No,Yes,4,4.0,1,12.3,9.0,225.28,3,Single,Desktop,No
CUST-01176,38.0,Female,14,44.76,633.49,Month-to-Month,Credit Card,Fiber Optic,No,No Internet,2,4.0,1,5.7,51.0,260.31,1,Married,Mobile,No
CUST-01177,18.0,Male,11,72.45,870.67,Two Year,Bank Transfer,Fiber Optic,Yes,Yes,1,4.0,2,9.0,9.0,274.61,2,Single,Mobile,No
CUST-01178,40.0,Female,20,98.5,1977.37,One Year,Credit Card,None,No,No Internet,1,2.0,1,,15.0,240.74,0,Married,Mobile,Yes
CUST-01179,28.0,Female,13,49.08,649.02,Month-to-Month,Credit Card,Fiber Optic,No Internet,Yes,2,5.0,1,3.4,30.0,134.56,3,Single,Desktop,Yes
CUST-01180,26.0,Male,1,37.01,43.6,Month-to-Month,Credit Card,DSL,No Internet,No,1,3.0,3,1.6,9.0,137.63,2,Married,Desktop,No
CUST-01181,44.0,Male,72,65.55,4747.78,Month-to-Month,Bank Transfer,Fiber Optic,No,No,2,5.0,1,23.0,50.0,149.13,7,Married,Mobile,Yes
CUST-01182,61.0,Male,18,24.9,423.58,Month-to-Month,Bank Transfer,Fiber Optic,No,Yes,3,5.0,1,14.6,68.0,142.16,2,Single,Desktop,Yes
CUST-01183,54.0,Female,15,88.13,1311.24,Two Year,Electronic Check,None,No,No,0,5.0,1,30.6,1.0,154.28,1,Single,Desktop,No
CUST-01184,20.0,Male,72,69.84,5069.0,Month-to-Month,Bank Transfer,Fiber Optic,No,No,0,,5,5.6,25.0,24.46,1,Divorced,Desktop,No
CUST-01185,28.0,Male,4,67.64,284.43,Two Year,Credit Card,DSL,No,No,1,3.0,1,12.4,12.0,244.39,0,Divorced,Tablet,No
CUST-01186,55.0,Male,5,48.04,234.49,Month-to-Month,Electronic Check,DSL,No,No,3,5.0,2,1.0,24.0,0.87,0,Divorced,Mobile,No
CUST-01187,28.0,Male,39,108.47,4160.3,Month-to-Month,Bank Transfer,None,Yes,No Internet,1,3.0,2,,23.0,9.32,1,Married,Mobile,No
CUST-01188,38.0,Female,7,27.05,264.25,Two Year,Credit Card,None,Yes,No,1,4.0,5,3.2,0.0,7.95,2,Divorced,Mobile,No
CUST-01189,49.0,Female,38,104.98,3956.17,Month-to-Month,Credit Card,Fiber Optic,No,Yes,4,5.0,4,1.8,31.0,270.05,0,Single,Mobile,Yes
CUST-01190,28.0,Female,7,55.67,439.05,One Year,Electronic Check,DSL,No,No,2,3.0,1,9.9,7.0,298.63,2,Single,Desktop,Yes
CUST-01191,43.0,Female,1,106.06,114.85,Two Year,Electronic Check,DSL,No,Yes,0,2.0,1,20.5,24.0,89.17,5,Married,Mobile,Yes
CUST-01192,23.0,Female,17,90.88,1480.29,Two Year,Bank Transfer,Fiber Optic,No,Yes,0,5.0,2,3.5,67.0,37.65,1,Married,Mobile,No
CUST-01193,33.0,Male,5,28.42,204.71,Two Year,Bank Transfer,None,No,No,1,2.0,1,4.0,6.0,5.68,2,Single,Desktop,No
CUST-01194,46.0,Male,34,101.15,3451.83,Two Year,Bank Transfer,None,No,No,3,3.0,4,5.7,9.0,,1,Married,Desktop,Yes
CUST-01195,19.0,Female,24,86.22,2136.05,One Year,Electronic Check,None,No Internet,No,1,4.0,3,25.0,1.0,107.31,0,Single,Desktop,No
CUST-01196,48.0,Female,61,21.23,1285.91,Month-to-Month,Mailed Check,Fiber Optic,Yes,No,2,4.0,5,20.6,20.0,147.68,3,Married,Desktop,No
CUST-01197,41.0,Female,36,31.37,1164.52,One Year,Electronic Check,None,No Internet,Yes,1,5.0,3,4.7,61.0,112.57,2,Divorced,Desktop,Yes
CUST-01198,49.0,Male,4,81.56,,Two Year,Credit Card,DSL,Yes,No,1,3.0,2,4.4,23.0,272.13,2,Married,Mobile,Yes
CUST-01199,45.0,Male,38,84.26,3176.87,One Year,Credit Card,DSL,No,No,2,4.0,2,35.5,13.0,249.76,2,Married,Tablet,No
CUST-01200,61.0,Male,24,92.67,,Month-to-Month,Credit Card,None,No,Yes,2,5.0,1,14.3,70.0,268.87,1,Married,Mobile,No
CUST-01201,43.0,Female,26,90.02,2321.78,One Year,Electronic Check,DSL,No,No Internet,0,3.0,2,3.8,22.0,128.93,0,Single,Tablet,Yes
CUST-01202,35.0,Female,42,83.95,3549.49,One Year,Credit Card,Fiber Optic,No Internet,No,1,4.0,5,2.3,109.0,65.04,2,Married,Desktop,No
CUST-01203,43.0,Female,20,94.62,1862.17,Month-to-Month,Bank Transfer,Fiber Optic,Yes,No,2,1.0,3,1.0,41.0,180.62,2,Divorced,Mobile,No
CUST-01204,49.0,Male,15,75.51,1175.84,One Year,Electronic Check,DSL,No,No Internet,2,5.0,1,4.2,72.0,63.35,3,Married,Desktop,Yes
CUST-01205,42.0,Female,24,44.08,1015.09,One Year,Bank Transfer,DSL,No Internet,No,1,4.0,3,19.1,31.0,97.56,1,Divorced,Mobile,No
CUST-01206,42.0,Male,8,109.24,918.18,One Year,Electronic Check,DSL,Yes,Yes,2,4.0,1,7.0,136.0,283.53,6,Single,Mobile,No
CUST-01207,32.0,Male,4,19.82,144.77,Month-to-Month,Electronic Check,Fiber Optic,No Internet,Yes,2,3.0,2,50.3,22.0,261.33,0,Single,Mobile,No
CUST-01208,32.0,Female,23,54.66,1307.86,Month-to-Month,Bank Transfer,DSL,No,Yes,2,4.0,3,5.9,30.0,131.15,2,Single,Desktop,Yes
CUST-01209,22.0,Male,6,90.89,528.13,One Year,Mailed Check,Fiber Optic,No Internet,No,3,3.0,1,2.4,4.0,96.22,3,Married,Desktop,Yes
CUST-01210,66.0,Male,1,60.72,0.0,One Year,Electronic Check,Fiber Optic,No,No,0,2.0,2,2.9,82.0,173.65,1,Single,Mobile,Yes
CUST-01211,24.0,Female,1,20.48,49.59,Month-to-Month,Bank Transfer,DSL,No,Yes,0,5.0,1,10.1,12.0,228.89,0,Married,Desktop,No
CUST-01212,32.0,Female,22,24.6,534.94,Month-to-Month,Electronic Check,DSL,No,No,2,5.0,4,41.6,32.0,58.27,4,Married,Mobile,Yes
CUST-01213,31.0,Male,10,82.86,779.68,Month-to-Month,Electronic Check,Fiber Optic,No,No,1,1.0,1,34.6,13.0,272.07,2,Married,Mobile,No
CUST-01214,54.0,Female,33,114.49,3750.36,Month-to-Month,Electronic Check,DSL,Yes,No,2,3.0,2,3.0,64.0,56.26,2,Single,Mobile,Yes
CUST-01215,37.0,Male,11,73.19,876.81,Two Year,Electronic Check,Fiber Optic,No,No,0,3.0,2,21.1,3.0,183.03,2,Single,Desktop,No
CUST-01216,59.0,Female,15,68.68,973.33,One Year,Bank Transfer,None,Yes,No,3,3.0,2,20.9,69.0,164.95,1,Married,Mobile,No
CUST-01217,32.0,Female,12,49.83,621.38,Two Year,Bank Transfer,DSL,No,No,1,3.0,1,2.7,29.0,98.68,0,Single,Mobile,No
CUST-01218,45.0,Female,25,43.67,1102.65,One Year,Electronic Check,None,Yes,No,2,4.0,3,5.3,94.0,168.42,2,Married,Tablet,Yes
CUST-01219,30.0,Female,10,20.1,183.13,One Year,Credit Card,Fiber Optic,No Internet,No Internet,1,3.0,3,1.2,21.0,264.02,4,Divorced,Tablet,No
CUST-01220,,Male,72,45.3,3293.83,Month-to-Month,Electronic Check,Fiber Optic,No,Yes,0,2.0,1,1.2,20.0,99.14,1,Divorced,Desktop,No
CUST-01221,25.0,Male,66,62.91,4233.67,One Year,Bank Transfer,None,No,Yes,3,4.0,5,8.8,13.0,265.58,2,Single,Mobile,No
CUST-01222,46.0,Male,45,37.79,1685.75,Month-to-Month,Electronic Check,Fiber Optic,No Internet,No,3,5.0,4,9.9,11.0,18.8,2,Divorced,Mobile,Yes
CUST-01223,50.0,Male,60,26.73,1591.64,One Year,Bank Transfer,DSL,No,Yes,1,5.0,2,1.0,3.0,160.13,2,Single,Desktop,No
CUST-01224,47.0,Female,14,89.77,1287.88,Month-to-Month,Bank Transfer,DSL,Yes,No,1,4.0,2,50.8,11.0,87.88,1,Married,Tablet,Yes
CUST-01225,39.0,Male,18,107.46,1980.19,Month-to-Month,Electronic Check,Fiber Optic,No,No,0,1.0,2,10.0,28.0,279.11,2,Married,Mobile,No
CUST-01226,40.0,Male,32,111.68,,Month-to-Month,Electronic Check,DSL,No Internet,,2,3.0,3,23.3,2.0,14.14,1,Married,Desktop,No
CUST-01227,42.0,Male,28,79.8,2219.13,Two Year,Credit Card,Fiber Optic,Yes,No,2,4.0,2,15.1,6.0,5.62,2,Married,Desktop,No
CUST-01228,39.0,Female,53,23.28,1122.96,Month-to-Month,Credit Card,Fiber Optic,No,Yes,0,3.0,3,14.5,58.0,242.87,1,Married,Desktop,No
CUST-01229,55.0,Male,30,92.09,2723.8,Month-to-Month,Electronic Check,DSL,No,No,1,3.0,1,5.4,2.0,221.89,3,Married,Mobile,No
CUST-01230,72.0,Female,72,29.01,,Two Year,Mailed Check,Fiber Optic,No,No,0,5.0,2,32.7,8.0,46.53,0,Single,Desktop,No
CUST-01231,34.0,Male,10,84.97,883.93,One Year,Credit Card,Fiber Optic,No Internet,No Internet,1,2.0,3,5.3,0.0,282.62,1,Divorced,Desktop,No
CUST-01232,22.0,Male,42,95.94,4017.28,Month-to-Month,Bank Transfer,Fiber Optic,No,No,2,5.0,3,45.4,38.0,,3,Married,Mobile,Yes
CUST-01233,40.0,Female,28,90.59,2522.37,Month-to-Month,Credit Card,Fiber Optic,Yes,No,5,1.0,4,1.0,57.0,72.88,3,Single,Desktop,No
CUST-01234,78.0,Female,28,113.19,3168.87,Month-to-Month,Mailed Check,DSL,No Internet,No,0,3.0,1,1.8,63.0,,1,Married,Mobile,Yes
CUST-01235,30.0,Female,9,91.81,782.78,One Year,Credit Card,Fiber Optic,No,Yes,2,4.0,1,19.5,69.0,128.56,3,Single,Mobile,No
CUST-01236,64.0,Female,36,87.32,3221.18,One Year,Credit Card,None,,No,0,3.0,2,14.1,15.0,168.22,6,Married,Mobile,No
CUST-01237,65.0,Male,55,44.17,2494.26,Month-to-Month,Credit Card,Fiber Optic,Yes,No,2,5.0,2,18.9,24.0,237.31,4,Divorced,Mobile,No
CUST-01238,,Male,5,110.48,633.31,Two Year,Electronic Check,None,No Internet,No,1,3.0,4,15.4,33.0,189.23,2,Married,Mobile,No
CUST-01239,49.0,Female,23,35.95,861.02,Month-to-Month,Mailed Check,DSL,Yes,Yes,2,4.0,1,11.2,73.0,28.23,3,Single,Tablet,No
CUST-01240,64.0,Male,11,108.49,1191.92,Month-to-Month,Bank Transfer,None,No,No,3,4.0,3,,47.0,181.85,2,Divorced,Mobile,No
CUST-01241,36.0,Female,72,49.27,3628.18,Two Year,Credit Card,Fiber Optic,Yes,No,2,5.0,1,24.8,20.0,55.63,4,Married,Mobile,No
CUST-01242,39.0,Female,15,31.02,431.25,Month-to-Month,Electronic Check,None,No Internet,No,1,5.0,4,10.7,21.0,133.73,2,Single,Desktop,No
CUST-01243,33.0,Male,6,100.67,560.46,Two Year,Credit Card,DSL,No,No,0,3.0,2,1.7,12.0,117.84,1,Single,Tablet,No
CUST-01244,27.0,Female,11,18.25,170.67,One Year,Credit Card,Fiber Optic,No,No,1,5.0,2,3.2,0.0,25.1,0,Divorced,Mobile,No
CUST-01245,32.0,Male,25,101.21,2556.39,Month-to-Month,Mailed Check,Fiber Optic,No,No,2,4.0,2,16.3,4.0,29.73,4,Single,Mobile,Yes
CUST-01246,24.0,Male,1,44.23,6.12,Month-to-Month,Mailed Check,Fiber Optic,No Internet,Yes,2,4.0,2,1.2,12.0,236.32,1,Married,Mobile,No
CUST-01247,42.0,Male,22,106.47,2334.57,One Year,Mailed Check,DSL,No Internet,Yes,1,2.0,2,30.5,27.0,172.82,0,Divorced,Mobile,No
CUST-01248,31.0,Female,64,87.15,5497.51,Two Year,Bank Transfer,DSL,No,No Internet,5,3.0,3,23.5,37.0,292.11,1,Single,Tablet,No
CUST-01249,45.0,Male,45,84.62,3831.95,Month-to-Month,Credit Card,Fiber Optic,No Internet,No,0,4.0,1,5.5,66.0,285.42,3,Divorced,Mobile,No
CUST-01250,20.0,Female,1,54.53,0.0,Month-to-Month,Electronic Check,None,No,No,0,3.0,2,32.2,24.0,57.19,1,Married,Desktop,No
CUST-01251,46.0,Female,72,23.94,1677.07,Month-to-Month,Credit Card,Fiber Optic,No,No Internet,0,3.0,3,32.5,15.0,256.66,3,Single,Mobile,No
CUST-01252,53.0,Female,28,101.01,2889.14,One Year,Credit Card,Fiber Optic,No Internet,No,2,3.0,3,27.3,35.0,97.82,2,Single,Mobile,No
CUST-01253,18.0,Female,4,35.09,199.38,Month-to-Month,Credit Card,None,No,No,1,3.0,3,5.5,14.0,51.64,3,Married,Mobile,No
CUST-01254,47.0,Male,1,55.23,73.95,Month-to-Month,Mailed Check,Fiber Optic,No Internet,No,2,4.0,4,16.0,3.0,135.52,2,Married,Desktop,No
CUST-01255,59.0,Male,4,78.04,325.94,Two Year,Electronic Check,Fiber Optic,Yes,Yes,1,4.0,1,9.0,0.0,85.56,3,Married,Desktop,No
CUST-01256,25.0,Male,43,66.23,2821.34,Month-to-Month,Credit Card,DSL,No,No Internet,5,2.0,3,11.6,36.0,152.56,1,Married,Mobile,No
CUST-01257,65.0,Female,1,37.87,0.0,Month-to-Month,Credit Card,Fiber Optic,No,No,0,3.0,2,7.9,68.0,194.35,1,Married,Desktop,Yes
CUST-01258,47.0,Female,6,32.06,174.25,One Year,Electronic Check,Fiber Optic,No,Yes,0,3.0,2,1.0,34.0,90.98,1,Married,Mobile,Yes
CUST-01259,32.0,Female,33,30.32,924.88,Two Year,Electronic Check,DSL,Yes,Yes,4,4.0,3,1.0,0.0,163.24,3,Single,Mobile,No
CUST-01260,41.0,Female,21,104.3,2202.92,Month-to-Month,Electronic Check,Fiber Optic,No Internet,No Internet,0,4.0,1,22.2,7.0,187.71,5,Married,Tablet,Yes
CUST-01261,49.0,Female,36,21.16,764.2,Month-to-Month,Credit Card,DSL,No,Yes,3,1.0,2,43.9,87.0,184.84,1,Divorced,Mobile,No
CUST-01262,43.0,Male,32,115.7,3655.73,Month-to-Month,Bank Transfer,DSL,No,Yes,0,2.0,5,3.9,37.0,277.35,0,Single,Desktop,Yes
CUST-01263,49.0,Female,1,37.85,116.28,Month-to-Month,Electronic Check,Fiber Optic,No,No,0,3.0,1,11.8,40.0,194.58,2,Divorced,Desktop,No
CUST-01264,29.0,Female,53,29.03,1568.94,One Year,Mailed Check,Fiber Optic,No,No Internet,1,5.0,1,5.5,49.0,99.78,2,Divorced,Mobile,No
CUST-01265,,Male,6,,488.79,One Year,Credit Card,DSL,No,No,2,3.0,4,9.7,73.0,28.36,2,Single,Mobile,No
CUST-01266,22.0,Female,19,26.0,469.63,One Year,Bank Transfer,DSL,No Internet,No Internet,2,3.0,2,1.9,17.0,146.04,2,Married,Desktop,No
CUST-01267,40.0,Male,24,78.25,1877.93,One Year,Credit Card,Fiber Optic,No,No Internet,1,3.0,3,19.4,16.0,172.81,0,Married,Desktop,Yes
CUST-01268,29.0,Female,4,103.06,443.61,Two Year,Bank Transfer,DSL,No,No Internet,0,3.0,2,,0.0,166.88,1,Married,Desktop,No
CUST-01269,31.0,Female,72,22.79,1648.52,One Year,Credit Card,Fiber Optic,No,No,1,5.0,1,5.5,83.0,165.04,3,Single,Desktop,No
CUST-01270,59.0,Female,16,97.99,1647.94,Two Year,Electronic Check,None,No Internet,No,1,5.0,1,16.3,4.0,112.6,2,Single,Mobile,No
CUST-01271,57.0,Male,1,57.45,47.26,Month-to-Month,Credit Card,Fiber Optic,No,Yes,6,4.0,1,10.7,17.0,287.32,2,Married,Mobile,No
CUST-01272,50.0,Female,66,33.95,2215.47,One Year,Bank Transfer,DSL,No,Yes,1,3.0,1,7.8,27.0,183.89,2,Single,Mobile,No
CUST-01273,26.0,Female,21,35.61,779.52,Month-to-Month,Bank Transfer,DSL,,No,0,3.0,1,11.4,152.0,66.68,1,Divorced,Mobile,Yes
CUST-01274,37.0,Male,28,109.88,3013.41,Month-to-Month,Mailed Check,DSL,No,Yes,1,4.0,4,46.1,15.0,1.92,1,Divorced,Mobile,No
CUST-01275,58.0,Female,17,29.06,540.23,Two Year,Electronic Check,DSL,Yes,No,3,3.0,2,1.1,33.0,171.05,4,Single,Mobile,Yes
CUST-01276,43.0,Female,43,104.68,4436.2,Month-to-Month,Credit Card,DSL,No Internet,Yes,2,3.0,2,38.7,91.0,223.91,5,Married,Desktop,No
CUST-01277,74.0,Female,1,72.42,104.35,One Year,Credit Card,DSL,No,Yes,1,2.0,2,2.0,25.0,32.85,2,Married,Mobile,No
CUST-01278,47.0,Male,7,21.91,120.96,One Year,Electronic Check,None,No,No Internet,0,2.0,5,3.5,22.0,139.88,1,Married,Desktop,No
CUST-01279,44.0,Female,15,64.45,990.58,One Year,Bank Transfer,None,No,No,2,,1,58.1,25.0,291.63,3,Married,Desktop,No
CUST-01280,37.0,Female,1,99.74,145.11,One Year,Credit Card,Fiber Optic,,No,2,4.0,4,24.9,51.0,148.29,1,Single,Tablet,Yes
CUST-01281,43.0,Male,29,90.62,2635.65,Month-to-Month,Electronic Check,DSL,Yes,No,2,2.0,3,6.5,1.0,256.06,2,Single,Mobile,Yes
CUST-01282,39.0,Male,12,66.88,742.58,Month-to-Month,Credit Card,None,Yes,No,1,5.0,3,7.8,42.0,42.19,3,Married,Tablet,Yes
CUST-01283,51.0,Female,7,104.0,683.16,Two Year,Mailed Check,DSL,No,No,3,3.0,3,5.3,5.0,135.6,4,Married,Mobile,No
CUST-01284,55.0,Female,1,30.04,0.0,Month-to-Month,Credit Card,DSL,No,No,4,2.0,2,3.8,43.0,106.02,0,Single,Desktop,No
CUST-01285,30.0,Female,30,108.99,3174.95,One Year,Credit Card,DSL,Yes,No,1,5.0,2,1.0,48.0,8.48,3,Single,Mobile,No
CUST-01286,23.0,Male,43,102.64,4469.89,Month-to-Month,Bank Transfer,Fiber Optic,No,Yes,3,3.0,3,1.0,29.0,156.34,4,Divorced,Mobile,Yes
CUST-01287,18.0,Male,12,88.83,1071.47,Month-to-Month,Bank Transfer,Fiber Optic,Yes,Yes,2,3.0,4,10.4,17.0,119.62,1,Married,Mobile,No
CUST-01288,49.0,Male,19,99.79,1839.23,Month-to-Month,Credit Card,DSL,No,No,3,3.0,3,11.3,39.0,183.5,3,Married,Desktop,Yes
CUST-01289,26.0,Male,6,72.38,507.06,One Year,Electronic Check,DSL,No,No,0,3.0,3,21.5,0.0,163.95,1,Divorced,Mobile,No
CUST-01290,18.0,Female,23,85.52,1931.89,Month-to-Month,Bank Transfer,None,Yes,No Internet,3,4.0,4,1.5,31.0,136.04,0,Divorced,Desktop,No
CUST-01291,47.0,Female,1,74.06,86.59,Month-to-Month,Credit Card,Fiber Optic,Yes,No Internet,3,4.0,2,10.8,7.0,30.33,4,Married,Tablet,Yes
CUST-01292,76.0,Female,16,53.54,815.38,Month-to-Month,Mailed Check,DSL,No Internet,No,1,3.0,3,38.7,32.0,132.81,3,Married,Mobile,No
CUST-01293,41.0,Male,24,74.89,1696.45,Month-to-Month,Mailed Check,Fiber Optic,No,No,0,3.0,2,28.7,4.0,291.32,0,Married,Mobile,No
CUST-01294,53.0,Female,60,43.75,2556.78,Month-to-Month,Electronic Check,DSL,No Internet,No Internet,1,2.0,1,11.5,5.0,82.28,6,Married,Mobile,No
CUST-01295,43.0,Male,11,62.03,,Month-to-Month,Electronic Check,Fiber Optic,No,No Internet,0,5.0,3,2.2,18.0,115.49,1,Single,Desktop,No
CUST-01296,40.0,Male,34,46.08,1611.63,One Year,Credit Card,DSL,No Internet,Yes,2,5.0,3,2.5,22.0,252.44,0,Married,Mobile,No
CUST-01297,54.0,Female,21,30.29,,Month-to-Month,Credit Card,Fiber Optic,No,No,1,4.0,1,9.7,16.0,156.01,2,Married,Desktop,No
CUST-01298,37.0,Female,62,50.19,3118.79,Month-to-Month,Bank Transfer,Fiber Optic,Yes,Yes,0,3.0,1,,28.0,0.61,2,Married,Mobile,No
CUST-01299,45.0,Female,12,103.2,1137.9,Two Year,Mailed Check,None,No,No,0,5.0,1,57.7,1.0,161.84,1,Divorced,Mobile,No
CUST-01300,46.0,Male,9,56.11,568.49,Month-to-Month,Bank Transfer,DSL,No,No,2,4.0,4,26.7,6.0,261.6,0,Single,Mobile,Yes
CUST-01301,32.0,Female,52,92.8,4836.78,Two Year,Credit Card,Fiber Optic,Yes,No,2,4.0,1,8.0,0.0,207.11,1,Divorced,Desktop,No
CUST-01302,55.0,Female,1,35.52,29.55,Month-to-Month,Bank Transfer,None,No Internet,No,1,4.0,2,6.5,25.0,227.15,1,Divorced,Mobile,No
CUST-01303,39.0,Female,3,60.44,237.94,Month-to-Month,Credit Card,Fiber Optic,No,No Internet,2,4.0,1,1.0,35.0,11.48,3,Single,Mobile,Yes
CUST-01304,31.0,Male,2,29.49,121.35,Month-to-Month,Credit Card,None,Yes,No,2,4.0,2,1.0,19.0,53.75,3,Single,Desktop,No
CUST-01305,49.0,Female,44,31.86,1459.57,One Year,Bank Transfer,None,No Internet,Yes,0,2.0,3,9.6,18.0,175.55,1,Single,Mobile,No
CUST-01306,29.0,Female,1,79.74,67.39,One Year,Bank Transfer,Fiber Optic,No,No Internet,0,3.0,4,1.1,16.0,45.93,2,Single,Mobile,No
CUST-01307,42.0,Female,47,78.75,3651.08,Month-to-Month,Credit Card,DSL,No,No,0,5.0,3,2.6,12.0,226.16,2,Married,Desktop,Yes
CUST-01308,41.0,Male,14,39.34,600.21,One Year,Credit Card,Fiber Optic,No,No Internet,2,2.0,4,59.0,26.0,68.07,3,Married,Mobile,No
CUST-01309,57.0,Male,1,65.44,0.0,Month-to-Month,Electronic Check,Fiber Optic,No,Yes,0,2.0,4,18.9,0.0,95.41,2,Married,Desktop,No
CUST-01310,48.0,Male,12,104.33,1349.32,Month-to-Month,Electronic Check,Fiber Optic,No,No Internet,2,3.0,1,9.0,27.0,12.5,3,Married,Desktop,Yes
CUST-01311,41.0,Male,4,35.42,143.08,One Year,Bank Transfer,Fiber Optic,Yes,No,2,3.0,3,29.3,20.0,127.88,3,Married,Desktop,No
CUST-01312,53.0,Female,23,19.92,405.12,One Year,Electronic Check,Fiber Optic,No,Yes,0,4.0,3,2.9,29.0,76.72,3,Single,Desktop,No
CUST-01313,61.0,Male,27,83.2,2184.81,Month-to-Month,Credit Card,Fiber Optic,No,No,3,4.0,3,7.4,57.0,9.95,0,Divorced,Mobile,Yes
CUST-01314,49.0,Male,16,23.35,309.72,Month-to-Month,Credit Card,Fiber Optic,No,No Internet,2,4.0,4,5.2,52.0,40.17,2,Married,Tablet,No
CUST-01315,,Male,1,115.99,123.01,Two Year,Electronic Check,DSL,No,No,2,1.0,3,80.9,49.0,117.72,4,Married,Mobile,Yes
CUST-01316,23.0,Male,25,78.96,1973.68,Two Year,Bank Transfer,None,No,Yes,1,2.0,2,34.7,15.0,,4,Single,Tablet,No
CUST-01317,27.0,Male,44,65.04,2799.96,Month-to-Month,Bank Transfer,None,No,No,1,3.0,3,11.2,14.0,258.27,2,Single,Tablet,No
CUST-01318,37.0,Female,30,61.0,,Two Year,Mailed Check,Fiber Optic,No,No Internet,1,3.0,3,8.3,6.0,90.84,0,Married,Mobile,No
CUST-01319,33.0,Female,42,75.31,,Month-to-Month,Bank Transfer,DSL,Yes,Yes,6,5.0,3,94.1,0.0,124.57,4,Married,Desktop,No
CUST-01320,39.0,Male,5,27.06,164.77,Two Year,Credit Card,DSL,Yes,Yes,2,4.0,1,3.5,21.0,122.57,5,Married,Mobile,No
CUST-01321,42.0,Male,52,111.0,5769.27,One Year,Mailed Check,DSL,No,Yes,1,3.0,1,7.9,110.0,179.68,1,Divorced,Desktop,Yes
CUST-01322,49.0,Male,9,80.56,706.12,Two Year,Credit Card,DSL,Yes,Yes,5,1.0,4,18.7,41.0,270.83,2,Single,Mobile,Yes
CUST-01323,41.0,Male,1,36.4,0.0,One Year,Electronic Check,Fiber Optic,Yes,Yes,2,5.0,2,18.3,23.0,202.39,2,Married,Tablet,No
CUST-01324,48.0,Female,44,74.26,3252.43,Month-to-Month,Bank Transfer,DSL,Yes,No,3,3.0,1,12.8,10.0,251.52,0,Single,Desktop,No
CUST-01325,42.0,Female,68,31.33,2109.7,Month-to-Month,Bank Transfer,DSL,Yes,,1,4.0,1,45.5,3.0,56.14,2,Single,Desktop,No
CUST-01326,18.0,Female,25,,509.89,One Year,Bank Transfer,Fiber Optic,No,No,0,4.0,2,4.3,9.0,251.84,2,Divorced,Tablet,No
CUST-01327,28.0,Female,6,81.05,494.65,Month-to-Month,Bank Transfer,None,No,No,1,5.0,2,12.6,22.0,210.05,2,Married,Tablet,No
CUST-01328,39.0,Male,6,82.85,536.7,Month-to-Month,Electronic Check,DSL,Yes,No,3,2.0,5,24.9,29.0,88.47,3,Married,Mobile,Yes
CUST-01329,25.0,Female,15,76.37,1121.32,Two Year,Mailed Check,Fiber Optic,Yes,No,2,1.0,4,4.0,13.0,268.62,0,Single,Mobile,No
CUST-01330,50.0,Female,54,36.35,1869.88,Month-to-Month,Credit Card,None,Yes,No,2,2.0,1,30.7,3.0,199.51,4,Married,Mobile,No
CUST-01331,63.0,Female,3,78.34,284.57,Month-to-Month,Electronic Check,None,No,No Internet,1,4.0,3,15.3,9.0,140.33,1,Single,Desktop,No
CUST-01332,59.0,Male,41,23.65,922.85,Month-to-Month,Credit Card,Fiber Optic,No,No,2,2.0,3,7.2,8.0,211.33,2,Single,Desktop,No
CUST-01333,39.0,Female,8,78.92,576.01,One Year,Credit Card,DSL,Yes,Yes,1,3.0,1,15.6,22.0,2.02,4,Single,Mobile,No
CUST-01334,62.0,Female,39,,2860.44,Month-to-Month,Mailed Check,DSL,No,No,1,4.0,3,39.5,3.0,97.02,2,Single,Mobile,Yes
CUST-01335,44.0,Female,60,83.53,5026.91,Month-to-Month,Bank Transfer,DSL,Yes,Yes,0,4.0,1,66.6,10.0,233.01,0,Married,Mobile,No
CUST-01336,37.0,Male,13,,1371.61,Two Year,Credit Card,Fiber Optic,Yes,No Internet,2,3.0,3,5.0,12.0,257.7,2,Single,Mobile,Yes
CUST-01337,33.0,Female,10,103.04,1003.47,Two Year,Electronic Check,DSL,No,No,0,4.0,4,36.0,22.0,240.06,1,Married,Mobile,No
CUST-01338,37.0,Female,38,116.07,4391.11,One Year,Credit Card,Fiber Optic,No,No,2,5.0,4,1.0,10.0,219.36,0,Married,Mobile,No
CUST-01339,36.0,Female,18,115.62,2151.99,One Year,Bank Transfer,DSL,Yes,No,0,1.0,3,1.0,4.0,149.27,1,Married,Mobile,No
CUST-01340,44.0,Female,27,95.23,2571.08,Month-to-Month,Electronic Check,Fiber Optic,Yes,Yes,1,4.0,5,13.8,0.0,56.88,0,Married,Tablet,No
CUST-01341,44.0,Female,23,113.64,2565.32,One Year,Mailed Check,DSL,Yes,No,3,3.0,3,9.9,5.0,33.24,4,Married,Mobile,No
CUST-01342,42.0,Male,3,104.73,266.3,Month-to-Month,Credit Card,Fiber Optic,No,No,2,2.0,3,9.5,52.0,277.2,1,Married,Desktop,Yes
CUST-01343,48.0,Female,44,90.76,3980.9,Month-to-Month,Credit Card,Fiber Optic,No,Yes,1,3.0,1,4.0,12.0,63.24,1,Divorced,Desktop,No
CUST-01344,58.0,Male,5,25.54,139.59,Month-to-Month,Credit Card,Fiber Optic,Yes,No,1,5.0,1,13.6,23.0,73.58,1,Single,Mobile,Yes
CUST-01345,55.0,Female,64,22.9,1489.8,Month-to-Month,Credit Card,DSL,No Internet,No Internet,1,4.0,3,1.0,20.0,216.53,3,Married,Mobile,No
CUST-01346,21.0,Male,6,101.76,616.77,Month-to-Month,Mailed Check,DSL,Yes,Yes,3,1.0,5,8.5,9.0,226.76,1,Divorced,Tablet,Yes
CUST-01347,18.0,Female,31,66.97,2033.98,Month-to-Month,Mailed Check,DSL,Yes,Yes,1,5.0,3,6.9,55.0,122.46,3,Single,Mobile,No
CUST-01348,55.0,Female,8,99.46,774.48,One Year,Electronic Check,Fiber Optic,Yes,No Internet,0,4.0,3,3.2,83.0,22.51,4,Single,Mobile,No
CUST-01349,22.0,Female,9,49.29,480.31,Month-to-Month,Electronic Check,DSL,Yes,Yes,0,3.0,1,10.7,7.0,145.34,1,Single,Mobile,No
CUST-01350,38.0,Female,8,57.76,404.78,One Year,Electronic Check,Fiber Optic,Yes,Yes,1,4.0,5,17.6,49.0,243.82,4,Married,Desktop,Yes
CUST-01351,25.0,Female,33,88.02,,One Year,Credit Card,DSL,No Internet,No,0,2.0,3,25.1,42.0,264.59,6,Single,Mobile,No
CUST-01352,18.0,Female,19,109.53,2110.94,Two Year,Credit Card,DSL,No Internet,No,2,3.0,2,9.3,54.0,195.06,0,Single,Desktop,No
CUST-01353,49.0,Male,51,26.78,1409.54,Month-to-Month,Bank Transfer,Fiber Optic,No,No Internet,3,2.0,4,4.1,15.0,205.37,2,Married,Mobile,No
CUST-01354,52.0,Male,8,104.15,823.55,One Year,Electronic Check,Fiber Optic,No,No,2,3.0,5,3.5,34.0,7.14,1,Single,Mobile,No
CUST-01355,33.0,Male,28,97.3,2703.84,One Year,Bank Transfer,DSL,No,No Internet,0,5.0,2,13.0,6.0,63.94,2,Single,Tablet,No
CUST-01356,18.0,Male,33,49.55,1569.04,Two Year,Bank Transfer,Fiber Optic,No,No,3,3.0,2,7.4,103.0,224.11,1,Single,Desktop,No
CUST-01357,34.0,Female,3,53.52,186.84,Month-to-Month,Credit Card,Fiber Optic,No,No,3,3.0,1,5.7,38.0,159.15,1,Married,Desktop,No
CUST-01358,47.0,Female,12,22.65,337.74,Month-to-Month,Electronic Check,DSL,No,Yes,2,4.0,5,11.1,2.0,176.09,1,Divorced,Desktop,Yes
CUST-01359,21.0,Female,15,19.57,421.81,Month-to-Month,Mailed Check,DSL,Yes,No,1,5.0,1,12.2,63.0,243.12,6,Divorced,Mobile,Yes
CUST-01360,44.0,Male,10,65.7,676.32,Month-to-Month,Bank Transfer,Fiber Optic,Yes,No Internet,2,3.0,5,4.0,95.0,200.84,0,Single,Desktop,No
CUST-01361,41.0,Male,9,27.55,245.41,One Year,Electronic Check,None,No Internet,No,2,4.0,1,,12.0,125.97,2,Married,Desktop,Yes
CUST-01362,50.0,Female,27,37.4,963.81,Two Year,Bank Transfer,DSL,Yes,Yes,3,3.0,4,18.4,23.0,292.21,4,Divorced,Desktop,No
CUST-01363,43.0,Female,5,102.68,419.46,Month-to-Month,Electronic Check,Fiber Optic,No Internet,No,1,3.0,2,7.4,144.0,72.53,3,Married,Tablet,No
CUST-01364,28.0,Male,29,75.1,2186.75,Month-to-Month,Bank Transfer,None,No,No,3,3.0,3,8.8,17.0,101.98,1,Married,Desktop,Yes
CUST-01365,58.0,Female,65,81.36,5405.92,Month-to-Month,Bank Transfer,Fiber Optic,No,Yes,0,1.0,1,15.3,32.0,200.28,2,Married,Mobile,No
CUST-01366,39.0,Female,19,36.75,761.79,Month-to-Month,Bank Transfer,DSL,Yes,No Internet,0,5.0,2,3.2,18.0,69.61,4,Married,Tablet,No
CUST-01367,41.0,Male,22,100.87,2274.97,Two Year,Credit Card,Fiber Optic,No,No,0,5.0,2,30.2,2.0,114.15,2,Married,Desktop,No
CUST-01368,28.0,Female,1,104.8,117.08,Two Year,Mailed Check,DSL,No,No,2,4.0,1,6.2,21.0,207.4,2,Single,Tablet,No
CUST-01369,35.0,Male,47,70.33,3323.49,Month-to-Month,Mailed Check,Fiber Optic,No,No Internet,1,3.0,3,17.5,52.0,101.42,1,Single,Mobile,Yes
CUST-01370,29.0,Female,8,109.26,752.89,Month-to-Month,Bank Transfer,DSL,No,Yes,0,2.0,4,5.3,1.0,17.17,2,Single,Mobile,Yes
CUST-01371,,Male,22,102.48,2292.69,Two Year,Credit Card,DSL,No,No Internet,1,4.0,1,15.7,17.0,168.0,3,Divorced,Desktop,No
CUST-01372,65.0,Male,72,91.13,6532.39,Month-to-Month,Electronic Check,DSL,No,Yes,0,2.0,2,4.9,51.0,231.04,6,Divorced,Mobile,No
CUST-01373,22.0,Female,21,91.41,1884.52,One Year,Bank Transfer,Fiber Optic,No,Yes,2,3.0,1,20.7,13.0,222.86,3,Divorced,Mobile,No
CUST-01374,19.0,Male,30,28.54,840.04,Two Year,Credit Card,None,No Internet,No,2,2.0,4,1.7,113.0,186.33,1,Single,Mobile,No
CUST-01375,62.0,Female,14,45.08,613.27,One Year,Credit Card,Fiber Optic,No Internet,No,2,3.0,1,5.5,14.0,229.58,2,Divorced,Tablet,No
CUST-01376,39.0,Male,1,24.68,0.0,Month-to-Month,Mailed Check,DSL,No,No,1,2.0,1,12.6,45.0,59.8,4,Single,Mobile,Yes
CUST-01377,32.0,Male,38,18.87,717.75,Month-to-Month,Electronic Check,Fiber Optic,Yes,Yes,1,1.0,4,15.0,8.0,220.19,4,Divorced,Tablet,Yes
CUST-01378,56.0,Male,1,33.83,5.92,Two Year,Electronic Check,Fiber Optic,Yes,No,1,3.0,2,2.2,12.0,14.98,2,Single,Tablet,No
CUST-01379,33.0,Female,28,106.05,2974.42,Month-to-Month,Bank Transfer,Fiber Optic,No,No,1,4.0,1,5.8,38.0,222.02,1,Married,Mobile,No
CUST-01380,67.0,Female,1,41.99,0.0,Month-to-Month,Electronic Check,Fiber Optic,No,No Internet,1,3.0,3,1.6,1.0,15.21,2,Married,Mobile,Yes
CUST-01381,51.0,Male,47,115.02,5395.24,One Year,Electronic Check,None,No,No,1,2.0,3,27.0,2.0,231.44,2,Single,Desktop,No
CUST-01382,35.0,Female,4,77.73,256.11,Two Year,Bank Transfer,DSL,No,Yes,4,1.0,3,61.7,9.0,265.48,2,Single,Mobile,No
CUST-01383,72.0,Female,17,41.73,677.34,Month-to-Month,Electronic Check,DSL,No Internet,No,4,2.0,2,5.0,8.0,248.71,2,Married,Mobile,Yes
CUST-01384,33.0,Female,21,67.71,1429.08,Month-to-Month,Mailed Check,DSL,Yes,No,1,4.0,2,9.9,2.0,104.56,5,Married,Mobile,No
CUST-01385,52.0,Female,14,39.91,478.54,One Year,Mailed Check,Fiber Optic,No Internet,Yes,1,1.0,5,10.6,107.0,292.54,1,Divorced,Mobile,No
CUST-01386,46.0,Female,10,116.4,1122.88,Month-to-Month,Electronic Check,None,No,No,0,5.0,2,2.7,10.0,155.52,4,Married,Tablet,Yes
CUST-01387,60.0,Female,15,102.73,1569.4,Month-to-Month,Electronic Check,None,Yes,No,0,5.0,2,16.5,38.0,113.77,0,Single,Mobile,No
CUST-01388,63.0,Male,8,20.62,94.3,Two Year,Electronic Check,None,No Internet,No,2,5.0,3,10.9,14.0,174.69,3,Married,Desktop,No
CUST-01389,42.0,Male,13,112.78,1555.03,Month-to-Month,Mailed Check,DSL,No Internet,No,3,5.0,1,10.8,141.0,91.48,3,Divorced,Desktop,No
CUST-01390,31.0,Male,10,90.11,961.32,Month-to-Month,Bank Transfer,Fiber Optic,No,No,1,4.0,2,1.0,4.0,53.49,2,Married,Desktop,No
CUST-01391,48.0,Male,20,26.24,500.07,Month-to-Month,Credit Card,Fiber Optic,No Internet,No Internet,2,5.0,1,1.2,14.0,49.0,2,Married,Desktop,No
CUST-01392,32.0,Female,6,85.06,471.0,Month-to-Month,Electronic Check,None,No Internet,No,1,4.0,3,50.0,16.0,50.84,2,Married,Mobile,Yes
CUST-01393,70.0,Male,72,82.69,5963.78,One Year,Mailed Check,DSL,No,,1,,3,42.1,37.0,68.49,0,Married,Desktop,No
CUST-01394,,Male,16,39.88,565.71,One Year,Bank Transfer,DSL,No,Yes,5,4.0,3,1.0,20.0,265.94,2,Single,Desktop,Yes
CUST-01395,36.0,Female,5,93.84,369.09,One Year,Electronic Check,None,Yes,No,1,4.0,2,11.7,41.0,121.41,3,Single,Desktop,No
CUST-01396,,Male,15,26.71,377.68,One Year,Credit Card,Fiber Optic,Yes,Yes,1,1.0,1,1.0,55.0,0.03,4,Married,Desktop,No
CUST-01397,23.0,Male,48,66.94,3206.42,One Year,Mailed Check,None,No,Yes,0,4.0,1,23.6,10.0,91.16,5,Married,Tablet,Yes
CUST-01398,,Male,1,18.99,23.71,Month-to-Month,Electronic Check,DSL,No,Yes,1,5.0,4,1.0,48.0,298.83,0,Married,Desktop,Yes
CUST-01399,58.0,Female,27,114.87,3070.75,Month-to-Month,Electronic Check,None,,No,0,3.0,1,12.0,20.0,220.86,1,Married,Desktop,No
CUST-01400,32.0,Male,19,93.16,1833.74,One Year,Electronic Check,Fiber Optic,No,No,0,3.0,3,14.5,2.0,151.15,3,Married,Desktop,No
CUST-01401,27.0,Male,4,33.89,60.8,Month-to-Month,Electronic Check,Fiber Optic,No Internet,No,2,3.0,1,1.5,10.0,38.21,0,Married,Tablet,Yes
CUST-01402,49.0,Female,40,52.17,2029.89,Month-to-Month,Mailed Check,Fiber Optic,No,No,1,4.0,1,13.5,48.0,136.67,4,Divorced,Desktop,Yes
CUST-01403,58.0,Female,11,34.06,398.99,Month-to-Month,Mailed Check,Fiber Optic,No Internet,No,2,2.0,1,42.6,14.0,191.9,6,Single,Mobile,Yes
CUST-01404,52.0,Female,8,94.66,699.2,One Year,Credit Card,Fiber Optic,No Internet,Yes,5,4.0,5,,2.0,275.63,2,Married,Desktop,No
CUST-01405,55.0,Female,42,23.89,943.36,Month-to-Month,Credit Card,DSL,No,No,2,3.0,1,17.3,30.0,147.6,3,Married,Mobile,No
CUST-01406,31.0,Male,24,102.04,2455.13,One Year,Electronic Check,Fiber Optic,Yes,Yes,0,3.0,1,4.7,,164.43,1,Single,Tablet,No
CUST-01407,22.0,Male,54,,6007.2,Month-to-Month,Mailed Check,Fiber Optic,Yes,No,0,4.0,2,4.8,4.0,170.31,4,Single,Mobile,No
CUST-01408,63.0,Male,23,85.66,1963.53,Two Year,Bank Transfer,DSL,No,Yes,3,2.0,2,11.8,23.0,285.24,1,Divorced,Mobile,No
CUST-01409,37.0,Male,32,39.3,1222.61,Month-to-Month,Credit Card,DSL,No,No,2,5.0,5,39.4,6.0,101.66,2,Divorced,Desktop,No
CUST-01410,38.0,Male,43,54.01,2279.35,One Year,Bank Transfer,Fiber Optic,No,No,2,5.0,1,3.9,12.0,258.16,2,Married,Mobile,No
CUST-01411,60.0,Male,1,65.72,0.0,Month-to-Month,Bank Transfer,DSL,No Internet,No,3,3.0,3,75.2,16.0,129.4,3,Married,Tablet,Yes
CUST-01412,,Female,35,78.46,2753.08,Month-to-Month,Electronic Check,DSL,No,Yes,2,5.0,3,1.4,0.0,222.25,2,Married,Desktop,Yes
CUST-01413,48.0,Female,22,84.87,1804.78,Two Year,Credit Card,None,No,No,2,4.0,2,42.2,13.0,144.93,2,Married,Mobile,No
CUST-01414,72.0,Male,1,73.42,65.01,Month-to-Month,Credit Card,DSL,No,No,2,3.0,2,1.0,11.0,166.28,2,Divorced,Tablet,Yes
CUST-01415,32.0,Female,17,53.13,877.6,Month-to-Month,Mailed Check,DSL,No,Yes,2,3.0,1,,33.0,98.74,0,Married,Tablet,Yes
CUST-01416,54.0,Male,2,107.09,203.85,One Year,Credit Card,Fiber Optic,,No,1,4.0,1,56.2,63.0,124.39,3,Single,Mobile,Yes
CUST-01417,42.0,Male,31,26.14,802.86,Month-to-Month,Electronic Check,Fiber Optic,Yes,Yes,3,4.0,2,4.6,3.0,157.6,1,Divorced,Mobile,No
CUST-01418,45.0,Female,18,64.63,1173.02,One Year,Bank Transfer,Fiber Optic,Yes,No,1,3.0,1,1.0,19.0,181.29,2,Married,Desktop,No
CUST-01419,,Male,72,95.56,6843.93,Month-to-Month,Electronic Check,None,,Yes,0,3.0,5,32.5,9.0,111.09,1,Single,Mobile,No
CUST-01420,49.0,Male,4,24.09,158.49,Month-to-Month,Credit Card,Fiber Optic,No,Yes,2,4.0,2,36.8,131.0,250.25,2,Divorced,Mobile,Yes
CUST-01421,49.0,Male,22,88.53,1855.29,One Year,Credit Card,Fiber Optic,No,Yes,0,3.0,2,20.5,45.0,215.72,0,Single,Tablet,No
CUST-01422,57.0,Female,5,99.97,488.52,One Year,Bank Transfer,Fiber Optic,No,No,3,3.0,3,42.1,3.0,135.46,2,Married,Desktop,No
CUST-01423,36.0,Female,22,84.08,1891.57,Month-to-Month,Mailed Check,Fiber Optic,No,Yes,3,4.0,1,4.6,13.0,220.48,2,Married,Mobile,No
CUST-01424,30.0,Male,30,19.29,602.54,One Year,Electronic Check,DSL,No,No Internet,2,4.0,2,15.5,3.0,2.0,2,Divorced,Tablet,Yes
CUST-01425,27.0,Female,30,36.01,1031.56,One Year,Credit Card,None,No Internet,Yes,1,2.0,1,20.3,46.0,178.07,3,Single,Desktop,No
CUST-01426,18.0,Female,40,52.21,2047.99,One Year,Electronic Check,DSL,No,Yes,1,4.0,5,54.5,20.0,157.63,4,Married,Desktop,No
CUST-01427,70.0,Female,46,41.37,1852.68,Month-to-Month,Credit Card,Fiber Optic,No Internet,No,1,3.0,2,34.3,31.0,154.36,0,Married,Desktop,No
CUST-01428,26.0,Female,1,114.27,144.23,Month-to-Month,Mailed Check,Fiber Optic,No,No Internet,1,4.0,1,1.0,25.0,181.06,0,Married,Mobile,Yes
CUST-01429,38.0,Male,10,83.16,794.6,Month-to-Month,Credit Card,None,Yes,No Internet,0,3.0,3,6.2,6.0,240.73,3,Single,Mobile,No
CUST-01430,38.0,Male,27,47.7,1300.66,Month-to-Month,Bank Transfer,DSL,No,Yes,0,4.0,1,14.3,0.0,13.82,3,Married,Tablet,No
CUST-01431,46.0,Female,16,110.97,1788.74,Month-to-Month,Credit Card,Fiber Optic,No Internet,No,1,4.0,3,29.0,61.0,44.65,3,Divorced,Tablet,Yes
CUST-01432,53.0,Female,5,92.06,578.72,Month-to-Month,Electronic Check,DSL,No Internet,No,0,2.0,5,4.9,2.0,2.88,2,Divorced,Mobile,No
CUST-01433,,Female,19,46.46,898.4,Two Year,Bank Transfer,None,Yes,Yes,0,4.0,4,1.0,47.0,71.33,2,Married,Tablet,No
CUST-01434,33.0,Female,12,55.89,,One Year,Bank Transfer,Fiber Optic,Yes,No,0,5.0,2,3.1,6.0,293.3,2,Single,Mobile,No
CUST-01435,39.0,Female,11,37.94,344.33,Month-to-Month,Credit Card,DSL,No,No,1,5.0,3,8.3,57.0,,3,Single,Mobile,Yes
CUST-01436,45.0,Female,39,115.11,4475.5,One Year,Mailed Check,Fiber Optic,Yes,No,1,4.0,1,1.0,27.0,173.04,2,Married,Tablet,No
CUST-01437,38.0,Female,12,69.73,830.81,One Year,Electronic Check,DSL,Yes,No Internet,2,5.0,1,1.0,15.0,297.03,3,Single,Mobile,Yes
CUST-01438,64.0,Female,1,107.61,0.0,Month-to-Month,Electronic Check,DSL,Yes,Yes,4,4.0,4,7.7,32.0,188.18,2,Single,Tablet,No
CUST-01439,48.0,Female,1,52.65,16.96,Month-to-Month,Electronic Check,Fiber Optic,Yes,No,0,3.0,3,15.7,9.0,51.33,1,Single,Mobile,Yes
CUST-01440,52.0,Male,46,104.08,4802.55,Month-to-Month,Electronic Check,DSL,No,No,3,4.0,4,18.6,16.0,241.51,2,Single,Mobile,Yes
CUST-01441,51.0,Male,72,23.39,1657.46,One Year,Credit Card,None,No Internet,No,2,5.0,4,11.4,52.0,165.58,0,Married,Mobile,No
CUST-01442,,Female,27,116.21,3186.1,Month-to-Month,Mailed Check,Fiber Optic,Yes,No,1,3.0,2,8.6,0.0,298.61,1,Single,Mobile,No
CUST-01443,44.0,Female,10,109.2,1014.08,Month-to-Month,Credit Card,Fiber Optic,No,No Internet,3,3.0,2,1.0,7.0,226.52,1,Divorced,Desktop,Yes
CUST-01444,,Female,66,54.32,3618.96,Month-to-Month,Electronic Check,None,No,No Internet,0,5.0,2,4.6,40.0,298.44,1,Married,Desktop,No
CUST-01445,47.0,Female,26,95.47,2527.91,One Year,Electronic Check,Fiber Optic,No Internet,No,2,4.0,3,16.6,38.0,267.23,1,Married,Mobile,No
CUST-01446,32.0,Male,44,93.23,4149.94,One Year,Electronic Check,Fiber Optic,No,No,1,1.0,1,9.0,5.0,54.64,0,Divorced,Mobile,No
CUST-01447,34.0,Male,34,108.13,3598.13,Month-to-Month,Mailed Check,DSL,Yes,No,3,4.0,2,4.6,122.0,224.42,1,Married,Mobile,Yes
CUST-01448,50.0,Female,11,48.73,551.76,Month-to-Month,Credit Card,None,No Internet,No,2,3.0,1,3.9,33.0,149.43,1,Married,Mobile,Yes
CUST-01449,59.0,Male,15,64.55,934.81,One Year,Electronic Check,None,No Internet,Yes,0,3.0,2,1.0,13.0,38.93,2,Divorced,Mobile,No
CUST-01450,42.0,Male,4,104.5,347.69,Two Year,Electronic Check,DSL,No,No,0,2.0,1,26.2,12.0,170.35,5,Married,Desktop,No
CUST-01451,46.0,Male,8,95.86,746.19,One Year,Credit Card,DSL,Yes,No,1,3.0,3,31.6,22.0,28.11,2,Divorced,Mobile,No
CUST-01452,65.0,Male,36,57.35,2019.35,Two Year,Bank Transfer,None,Yes,No,4,3.0,2,6.8,1.0,228.6,1,Divorced,Mobile,No
CUST-01453,45.0,Female,53,102.57,5482.25,Month-to-Month,Electronic Check,Fiber Optic,Yes,Yes,2,1.0,2,18.1,37.0,108.37,2,Married,Desktop,Yes
CUST-01454,78.0,Male,30,22.7,706.65,Month-to-Month,Bank Transfer,Fiber Optic,Yes,No,0,5.0,5,1.0,2.0,242.68,3,Single,Mobile,Yes
CUST-01455,49.0,Female,15,96.2,1385.38,One Year,Bank Transfer,Fiber Optic,Yes,No,4,4.0,2,32.9,31.0,204.68,2,Married,Mobile,No
CUST-01456,18.0,Male,2,38.68,41.15,Month-to-Month,Bank Transfer,Fiber Optic,Yes,Yes,1,3.0,3,35.6,48.0,263.51,1,Married,Mobile,Yes
CUST-01457,52.0,Female,1,46.61,27.58,Month-to-Month,Electronic Check,None,No,No,2,2.0,3,2.6,70.0,55.76,3,Married,Mobile,Yes
CUST-01458,47.0,Male,11,67.32,736.9,Month-to-Month,Mailed Check,None,No,No,1,5.0,4,22.8,4.0,193.53,2,Married,Desktop,No
CUST-01459,60.0,Female,14,62.97,931.9,Month-to-Month,Credit Card,None,No,No Internet,1,4.0,2,9.6,41.0,259.16,2,Divorced,Tablet,No
CUST-01460,51.0,Female,22,70.06,1575.86,Month-to-Month,Bank Transfer,None,Yes,Yes,0,3.0,1,17.1,122.0,68.35,5,Married,Desktop,Yes
CUST-01461,40.0,Male,1,72.48,75.05,Two Year,Bank Transfer,DSL,No Internet,Yes,1,2.0,5,9.7,2.0,234.96,3,Married,Mobile,No
CUST-01462,24.0,Female,72,51.15,3669.77,Month-to-Month,Credit Card,DSL,No,Yes,1,2.0,2,1.2,0.0,85.45,0,Divorced,Mobile,No
CUST-01463,39.0,Female,10,35.52,266.53,Month-to-Month,Mailed Check,None,Yes,No Internet,3,4.0,1,27.5,7.0,244.65,2,Married,Mobile,No
CUST-01464,30.0,Male,45,94.85,4332.85,Month-to-Month,Credit Card,DSL,Yes,No,2,3.0,4,1.3,6.0,154.66,2,Married,Desktop,No
CUST-01465,33.0,Male,18,58.0,1021.65,Two Year,Credit Card,Fiber Optic,Yes,No,2,5.0,1,6.7,11.0,199.85,2,Married,Mobile,No
CUST-01466,50.0,Female,3,68.58,283.48,One Year,Electronic Check,None,No,Yes,1,5.0,2,64.0,77.0,110.89,2,Single,Desktop,No
CUST-01467,65.0,Female,38,82.47,3143.67,Month-to-Month,Credit Card,Fiber Optic,Yes,No,1,2.0,3,8.3,34.0,247.76,2,Divorced,Mobile,No
CUST-01468,47.0,Male,29,108.96,3261.1,Month-to-Month,Electronic Check,Fiber Optic,Yes,No,1,5.0,3,25.7,0.0,36.95,5,Married,Mobile,No
CUST-01469,25.0,Male,17,88.76,1539.24,One Year,Electronic Check,DSL,No,No Internet,2,5.0,1,2.8,20.0,58.03,4,Married,Desktop,No
CUST-01470,48.0,Female,17,22.55,311.75,Month-to-Month,Credit Card,DSL,No,No,0,4.0,1,26.6,62.0,26.97,1,Married,Mobile,No
CUST-01471,58.0,Female,2,101.86,173.0,Two Year,Credit Card,Fiber Optic,No,No Internet,1,3.0,4,9.3,22.0,284.88,2,Single,Mobile,No
CUST-01472,33.0,Female,25,116.94,2915.04,One Year,Credit Card,DSL,No,Yes,0,2.0,3,10.7,6.0,139.89,4,Single,Mobile,No
CUST-01473,40.0,Male,58,65.25,3740.81,Month-to-Month,Credit Card,None,Yes,No,2,2.0,3,51.9,92.0,143.25,3,Single,Mobile,No
CUST-01474,42.0,Female,2,114.96,211.07,Two Year,Credit Card,DSL,No,No Internet,1,1.0,2,32.6,11.0,90.45,4,Divorced,Desktop,No
CUST-01475,31.0,Male,7,72.73,440.76,Month-to-Month,Mailed Check,Fiber Optic,No,No,2,5.0,3,6.4,12.0,140.91,3,Married,Mobile,Yes
CUST-01476,51.0,Male,55,63.96,3518.09,Month-to-Month,Electronic Check,DSL,No,No Internet,0,5.0,2,44.8,13.0,70.53,1,Single,Tablet,Yes
CUST-01477,40.0,Female,8,51.14,420.99,Month-to-Month,Credit Card,Fiber Optic,No,No Internet,2,4.0,1,1.6,15.0,285.49,2,Single,Desktop,No
CUST-01478,47.0,Female,25,83.76,2043.79,One Year,Mailed Check,DSL,Yes,No,4,4.0,5,1.0,37.0,79.04,2,Single,Tablet,No
CUST-01479,29.0,Male,18,40.98,834.65,Month-to-Month,Credit Card,DSL,Yes,Yes,1,3.0,1,11.4,11.0,277.63,2,Married,Mobile,No
CUST-01480,35.0,Male,21,28.49,601.47,Month-to-Month,Electronic Check,Fiber Optic,Yes,No,4,4.0,5,22.0,18.0,146.44,1,Married,Desktop,No
CUST-01481,52.0,Female,12,20.72,207.8,Month-to-Month,Credit Card,None,Yes,No,1,4.0,5,3.7,9.0,131.15,1,Single,Mobile,No
CUST-01482,36.0,Female,8,47.24,296.44,Two Year,Credit Card,DSL,Yes,No,0,3.0,3,1.3,21.0,241.15,1,Single,Desktop,No
CUST-01483,66.0,Female,1,57.58,60.58,Month-to-Month,Electronic Check,DSL,Yes,No,2,4.0,3,28.0,88.0,148.39,3,Single,Mobile,Yes
CUST-01484,36.0,Female,32,73.21,2329.7,Month-to-Month,Bank Transfer,Fiber Optic,No,No Internet,3,2.0,1,64.4,10.0,80.07,1,Married,Mobile,Yes
CUST-01485,45.0,Male,32,47.27,1551.79,One Year,Electronic Check,None,Yes,No Internet,4,3.0,3,17.8,50.0,130.54,3,Married,Desktop,No
CUST-01486,55.0,Female,26,116.41,3019.49,One Year,Bank Transfer,DSL,No Internet,No,4,4.0,3,55.5,7.0,131.89,7,Married,Mobile,No
CUST-01487,22.0,Female,24,47.17,1072.39,Two Year,Credit Card,DSL,No Internet,No,1,4.0,3,26.8,4.0,88.55,0,Married,Tablet,No
CUST-01488,18.0,Female,6,62.1,456.14,Month-to-Month,Electronic Check,DSL,No,No,0,4.0,1,4.4,2.0,126.12,1,Divorced,Mobile,No
CUST-01489,20.0,Female,1,28.33,50.11,Two Year,Electronic Check,DSL,No,No,2,4.0,2,1.7,117.0,36.03,1,Married,Desktop,Yes
CUST-01490,59.0,Female,39,44.06,1705.63,Month-to-Month,Credit Card,DSL,No Internet,No Internet,3,1.0,3,24.8,25.0,282.05,3,Married,Desktop,No
CUST-01491,34.0,Male,16,22.83,373.51,Month-to-Month,Bank Transfer,Fiber Optic,No,No,3,5.0,3,16.2,21.0,191.99,1,Married,Mobile,No
CUST-01492,77.0,Male,8,73.95,615.3,Two Year,Electronic Check,Fiber Optic,No Internet,No Internet,3,4.0,4,25.1,0.0,57.96,0,Married,Desktop,Yes
CUST-01493,34.0,Female,2,93.11,114.78,One Year,Electronic Check,Fiber Optic,No Internet,No,0,5.0,3,19.0,19.0,236.82,2,Single,Mobile,No
CUST-01494,44.0,Male,1,37.57,45.45,One Year,Electronic Check,DSL,No Internet,No,2,4.0,1,10.6,32.0,79.91,1,Divorced,Desktop,Yes
CUST-01495,63.0,Male,10,54.79,525.39,Two Year,Electronic Check,Fiber Optic,No,No,0,2.0,1,42.4,15.0,178.88,3,Married,Mobile,No
CUST-01496,70.0,Female,39,19.66,792.1,One Year,Mailed Check,DSL,Yes,No,1,5.0,1,21.0,4.0,274.33,2,Married,Tablet,No
CUST-01497,70.0,Female,60,101.95,6079.99,Month-to-Month,Bank Transfer,DSL,Yes,No,1,5.0,1,1.0,9.0,229.58,4,Single,Mobile,No
CUST-01498,58.0,Male,54,96.0,5153.76,Two Year,Electronic Check,Fiber Optic,No,No,5,1.0,2,18.3,37.0,36.61,2,Single,Desktop,No
CUST-01499,56.0,Female,60,24.33,1542.94,Month-to-Month,Electronic Check,DSL,No,Yes,2,2.0,2,11.8,19.0,163.74,2,Divorced,Mobile,Yes
CUST-01500,50.0,Female,57,54.49,3167.48,One Year,Electronic Check,None,Yes,No,1,5.0,1,2.2,19.0,212.3,2,Single,Mobile,No
CUST-01501,52.0,Female,17,113.53,,Month-to-Month,Bank Transfer,DSL,Yes,Yes,1,3.0,1,8.6,1.0,60.61,3,Single,Mobile,No
CUST-01502,34.0,Female,5,57.2,343.84,Month-to-Month,Electronic Check,Fiber Optic,No,No,0,5.0,2,11.1,22.0,30.16,0,Married,Tablet,Yes
CUST-01503,30.0,Male,38,70.62,2679.88,One Year,Electronic Check,Fiber Optic,No,No Internet,2,1.0,5,9.5,16.0,44.41,3,Single,Mobile,No
CUST-01504,41.0,Male,5,53.52,232.19,Month-to-Month,Electronic Check,Fiber Optic,No,No Internet,0,4.0,5,8.5,63.0,288.96,7,Married,Mobile,No
CUST-01505,39.0,Male,7,77.61,492.91,One Year,Credit Card,Fiber Optic,No,No,1,4.0,1,15.0,14.0,253.51,3,Divorced,Tablet,No
CUST-01506,35.0,Female,6,115.82,647.46,Two Year,Bank Transfer,DSL,No,Yes,2,5.0,4,16.1,28.0,257.38,3,Married,Mobile,No
CUST-01507,51.0,Female,17,117.75,1967.75,Month-to-Month,Mailed Check,DSL,Yes,No,0,4.0,2,17.9,82.0,73.87,0,Married,Mobile,No
CUST-01508,55.0,Female,9,95.47,802.87,One Year,Mailed Check,DSL,No Internet,No,1,1.0,3,21.5,25.0,167.47,3,Married,Desktop,No
CUST-01509,43.0,Female,4,58.43,165.99,One Year,Electronic Check,Fiber Optic,Yes,No,1,3.0,2,26.9,0.0,146.27,1,Married,Mobile,Yes
CUST-01510,62.0,Female,14,67.44,892.14,One Year,Electronic Check,Fiber Optic,No Internet,Yes,3,3.0,5,12.8,3.0,250.29,0,Married,Mobile,Yes
CUST-01511,26.0,Female,49,53.67,2646.0,One Year,Credit Card,Fiber Optic,No Internet,Yes,1,4.0,2,1.1,102.0,126.52,0,Married,Desktop,No
CUST-01512,39.0,Male,20,116.56,2333.7,Month-to-Month,Bank Transfer,DSL,No,No,0,3.0,1,6.8,24.0,161.37,1,Single,Mobile,No
CUST-01513,31.0,Male,50,88.78,4466.79,Month-to-Month,Credit Card,None,No,Yes,1,3.0,3,1.0,6.0,174.33,3,Single,Mobile,Yes
CUST-01514,18.0,Female,5,62.89,311.13,Month-to-Month,Electronic Check,DSL,No,Yes,1,4.0,2,13.6,25.0,111.41,2,Married,Desktop,No
CUST-01515,40.0,Male,4,19.21,11.51,Month-to-Month,Credit Card,DSL,No Internet,No Internet,0,3.0,1,55.4,94.0,10.18,1,Married,Tablet,No
CUST-01516,40.0,Male,20,70.05,1425.72,One Year,Electronic Check,None,Yes,No,3,5.0,2,26.3,1.0,148.57,7,Single,Mobile,No
CUST-01517,63.0,Female,14,116.39,1579.23,Month-to-Month,Electronic Check,DSL,No,Yes,0,3.0,3,10.0,22.0,147.98,1,Divorced,Desktop,Yes
CUST-01518,50.0,Male,25,70.31,1790.08,Two Year,Mailed Check,None,Yes,No,2,3.0,2,,4.0,12.25,1,Married,Desktop,No
CUST-01519,27.0,Female,37,36.24,1282.58,One Year,Electronic Check,DSL,No Internet,No,1,5.0,4,20.3,17.0,145.89,3,Single,Mobile,No
CUST-01520,67.0,Male,33,20.21,632.56,Month-to-Month,Electronic Check,DSL,No Internet,Yes,1,5.0,4,13.6,31.0,153.34,0,Married,Mobile,Yes
CUST-01521,59.0,Male,68,53.47,3617.89,Month-to-Month,Electronic Check,DSL,No,No,0,4.0,3,32.5,18.0,40.34,1,Single,Desktop,Yes
CUST-01522,,Male,12,109.82,1351.56,One Year,Bank Transfer,Fiber Optic,No,No,0,3.0,1,5.8,98.0,43.2,2,Single,Mobile,No
CUST-01523,38.0,Female,5,117.66,,One Year,Credit Card,Fiber Optic,Yes,No,0,4.0,3,16.8,26.0,280.96,3,Married,Mobile,Yes
CUST-01524,28.0,Male,19,112.54,2139.26,Two Year,Credit Card,DSL,No,Yes,1,5.0,2,1.0,99.0,57.11,1,Single,Desktop,No
CUST-01525,36.0,Female,2,90.94,276.16,Month-to-Month,Credit Card,DSL,No,No,1,2.0,3,2.2,11.0,93.64,1,Married,Mobile,No
CUST-01526,57.0,Female,8,73.81,498.63,Month-to-Month,Mailed Check,DSL,No,No Internet,1,2.0,2,41.8,0.0,89.3,2,Single,Mobile,Yes
CUST-01527,68.0,Female,5,77.07,333.43,Two Year,Credit Card,DSL,No,No,0,4.0,3,11.7,5.0,197.27,4,Married,Mobile,No
CUST-01528,63.0,Male,12,71.9,808.74,Month-to-Month,Electronic Check,None,No Internet,No Internet,1,4.0,3,21.1,2.0,192.59,0,Single,Mobile,No
CUST-01529,35.0,Male,2,88.7,88.87,One Year,Credit Card,Fiber Optic,No,No,0,3.0,2,30.5,40.0,273.82,1,Married,Desktop,Yes
CUST-01530,26.0,Female,1,59.89,23.91,Month-to-Month,Mailed Check,Fiber Optic,No Internet,No,1,3.0,1,40.8,6.0,120.83,4,Divorced,Desktop,Yes
CUST-01531,43.0,Female,25,84.92,2157.39,One Year,Bank Transfer,DSL,No,Yes,3,2.0,2,1.4,42.0,234.02,5,Single,Mobile,No
CUST-01532,18.0,Female,22,30.16,633.94,Month-to-Month,Bank Transfer,DSL,Yes,No,3,2.0,3,18.2,23.0,113.23,2,Single,Mobile,No
CUST-01533,46.0,Male,29,44.57,1275.88,One Year,Bank Transfer,Fiber Optic,No,No Internet,0,5.0,5,14.9,7.0,72.01,2,Married,Desktop,No
CUST-01534,,Female,25,101.6,2453.87,One Year,Electronic Check,None,No Internet,Yes,2,3.0,2,13.7,28.0,267.38,3,Single,Desktop,No
CUST-01535,35.0,Male,2,108.37,176.91,Two Year,Credit Card,None,No,No,2,2.0,3,2.4,0.0,145.1,0,Single,Desktop,Yes
CUST-01536,19.0,Male,8,71.9,552.12,Month-to-Month,Electronic Check,Fiber Optic,No,Yes,2,5.0,3,22.3,12.0,117.15,1,Divorced,Desktop,Yes
CUST-01537,49.0,Male,3,21.16,95.6,Month-to-Month,Electronic Check,DSL,No Internet,No Internet,1,2.0,1,5.7,46.0,271.69,1,Single,Tablet,Yes
CUST-01538,34.0,Male,44,110.7,4787.05,Month-to-Month,Credit Card,DSL,No Internet,No,0,3.0,1,3.8,41.0,281.82,3,Divorced,Desktop,No
CUST-01539,25.0,Female,32,88.21,2799.97,Two Year,Credit Card,Fiber Optic,No Internet,No Internet,3,5.0,3,18.4,46.0,135.43,2,Single,Mobile,No
CUST-01540,18.0,Male,5,59.4,351.34,One Year,Electronic Check,DSL,No,Yes,0,2.0,2,3.6,26.0,5.9,1,Married,Mobile,No
CUST-01541,41.0,Female,10,77.84,756.15,One Year,Credit Card,None,No,No Internet,2,5.0,4,10.4,25.0,9.74,4,Divorced,Mobile,No
CUST-01542,66.0,Male,72,60.98,4284.78,Month-to-Month,Mailed Check,Fiber Optic,No Internet,Yes,0,4.0,4,5.7,15.0,182.71,3,Single,Desktop,No
CUST-01543,65.0,Female,21,64.53,1419.09,Month-to-Month,Credit Card,None,No,No,3,3.0,2,26.0,89.0,255.61,1,Married,Desktop,No
CUST-01544,35.0,Male,38,106.68,4090.58,Month-to-Month,Electronic Check,Fiber Optic,No,Yes,2,4.0,1,46.3,89.0,262.57,1,Single,Mobile,No
CUST-01545,33.0,Male,7,34.11,282.24,Month-to-Month,Electronic Check,Fiber Optic,No,Yes,2,3.0,2,26.1,0.0,270.34,2,Single,Desktop,No
CUST-01546,48.0,Male,5,28.37,54.66,One Year,Electronic Check,DSL,No,Yes,1,4.0,1,7.6,98.0,242.25,1,Married,Desktop,No
CUST-01547,28.0,Male,36,18.27,733.34,Month-to-Month,Bank Transfer,Fiber Optic,Yes,No,1,1.0,3,2.7,61.0,261.67,2,Single,Desktop,No
CUST-01548,46.0,Female,27,49.4,1295.14,One Year,Mailed Check,DSL,Yes,No,1,5.0,1,,27.0,252.49,2,Married,Desktop,No
CUST-01549,52.0,Male,27,32.74,858.51,Two Year,Electronic Check,Fiber Optic,No,No Internet,2,5.0,4,35.1,11.0,252.06,3,Married,Desktop,Yes
CUST-01550,59.0,Female,19,40.0,724.86,Two Year,Bank Transfer,Fiber Optic,No,No,3,3.0,2,7.7,16.0,98.24,2,Single,Mobile,Yes
CUST-01551,40.0,Male,19,19.12,410.63,One Year,Electronic Check,Fiber Optic,No Internet,Yes,1,2.0,2,1.0,56.0,118.11,0,Married,Mobile,No
CUST-01552,39.0,Female,31,40.72,1253.33,Month-to-Month,Electronic Check,Fiber Optic,Yes,Yes,1,2.0,2,2.0,4.0,95.12,3,Married,Mobile,Yes
CUST-01553,29.0,Female,7,51.27,382.98,One Year,Mailed Check,Fiber Optic,No,No,3,3.0,3,7.2,29.0,46.37,0,Single,Mobile,No
CUST-01554,30.0,Male,10,21.16,215.4,Month-to-Month,Mailed Check,DSL,No Internet,No,2,2.0,3,10.4,7.0,99.62,2,Single,Mobile,No
CUST-01555,38.0,Male,49,78.79,3855.96,Month-to-Month,Credit Card,None,No,No,0,2.0,2,5.1,14.0,272.22,0,Single,Mobile,No
CUST-01556,47.0,Male,8,74.88,551.7,One Year,Credit Card,DSL,No,No,0,4.0,5,10.0,0.0,291.32,2,Married,Mobile,No
CUST-01557,54.0,Female,18,27.7,589.21,Two Year,Mailed Check,None,No Internet,Yes,2,3.0,2,47.8,104.0,45.14,1,Single,Tablet,No
CUST-01558,30.0,Male,29,77.5,2174.33,Month-to-Month,Credit Card,Fiber Optic,No,No,2,5.0,4,1.2,3.0,198.61,2,Single,Tablet,No
CUST-01559,62.0,Female,72,117.87,,Month-to-Month,Mailed Check,None,No,No,1,3.0,1,24.4,43.0,290.09,1,Divorced,Desktop,No
CUST-01560,38.0,Female,13,112.45,1480.68,One Year,Electronic Check,Fiber Optic,No Internet,No,4,2.0,3,9.1,24.0,62.0,0,Divorced,Mobile,No
CUST-01561,41.0,Female,13,18.27,295.23,Month-to-Month,Credit Card,Fiber Optic,Yes,Yes,3,2.0,3,15.9,52.0,252.01,1,Married,Desktop,Yes
CUST-01562,31.0,Female,44,,4361.16,One Year,Bank Transfer,Fiber Optic,No,Yes,1,4.0,3,52.3,21.0,88.94,1,Married,Desktop,No
CUST-01563,18.0,Female,39,53.36,2074.17,Month-to-Month,Bank Transfer,Fiber Optic,No Internet,No Internet,5,4.0,2,9.2,124.0,123.1,0,Single,Mobile,Yes
CUST-01564,54.0,Male,31,24.37,781.99,Month-to-Month,Electronic Check,DSL,No,No,2,4.0,2,1.5,28.0,274.88,3,Divorced,Mobile,Yes
CUST-01565,52.0,Female,14,47.6,754.64,One Year,Bank Transfer,Fiber Optic,No Internet,No,3,3.0,5,26.4,28.0,17.43,0,Single,Mobile,No
CUST-01566,38.0,Female,9,50.17,448.27,Two Year,Bank Transfer,DSL,Yes,No,1,5.0,2,4.6,76.0,134.56,3,Married,Desktop,No
CUST-01567,42.0,Male,22,70.32,1493.72,One Year,Mailed Check,Fiber Optic,No,No,3,2.0,1,35.3,8.0,151.71,0,Married,Desktop,Yes
CUST-01568,49.0,Female,50,,4186.28,Two Year,Credit Card,DSL,No,No,0,1.0,3,1.3,13.0,270.28,0,Married,Mobile,Yes
CUST-01569,20.0,Male,51,92.91,4673.18,Month-to-Month,Electronic Check,DSL,No,No,1,4.0,2,3.9,32.0,172.13,4,Single,Desktop,No
CUST-01570,34.0,Female,2,42.59,103.77,Two Year,Bank Transfer,None,Yes,No,0,4.0,2,51.7,4.0,283.53,2,Married,Desktop,No
CUST-01571,53.0,Female,13,50.18,705.56,Month-to-Month,Credit Card,None,Yes,No,2,3.0,3,,49.0,95.36,0,Single,Mobile,No
CUST-01572,24.0,Male,14,48.84,677.71,Two Year,Credit Card,Fiber Optic,No Internet,No,1,1.0,3,3.7,26.0,148.1,1,Divorced,Desktop,No
CUST-01573,46.0,Female,72,54.27,3826.39,Month-to-Month,Bank Transfer,None,No Internet,Yes,1,2.0,3,22.5,42.0,6.81,3,Married,Desktop,No
CUST-01574,23.0,Male,27,117.97,3236.27,Month-to-Month,Credit Card,DSL,No,No,0,2.0,5,1.4,138.0,296.64,2,Single,Desktop,No
CUST-01575,48.0,Male,12,95.79,1060.67,Month-to-Month,Bank Transfer,DSL,No,No,0,4.0,1,2.6,112.0,69.99,0,Single,Mobile,Yes
CUST-01576,41.0,Male,1,115.5,38.2,One Year,Electronic Check,DSL,No,Yes,1,4.0,2,3.0,17.0,278.64,2,Single,Tablet,Yes
CUST-01577,19.0,Female,19,87.31,1649.97,Month-to-Month,Electronic Check,DSL,No Internet,No,1,4.0,4,1.0,,120.07,0,Married,Tablet,Yes
CUST-01578,58.0,Male,2,58.63,129.85,Two Year,Bank Transfer,DSL,No,No,4,4.0,3,9.9,30.0,49.56,5,Divorced,Desktop,No
CUST-01579,31.0,Male,43,56.97,2470.82,Month-to-Month,Bank Transfer,Fiber Optic,No Internet,No Internet,2,1.0,1,7.4,37.0,125.96,4,Married,Desktop,No
CUST-01580,30.0,Female,33,66.86,2203.07,Month-to-Month,Credit Card,DSL,No Internet,No,5,4.0,1,13.4,10.0,97.2,2,Married,Desktop,Yes
CUST-01581,44.0,Male,14,59.69,923.66,Month-to-Month,Credit Card,DSL,No,Yes,3,3.0,4,17.5,9.0,285.54,0,Married,Mobile,No
CUST-01582,58.0,Male,13,100.83,1314.05,Month-to-Month,Bank Transfer,Fiber Optic,Yes,No Internet,2,4.0,3,13.6,7.0,231.35,1,Married,Desktop,Yes
CUST-01583,27.0,Male,54,64.5,3534.73,One Year,Mailed Check,DSL,No,No,0,4.0,4,4.9,72.0,62.23,2,Married,Mobile,No
CUST-01584,42.0,Male,8,47.56,419.83,One Year,Credit Card,Fiber Optic,No Internet,No,2,4.0,4,1.3,3.0,162.03,2,Divorced,Tablet,No
CUST-01585,48.0,Male,6,95.49,508.3,Two Year,Bank Transfer,DSL,No,Yes,1,3.0,1,19.8,8.0,200.98,1,Married,Mobile,No
CUST-01586,51.0,Male,67,103.44,6921.99,Month-to-Month,Electronic Check,None,No Internet,No,1,3.0,5,5.5,29.0,173.8,3,Divorced,Mobile,No
CUST-01587,44.0,Female,39,60.04,2447.73,Two Year,Electronic Check,DSL,No Internet,No Internet,1,5.0,3,4.3,18.0,275.01,0,Single,Mobile,No
CUST-01588,36.0,Female,41,84.78,3450.76,Month-to-Month,Mailed Check,None,No,No,1,5.0,4,17.6,3.0,33.9,2,Married,Tablet,No
CUST-01589,30.0,Male,5,23.88,85.67,Two Year,Credit Card,Fiber Optic,No,No,1,3.0,3,8.7,10.0,12.13,2,Single,Desktop,Yes
CUST-01590,43.0,Male,3,70.95,221.38,Month-to-Month,Credit Card,DSL,No,No Internet,1,4.0,2,3.4,15.0,183.58,0,Single,Tablet,No
CUST-01591,26.0,Male,1,22.5,0.0,One Year,Bank Transfer,DSL,Yes,Yes,3,2.0,3,21.8,95.0,223.6,3,Divorced,Tablet,No
CUST-01592,18.0,Female,6,20.92,85.83,One Year,Credit Card,Fiber Optic,No,No,1,4.0,2,24.6,15.0,242.84,4,Divorced,Mobile,No
CUST-01593,48.0,Male,35,79.29,2750.99,Month-to-Month,Bank Transfer,None,Yes,No Internet,3,4.0,5,63.3,3.0,,0,Married,Desktop,No
CUST-01594,54.0,Male,6,48.33,361.58,Month-to-Month,Mailed Check,DSL,No Internet,No,0,3.0,3,9.5,107.0,57.04,1,Single,Mobile,Yes
CUST-01595,18.0,Female,31,92.25,2852.92,One Year,Electronic Check,DSL,No Internet,No,1,3.0,1,1.0,17.0,251.57,2,Divorced,Mobile,Yes
CUST-01596,27.0,Male,6,107.61,579.26,Month-to-Month,Credit Card,Fiber Optic,Yes,No,0,4.0,3,10.9,4.0,101.26,3,Single,Mobile,No
CUST-01597,50.0,Male,12,31.94,307.69,One Year,Credit Card,Fiber Optic,No,No,1,3.0,1,1.0,28.0,197.9,1,Married,Desktop,No
CUST-01598,70.0,Female,72,90.45,6622.74,One Year,Mailed Check,None,No,Yes,0,4.0,5,44.2,49.0,45.24,1,Single,Desktop,No
CUST-01599,42.0,Female,6,69.45,405.53,One Year,Bank Transfer,Fiber Optic,No,Yes,0,3.0,2,2.9,37.0,240.3,0,Married,Mobile,No
CUST-01600,31.0,Male,11,29.21,343.04,Two Year,Mailed Check,DSL,No,No,3,5.0,5,38.9,11.0,288.26,2,Married,Desktop,No
CUST-01601,39.0,Female,8,83.16,626.71,Month-to-Month,Electronic Check,None,Yes,No,2,1.0,1,44.9,8.0,291.49,1,Single,Mobile,No
CUST-01602,61.0,Male,2,78.95,,Month-to-Month,Mailed Check,Fiber Optic,Yes,No,4,3.0,2,22.4,64.0,155.7,2,Married,Tablet,No
CUST-01603,,Female,16,69.56,1185.93,Month-to-Month,Mailed Check,Fiber Optic,Yes,No,1,2.0,1,1.4,6.0,71.79,2,Married,Mobile,No
CUST-01604,30.0,Female,11,110.65,1184.54,One Year,Bank Transfer,Fiber Optic,No Internet,Yes,2,5.0,3,12.3,42.0,42.3,4,Single,Desktop,No
CUST-01605,35.0,Female,28,70.11,1986.01,Two Year,Electronic Check,DSL,No,Yes,1,3.0,2,6.6,0.0,73.72,0,Divorced,Desktop,Yes
CUST-01606,28.0,Female,40,117.05,4611.71,Two Year,Bank Transfer,DSL,No Internet,No,4,4.0,3,25.7,16.0,186.49,2,Married,Desktop,No
CUST-01607,43.0,Female,18,68.92,1341.7,Two Year,Credit Card,DSL,No,No,1,3.0,2,5.4,125.0,130.76,4,Married,Desktop,Yes
CUST-01608,64.0,Female,1,29.59,43.02,Two Year,Credit Card,None,No,No,0,,1,9.0,30.0,143.22,3,Married,Tablet,Yes
CUST-01609,46.0,Female,23,65.05,1475.51,Two Year,Bank Transfer,Fiber Optic,No,No,2,,1,12.8,11.0,142.29,2,Married,Tablet,No
CUST-01610,38.0,Male,1,36.23,21.34,Month-to-Month,Credit Card,DSL,No,No,2,3.0,4,1.0,36.0,,1,Single,Mobile,Yes
CUST-01611,37.0,Male,22,77.71,1684.12,Two Year,Credit Card,Fiber Optic,Yes,Yes,0,5.0,3,14.1,13.0,249.4,1,Single,Mobile,No
CUST-01612,20.0,Female,27,87.31,2334.42,One Year,Bank Transfer,Fiber Optic,Yes,No Internet,3,3.0,3,6.3,83.0,4.19,3,Single,Desktop,No
CUST-01613,54.0,Female,5,64.84,201.83,Month-to-Month,Mailed Check,DSL,Yes,Yes,0,2.0,1,11.3,8.0,275.47,4,Divorced,Mobile,Yes
CUST-01614,40.0,Male,41,27.77,,Month-to-Month,Electronic Check,Fiber Optic,No Internet,No Internet,1,1.0,1,2.0,11.0,116.53,3,Single,Tablet,Yes
CUST-01615,39.0,Female,58,64.86,3754.89,Month-to-Month,Bank Transfer,Fiber Optic,No,No Internet,4,3.0,1,6.1,35.0,72.24,1,Married,Mobile,Yes
CUST-01616,80.0,Female,40,26.15,1070.43,One Year,Credit Card,DSL,Yes,No,3,3.0,2,13.1,47.0,298.8,1,Married,Mobile,No
CUST-01617,46.0,Female,8,86.21,663.52,One Year,Credit Card,None,Yes,No,1,2.0,2,12.7,25.0,,5,Married,Mobile,No
CUST-01618,31.0,Female,21,97.04,1999.29,Month-to-Month,Electronic Check,Fiber Optic,No,No,1,3.0,1,2.6,10.0,96.31,3,Single,Tablet,No
CUST-01619,36.0,Male,59,114.24,6739.77,One Year,Electronic Check,DSL,No,No Internet,2,5.0,2,8.0,25.0,272.13,3,Single,Desktop,No
CUST-01620,58.0,Male,9,32.88,215.3,Month-to-Month,Bank Transfer,None,No,No,1,1.0,2,11.0,7.0,142.69,1,Married,Mobile,Yes
CUST-01621,,Male,41,71.24,2928.01,Two Year,Electronic Check,DSL,No Internet,Yes,0,4.0,3,1.3,1.0,277.74,5,Divorced,Tablet,No
CUST-01622,21.0,Male,1,74.75,0.0,One Year,Electronic Check,None,No,Yes,1,3.0,4,13.7,75.0,72.45,2,Divorced,Mobile,Yes
CUST-01623,54.0,Female,1,110.25,166.29,Two Year,Credit Card,DSL,Yes,Yes,1,5.0,3,4.0,19.0,122.23,2,Single,Mobile,No
CUST-01624,32.0,Female,34,80.73,2779.03,Month-to-Month,Bank Transfer,Fiber Optic,Yes,Yes,4,4.0,1,37.9,19.0,15.5,1,Single,Mobile,No
CUST-01625,68.0,Female,34,32.55,1060.39,Two Year,Electronic Check,Fiber Optic,No,Yes,3,2.0,3,4.7,40.0,136.28,2,Married,Mobile,Yes
CUST-01626,57.0,Female,37,61.64,2313.74,Month-to-Month,Electronic Check,DSL,No,No,1,5.0,1,23.2,24.0,0.15,0,Single,Mobile,No
CUST-01627,35.0,Male,63,83.48,5264.82,Month-to-Month,Credit Card,Fiber Optic,No,No,1,2.0,3,13.1,18.0,95.06,4,Married,Desktop,Yes
CUST-01628,59.0,Male,3,88.03,213.64,Month-to-Month,Credit Card,Fiber Optic,No,No,2,3.0,2,17.3,47.0,214.53,1,Divorced,Desktop,Yes
CUST-01629,42.0,Male,6,104.31,524.72,One Year,Electronic Check,Fiber Optic,No,Yes,2,5.0,2,34.8,19.0,217.24,1,Married,Desktop,No
CUST-01630,53.0,Male,56,36.05,2034.62,Two Year,Credit Card,DSL,No,Yes,1,2.0,2,28.2,73.0,128.34,1,Single,Mobile,No
CUST-01631,48.0,Female,4,,412.89,One Year,Electronic Check,None,Yes,No,1,4.0,2,2.1,10.0,3.89,5,Single,Tablet,No
CUST-01632,30.0,Male,27,23.91,700.32,Two Year,Credit Card,Fiber Optic,No,No,3,5.0,4,40.7,1.0,39.3,1,Married,Desktop,No
CUST-01633,32.0,Male,18,116.38,2095.54,Month-to-Month,Credit Card,DSL,No,No,2,4.0,1,2.2,4.0,72.62,1,Single,Tablet,No
CUST-01634,56.0,Male,2,103.78,172.58,Month-to-Month,Credit Card,Fiber Optic,No Internet,No,0,4.0,1,5.7,51.0,4.94,2,Married,Desktop,Yes
CUST-01635,37.0,Female,8,84.03,762.13,One Year,Mailed Check,Fiber Optic,Yes,No,3,4.0,4,11.1,78.0,65.11,1,Married,Desktop,Yes
CUST-01636,36.0,Male,17,91.5,,Month-to-Month,Electronic Check,None,No,No,3,4.0,1,40.6,2.0,157.08,0,Single,Tablet,Yes
CUST-01637,28.0,Female,45,25.27,954.4,Two Year,Mailed Check,DSL,No,No,4,5.0,1,14.8,71.0,37.72,0,Married,Mobile,No
CUST-01638,47.0,Male,29,22.15,618.03,One Year,Bank Transfer,DSL,No,Yes,1,4.0,2,31.2,86.0,259.89,3,Single,Desktop,No
CUST-01639,70.0,Female,23,28.18,578.94,Month-to-Month,Electronic Check,DSL,No,No Internet,2,4.0,4,42.6,42.0,17.99,1,Divorced,Desktop,Yes
CUST-01640,27.0,Male,16,26.74,387.85,One Year,Mailed Check,None,No Internet,No,0,4.0,2,20.7,42.0,232.76,3,Married,Mobile,No
CUST-01641,42.0,Female,8,72.74,574.68,Month-to-Month,Bank Transfer,Fiber Optic,Yes,Yes,1,3.0,2,9.9,0.0,133.89,0,Married,Desktop,No
CUST-01642,61.0,Female,3,39.54,136.32,Month-to-Month,Mailed Check,DSL,No,No,0,5.0,1,7.4,7.0,183.85,0,Married,Mobile,Yes
CUST-01643,40.0,Female,12,104.02,1261.31,One Year,Mailed Check,Fiber Optic,No,No,2,,3,4.8,7.0,145.04,4,Married,Desktop,No
CUST-01644,48.0,Female,1,62.57,116.46,One Year,Mailed Check,DSL,No Internet,Yes,2,3.0,2,10.6,26.0,128.46,1,Single,Mobile,No
CUST-01645,27.0,Male,5,87.55,469.58,Two Year,Mailed Check,DSL,Yes,No,2,4.0,3,1.0,32.0,204.1,2,Single,Desktop,No
CUST-01646,47.0,Male,13,83.29,1111.51,Month-to-Month,Electronic Check,Fiber Optic,No,No,2,1.0,2,3.9,69.0,68.14,7,Married,Desktop,Yes
CUST-01647,39.0,Male,13,49.99,659.94,One Year,Mailed Check,DSL,Yes,No,3,5.0,2,6.7,20.0,146.03,4,Married,Mobile,No
CUST-01648,55.0,Female,1,42.32,106.66,Month-to-Month,Bank Transfer,Fiber Optic,No Internet,No,1,5.0,3,28.8,20.0,242.21,1,Married,Desktop,No
CUST-01649,58.0,Male,21,52.25,1081.44,Month-to-Month,Electronic Check,Fiber Optic,No,Yes,2,2.0,1,7.1,1.0,46.54,2,Married,Mobile,No
CUST-01650,78.0,Male,19,97.67,,One Year,Credit Card,Fiber Optic,Yes,No,2,3.0,2,4.1,178.0,27.82,4,Single,Mobile,No
CUST-01651,50.0,Female,1,76.63,0.0,Month-to-Month,Electronic Check,DSL,No,No,1,4.0,3,22.9,87.0,181.08,1,Divorced,Mobile,Yes
CUST-01652,46.0,Female,68,,3000.61,One Year,Electronic Check,Fiber Optic,No,No,4,3.0,4,43.0,2.0,289.07,2,Married,Mobile,Yes
CUST-01653,44.0,Male,2,99.78,195.71,One Year,Electronic Check,DSL,Yes,Yes,1,5.0,5,22.4,24.0,128.76,1,Divorced,Mobile,No
CUST-01654,37.0,Female,46,23.48,1226.76,Month-to-Month,Electronic Check,Fiber Optic,No Internet,No,1,3.0,2,2.0,12.0,244.39,2,Married,Desktop,No
CUST-01655,46.0,Female,1,87.92,67.64,Month-to-Month,Bank Transfer,DSL,Yes,No,1,5.0,1,5.8,16.0,141.07,0,Single,Mobile,No
CUST-01656,37.0,Male,51,61.91,3161.84,Month-to-Month,Bank Transfer,Fiber Optic,No,No Internet,1,3.0,5,13.9,31.0,70.4,1,Married,Mobile,Yes
CUST-01657,44.0,Male,1,91.13,118.46,Two Year,Credit Card,Fiber Optic,No,No,3,3.0,2,3.3,16.0,145.52,3,Married,Mobile,Yes
CUST-01658,60.0,Female,34,110.75,3710.41,Month-to-Month,Credit Card,Fiber Optic,No Internet,Yes,1,2.0,1,15.2,20.0,132.57,0,Single,Desktop,No
CUST-01659,27.0,Female,10,93.0,947.93,Month-to-Month,Electronic Check,Fiber Optic,Yes,No,1,5.0,5,4.0,9.0,,1,Divorced,Desktop,No
CUST-01660,57.0,Male,32,62.2,1992.13,One Year,Electronic Check,Fiber Optic,No,Yes,5,3.0,2,11.7,2.0,105.94,2,Single,Mobile,No
CUST-01661,60.0,Male,12,33.1,382.02,Two Year,Credit Card,DSL,Yes,No,1,2.0,3,18.4,42.0,117.63,4,Single,Mobile,No
CUST-01662,,Female,1,98.64,157.27,Two Year,Credit Card,Fiber Optic,No Internet,No Internet,2,1.0,1,23.2,14.0,257.79,3,Married,Desktop,No
CUST-01663,18.0,Female,35,64.07,2197.26,Month-to-Month,Bank Transfer,None,Yes,Yes,4,3.0,3,24.2,65.0,92.24,0,Single,Tablet,No
CUST-01664,33.0,Female,1,25.53,39.28,Month-to-Month,Electronic Check,DSL,No,No,3,1.0,5,22.4,87.0,277.55,1,Married,Mobile,No
CUST-01665,60.0,Male,61,,5557.24,One Year,Electronic Check,DSL,No,No,0,3.0,5,2.2,2.0,4.05,1,Single,Mobile,No
CUST-01666,41.0,Male,1,47.19,11.86,Two Year,Credit Card,DSL,Yes,Yes,1,5.0,1,68.1,34.0,38.52,3,Single,Mobile,No
CUST-01667,28.0,Female,15,22.89,328.51,Month-to-Month,Electronic Check,Fiber Optic,Yes,No,3,3.0,3,22.2,51.0,8.12,1,Married,Desktop,No
CUST-01668,34.0,Male,30,108.28,3365.67,Month-to-Month,Credit Card,DSL,Yes,No Internet,2,1.0,3,1.6,31.0,230.3,1,Single,Desktop,No
CUST-01669,53.0,Female,11,66.31,753.13,Month-to-Month,Electronic Check,None,No Internet,No,2,3.0,4,17.9,11.0,37.37,4,Married,Mobile,Yes
CUST-01670,49.0,Female,5,46.1,205.19,Month-to-Month,Credit Card,Fiber Optic,No,No,1,1.0,2,9.5,10.0,172.22,6,Married,Desktop,No
CUST-01671,38.0,Male,34,89.64,3087.89,One Year,Mailed Check,DSL,No Internet,,1,5.0,2,8.4,18.0,233.37,2,Divorced,Mobile,No
CUST-01672,36.0,Female,36,106.59,,Month-to-Month,Credit Card,None,Yes,No,1,3.0,2,16.9,8.0,146.81,1,Single,Desktop,No
CUST-01673,36.0,Male,61,18.03,1021.58,Month-to-Month,Electronic Check,DSL,Yes,Yes,3,1.0,3,2.8,67.0,29.38,1,Single,Mobile,No
CUST-01674,29.0,Female,11,86.79,1023.31,Month-to-Month,Bank Transfer,DSL,No Internet,Yes,5,,4,112.0,1.0,251.23,1,Single,Mobile,No
CUST-01675,,Male,16,94.7,1460.05,Month-to-Month,Credit Card,DSL,,Yes,4,3.0,1,11.8,3.0,61.87,2,Single,Desktop,No
CUST-01676,37.0,Male,10,38.99,512.49,Month-to-Month,Credit Card,DSL,No,Yes,0,3.0,3,13.5,27.0,28.33,1,Married,Mobile,Yes
CUST-01677,59.0,Female,7,66.96,444.25,Month-to-Month,Bank Transfer,Fiber Optic,No Internet,No Internet,1,5.0,1,8.3,32.0,230.26,2,Married,Mobile,No
CUST-01678,63.0,Female,33,26.93,995.35,Two Year,Electronic Check,DSL,No Internet,No,1,4.0,1,14.0,39.0,8.37,1,Married,Desktop,No
CUST-01679,55.0,Male,9,92.67,765.6,Month-to-Month,Credit Card,Fiber Optic,Yes,No,3,3.0,3,16.4,9.0,185.34,1,Married,Desktop,Yes
CUST-01680,35.0,Female,13,102.75,1387.02,One Year,Electronic Check,Fiber Optic,Yes,No Internet,3,4.0,4,6.4,10.0,126.11,5,Married,Mobile,No
CUST-01681,47.0,Male,12,28.82,370.83,Two Year,Electronic Check,DSL,Yes,Yes,1,3.0,4,9.3,16.0,130.32,0,Married,Mobile,No
CUST-01682,41.0,Male,29,99.65,2931.74,Month-to-Month,Credit Card,Fiber Optic,,No Internet,0,3.0,3,4.4,,241.33,1,Single,Tablet,No
CUST-01683,29.0,Male,59,95.16,5662.84,Month-to-Month,Credit Card,Fiber Optic,No,No,2,4.0,4,22.2,14.0,14.01,2,Married,Desktop,No
CUST-01684,46.0,Male,26,52.69,1345.05,Month-to-Month,Mailed Check,None,No,No,2,5.0,2,20.1,35.0,222.49,1,Married,Desktop,No
CUST-01685,25.0,Male,15,87.03,1240.01,One Year,Bank Transfer,DSL,No Internet,No Internet,2,4.0,4,25.0,20.0,211.65,3,Married,Mobile,Yes
CUST-01686,58.0,Male,36,18.0,645.45,One Year,Credit Card,DSL,No,Yes,2,3.0,3,,101.0,266.8,3,Married,Mobile,Yes
CUST-01687,35.0,Male,24,111.18,2679.47,Month-to-Month,Electronic Check,None,Yes,Yes,1,1.0,2,1.0,25.0,173.15,1,Single,Mobile,No
CUST-01688,44.0,Male,1,73.04,49.45,Two Year,Credit Card,DSL,No,Yes,1,4.0,3,3.2,11.0,48.03,2,Married,Tablet,No
CUST-01689,45.0,Male,2,80.03,173.94,One Year,Bank Transfer,DSL,Yes,No Internet,1,3.0,1,7.4,6.0,13.95,2,Divorced,Mobile,Yes
CUST-01690,38.0,Female,1,84.47,100.95,Month-to-Month,Credit Card,Fiber Optic,No,Yes,1,3.0,1,4.0,7.0,132.6,1,Single,Mobile,No
CUST-01691,50.0,Male,14,74.14,992.46,One Year,Mailed Check,DSL,Yes,No Internet,1,4.0,5,11.4,0.0,216.06,1,Divorced,Mobile,No
CUST-01692,35.0,Female,41,103.68,4270.63,Month-to-Month,Bank Transfer,Fiber Optic,Yes,Yes,2,4.0,1,34.3,17.0,12.69,1,Divorced,Desktop,No
CUST-01693,54.0,Female,9,78.97,697.37,One Year,Mailed Check,None,No Internet,No,2,2.0,1,20.1,96.0,74.47,2,Single,Desktop,Yes
CUST-01694,23.0,Female,11,108.78,1161.58,Month-to-Month,Bank Transfer,Fiber Optic,No Internet,No,1,3.0,1,4.6,45.0,231.24,3,Single,Tablet,No
CUST-01695,43.0,Female,57,76.23,4384.48,One Year,Bank Transfer,Fiber Optic,No Internet,No Internet,2,2.0,3,7.6,10.0,69.13,1,Married,Mobile,No
CUST-01696,69.0,Female,43,35.11,1470.88,Month-to-Month,Mailed Check,DSL,Yes,No,3,2.0,1,1.0,48.0,114.34,1,Married,Mobile,Yes
CUST-01697,,Male,26,109.36,2820.53,One Year,Bank Transfer,Fiber Optic,No Internet,No,1,2.0,1,1.0,80.0,224.07,3,Married,Desktop,No
CUST-01698,32.0,Female,7,86.16,606.72,Month-to-Month,Bank Transfer,Fiber Optic,No,No Internet,1,5.0,5,8.3,33.0,129.13,2,Single,Mobile,No
CUST-01699,49.0,Female,2,87.92,244.56,One Year,Credit Card,DSL,No Internet,No Internet,1,4.0,4,19.5,21.0,231.4,0,Married,Mobile,No
CUST-01700,44.0,Female,1,116.55,126.19,Month-to-Month,Mailed Check,DSL,No Internet,Yes,2,5.0,2,29.6,4.0,81.07,2,Single,Mobile,No
CUST-01701,46.0,Female,2,25.52,77.45,Month-to-Month,Credit Card,Fiber Optic,No Internet,No,1,3.0,1,8.5,2.0,287.42,0,Single,Mobile,Yes
CUST-01702,48.0,Male,8,60.86,472.0,Month-to-Month,Electronic Check,Fiber Optic,Yes,Yes,2,1.0,3,3.0,7.0,28.14,1,Married,Tablet,Yes
CUST-01703,50.0,Female,19,41.91,792.37,Month-to-Month,Bank Transfer,Fiber Optic,No,No,0,1.0,4,4.5,32.0,225.44,4,Single,Mobile,Yes
CUST-01704,57.0,Female,1,81.04,78.6,One Year,Credit Card,Fiber Optic,,No,0,2.0,5,8.8,5.0,22.26,1,Single,Desktop,No
CUST-01705,47.0,Male,3,98.68,310.71,Two Year,Credit Card,DSL,Yes,No,1,4.0,1,15.7,22.0,253.54,1,Married,Desktop,No
CUST-01706,38.0,Male,4,114.63,443.72,One Year,Mailed Check,DSL,No,No,2,2.0,3,11.7,17.0,40.95,0,Married,Mobile,No
CUST-01707,51.0,Female,23,63.46,1526.58,Two Year,Electronic Check,None,Yes,Yes,2,2.0,2,27.5,29.0,175.94,0,Divorced,Mobile,No
CUST-01708,68.0,Female,22,96.62,2106.98,Month-to-Month,Electronic Check,Fiber Optic,No Internet,No,1,5.0,1,1.0,1.0,100.07,1,Divorced,Mobile,Yes
CUST-01709,40.0,Female,19,109.71,1999.13,Month-to-Month,Bank Transfer,Fiber Optic,No Internet,No,1,2.0,4,72.7,117.0,181.42,1,Married,Desktop,Yes
CUST-01710,28.0,Female,6,86.33,655.12,One Year,Credit Card,DSL,No,No Internet,1,3.0,3,39.7,35.0,14.35,4,Married,Tablet,Yes
CUST-01711,57.0,Male,11,42.27,448.6,Two Year,Electronic Check,DSL,No,No,2,3.0,5,2.4,38.0,264.4,3,Married,Mobile,No
CUST-01712,40.0,Male,2,78.79,223.24,One Year,Electronic Check,DSL,Yes,Yes,2,5.0,1,1.0,0.0,214.26,0,Divorced,Mobile,No
CUST-01713,18.0,Male,6,115.0,760.24,Month-to-Month,Electronic Check,DSL,No,Yes,2,4.0,1,14.4,2.0,103.7,2,Single,Mobile,Yes
CUST-01714,53.0,Male,54,116.76,6352.3,Month-to-Month,Bank Transfer,Fiber Optic,Yes,,0,3.0,4,19.2,34.0,141.16,2,Single,Desktop,Yes
CUST-01715,34.0,Male,72,82.24,5911.38,Month-to-Month,Mailed Check,Fiber Optic,No,No,4,5.0,2,9.7,3.0,187.86,0,Married,Desktop,No
CUST-01716,40.0,Male,25,106.7,2681.83,Month-to-Month,Credit Card,DSL,No Internet,No,3,4.0,2,4.9,67.0,185.34,1,Single,Desktop,No
CUST-01717,46.0,Female,59,38.03,2180.04,One Year,Credit Card,None,No,Yes,2,4.0,3,15.3,29.0,191.92,3,Married,Desktop,No
CUST-01718,44.0,Female,24,42.61,1122.15,Month-to-Month,Mailed Check,Fiber Optic,,Yes,2,5.0,2,15.2,2.0,46.48,2,Married,Mobile,No
CUST-01719,51.0,Male,1,113.29,70.7,Two Year,Electronic Check,Fiber Optic,Yes,No Internet,1,2.0,1,2.4,28.0,237.95,3,Married,Mobile,No
CUST-01720,35.0,Male,72,31.52,2256.74,Two Year,Bank Transfer,DSL,Yes,No Internet,3,2.0,3,24.1,48.0,137.92,0,Married,Mobile,No
CUST-01721,49.0,Male,2,37.11,79.17,Two Year,Electronic Check,DSL,No,No,4,4.0,1,20.8,48.0,240.07,3,Divorced,Desktop,Yes
CUST-01722,38.0,Female,27,60.05,1615.98,Two Year,Bank Transfer,Fiber Optic,Yes,No,5,4.0,5,1.3,15.0,278.55,2,Divorced,Tablet,No
CUST-01723,52.0,Male,6,76.96,428.92,Month-to-Month,Credit Card,DSL,No,,3,5.0,3,9.3,18.0,30.98,0,Single,Mobile,Yes
CUST-01724,50.0,Male,11,78.38,931.9,Two Year,Electronic Check,DSL,No,Yes,2,2.0,4,7.5,39.0,106.81,3,Single,Tablet,No
CUST-01725,28.0,Female,24,47.2,1180.31,Month-to-Month,Credit Card,DSL,No,No Internet,0,3.0,5,9.3,62.0,159.29,3,Single,Desktop,Yes
CUST-01726,57.0,Female,13,110.06,1446.88,Two Year,Credit Card,DSL,No,Yes,0,3.0,1,9.3,47.0,40.47,0,Single,Desktop,No
CUST-01727,34.0,Male,6,109.51,637.08,Month-to-Month,Credit Card,Fiber Optic,No,No Internet,0,3.0,1,,27.0,77.74,2,Married,Desktop,No
CUST-01728,53.0,Male,9,57.21,568.1,Month-to-Month,Bank Transfer,Fiber Optic,No,No,1,1.0,4,4.9,38.0,14.76,1,Single,Desktop,No
CUST-01729,47.0,Male,10,61.43,591.08,Month-to-Month,Credit Card,DSL,Yes,No,4,2.0,4,9.5,31.0,204.4,3,Single,Mobile,No
CUST-01730,67.0,Female,72,88.25,6432.52,Month-to-Month,Mailed Check,DSL,Yes,No,1,2.0,1,1.6,25.0,148.92,4,Married,Tablet,No
CUST-01731,38.0,Female,38,84.3,3208.96,Two Year,Electronic Check,None,No Internet,Yes,0,4.0,5,2.9,75.0,9.38,2,Married,Desktop,No
CUST-01732,37.0,Male,14,56.23,848.71,Two Year,Credit Card,DSL,No,Yes,0,3.0,2,1.4,31.0,91.09,2,Married,Mobile,No
CUST-01733,41.0,Female,5,59.42,291.41,One Year,Electronic Check,Fiber Optic,No,No,1,2.0,2,3.1,14.0,122.44,2,Married,Mobile,Yes
CUST-01734,37.0,Male,39,52.8,2062.78,One Year,Electronic Check,None,No,No,3,4.0,4,1.0,109.0,102.77,0,Married,Mobile,No
CUST-01735,53.0,Male,4,41.54,227.43,One Year,Electronic Check,DSL,Yes,Yes,1,4.0,2,1.0,89.0,5.48,3,Married,Desktop,No
CUST-01736,19.0,Male,5,63.81,428.75,Month-to-Month,Credit Card,DSL,Yes,No,1,2.0,3,23.9,45.0,86.31,4,Married,Tablet,No
CUST-01737,,Female,10,86.64,944.42,One Year,Credit Card,None,No,Yes,1,4.0,2,3.3,0.0,24.35,1,Married,Desktop,No
CUST-01738,27.0,Male,50,92.2,4653.86,Month-to-Month,Mailed Check,DSL,No,No,0,1.0,1,11.0,39.0,1.74,3,Single,Desktop,No
CUST-01739,55.0,Male,3,95.89,317.13,One Year,Credit Card,DSL,No,No Internet,0,5.0,2,6.9,0.0,105.97,1,Married,Mobile,No
CUST-01740,65.0,Male,3,55.47,141.06,Two Year,Credit Card,Fiber Optic,Yes,Yes,3,5.0,1,6.0,2.0,115.94,2,Married,Tablet,No
CUST-01741,40.0,Male,16,94.46,1526.12,Month-to-Month,Electronic Check,DSL,Yes,Yes,1,2.0,2,29.2,13.0,274.34,2,Divorced,Desktop,No
CUST-01742,39.0,Female,7,18.65,84.9,Month-to-Month,Credit Card,None,No,No,4,4.0,2,10.0,11.0,38.49,0,Single,Desktop,Yes
CUST-01743,42.0,Male,20,65.7,1332.79,Two Year,Mailed Check,DSL,No,No,2,2.0,2,,24.0,210.12,3,Married,Mobile,No
CUST-01744,58.0,Male,14,97.39,1385.46,Two Year,Mailed Check,Fiber Optic,No Internet,No,2,5.0,1,9.2,8.0,79.07,1,Divorced,Desktop,No
CUST-01745,29.0,Female,13,81.0,954.96,Two Year,Electronic Check,Fiber Optic,Yes,No,2,3.0,1,4.7,6.0,149.27,0,Single,Mobile,No
CUST-01746,45.0,Female,2,65.41,132.76,One Year,Electronic Check,Fiber Optic,No Internet,No,1,4.0,1,17.2,32.0,129.23,0,Married,Tablet,No
CUST-01747,55.0,Female,3,82.46,268.12,Month-to-Month,Bank Transfer,Fiber Optic,No Internet,No,0,4.0,1,1.0,17.0,145.21,1,Single,Mobile,Yes
CUST-01748,,Female,41,108.69,4452.1,Month-to-Month,Electronic Check,None,No,No,0,3.0,2,5.0,1.0,228.78,1,Divorced,Mobile,No
CUST-01749,44.0,Male,52,74.64,3899.18,Month-to-Month,Electronic Check,None,No,No,2,3.0,1,16.2,17.0,5.54,3,Single,Mobile,Yes
CUST-01750,56.0,Female,6,97.98,520.79,One Year,Credit Card,DSL,No Internet,No,1,1.0,1,1.0,42.0,98.75,2,Married,Mobile,No
CUST-01751,18.0,Female,2,116.07,193.35,Month-to-Month,Mailed Check,Fiber Optic,Yes,No,2,4.0,2,1.0,2.0,102.09,1,Divorced,Tablet,Yes
CUST-01752,,Male,1,88.56,140.31,One Year,Mailed Check,DSL,No,No,4,4.0,1,7.0,74.0,28.42,2,Single,Desktop,Yes
CUST-01753,32.0,Female,22,75.33,1657.29,Two Year,Mailed Check,Fiber Optic,Yes,Yes,1,5.0,2,4.3,19.0,3.21,3,Single,Desktop,No
CUST-01754,18.0,Male,30,21.75,669.49,Two Year,Electronic Check,DSL,No,No,2,4.0,2,18.1,21.0,215.7,3,Married,Mobile,No
CUST-01755,49.0,Female,11,55.45,582.62,Month-to-Month,Bank Transfer,Fiber Optic,Yes,No,4,4.0,1,21.2,10.0,264.82,1,Single,Tablet,No
CUST-01756,61.0,Female,27,74.54,2013.55,Month-to-Month,Credit Card,DSL,No Internet,Yes,0,2.0,1,1.0,31.0,93.29,4,Single,Tablet,No
CUST-01757,40.0,Female,29,97.72,2718.78,Two Year,Credit Card,Fiber Optic,No,No Internet,3,4.0,3,8.6,0.0,195.91,4,Single,Tablet,No
CUST-01758,55.0,Female,65,61.81,4059.95,One Year,Credit Card,DSL,No Internet,No,0,1.0,2,43.0,40.0,298.54,4,Single,Mobile,No
CUST-01759,64.0,Female,1,114.01,204.41,Two Year,Credit Card,None,Yes,No,0,2.0,1,5.6,3.0,49.27,3,Married,Mobile,No
CUST-01760,60.0,Male,5,45.18,172.65,Two Year,Electronic Check,Fiber Optic,No,No Internet,1,4.0,1,3.3,17.0,83.0,0,Married,Tablet,No
CUST-01761,64.0,Male,1,92.46,45.44,Month-to-Month,Electronic Check,None,No,No,5,3.0,5,11.1,4.0,245.42,3,Married,Mobile,Yes
CUST-01762,52.0,Male,48,59.9,2897.24,Month-to-Month,Bank Transfer,Fiber Optic,No,No,1,3.0,1,9.0,5.0,0.98,4,Single,Mobile,No
CUST-01763,43.0,Male,37,66.6,2537.89,Month-to-Month,Bank Transfer,None,No Internet,No,2,5.0,4,3.7,18.0,177.8,1,Married,Tablet,Yes
CUST-01764,19.0,Female,20,98.25,1964.9,One Year,Bank Transfer,Fiber Optic,No,No Internet,0,4.0,1,3.9,2.0,143.41,4,Single,Mobile,No
CUST-01765,38.0,Male,2,47.62,33.77,Month-to-Month,Electronic Check,Fiber Optic,Yes,Yes,2,3.0,4,17.4,4.0,216.22,2,Married,Mobile,Yes
CUST-01766,30.0,Male,7,27.68,183.33,One Year,Mailed Check,DSL,No Internet,No Internet,2,3.0,2,5.8,23.0,158.69,8,Married,Mobile,No
CUST-01767,72.0,Female,8,70.03,,Two Year,Electronic Check,Fiber Optic,No,No,1,5.0,3,64.1,35.0,154.85,1,Divorced,Desktop,Yes
CUST-01768,39.0,Female,19,70.88,1313.28,Month-to-Month,Credit Card,DSL,Yes,No,2,3.0,1,5.1,13.0,213.1,2,Divorced,Desktop,No
CUST-01769,43.0,Male,7,97.72,668.84,Two Year,Bank Transfer,DSL,No,No,1,5.0,4,11.9,60.0,164.99,4,Divorced,Mobile,No
CUST-01770,49.0,Male,1,114.83,68.36,One Year,Electronic Check,Fiber Optic,No,Yes,1,3.0,3,1.1,5.0,295.85,2,Divorced,Mobile,No
CUST-01771,42.0,Male,31,23.53,690.53,Two Year,Bank Transfer,DSL,No,No,1,4.0,3,11.6,24.0,209.39,2,Single,Desktop,No
CUST-01772,65.0,Female,8,77.17,621.09,Month-to-Month,Mailed Check,Fiber Optic,No,No,0,3.0,3,9.3,2.0,242.06,4,Married,Desktop,No
CUST-01773,33.0,Male,14,86.13,1216.57,Month-to-Month,Credit Card,DSL,No,No,0,4.0,1,6.4,5.0,126.76,2,Single,Desktop,No
CUST-01774,44.0,Female,3,116.58,278.54,Month-to-Month,Credit Card,DSL,Yes,No,1,4.0,4,8.4,71.0,287.41,2,Married,Mobile,Yes
CUST-01775,31.0,Male,38,112.26,4285.7,Month-to-Month,Credit Card,DSL,No,No Internet,0,,1,2.9,147.0,134.53,0,Single,Mobile,Yes
CUST-01776,23.0,Male,20,89.25,1765.9,Month-to-Month,Electronic Check,DSL,No,No Internet,1,3.0,2,25.7,179.0,103.84,2,Married,Mobile,Yes
CUST-01777,33.0,Female,55,70.18,3895.91,Two Year,Bank Transfer,DSL,No,No,0,3.0,3,38.2,48.0,281.8,1,Single,Tablet,No
CUST-01778,41.0,Male,16,34.15,585.42,Month-to-Month,Credit Card,Fiber Optic,Yes,Yes,1,5.0,1,27.3,6.0,113.12,1,Married,Tablet,Yes
CUST-01779,35.0,Male,68,56.42,3809.33,Two Year,Credit Card,DSL,No,No,1,3.0,5,24.5,10.0,109.68,2,Married,Mobile,No
CUST-01780,32.0,Male,53,76.51,4085.74,One Year,Bank Transfer,None,No Internet,No Internet,0,3.0,1,11.9,2.0,166.91,1,Single,Desktop,No
CUST-01781,22.0,Female,20,90.52,1768.55,Month-to-Month,Mailed Check,None,No Internet,No,2,2.0,3,6.1,1.0,254.83,2,Married,Desktop,No
CUST-01782,40.0,Female,65,81.54,5366.29,One Year,Bank Transfer,DSL,No,No,5,3.0,3,2.8,39.0,99.03,3,Divorced,Mobile,No
CUST-01783,20.0,Male,9,89.41,764.73,Two Year,Credit Card,DSL,Yes,No,2,3.0,3,25.7,23.0,248.85,2,Married,Mobile,No
CUST-01784,52.0,Male,10,60.92,626.84,One Year,Bank Transfer,DSL,No,No,1,4.0,2,1.0,32.0,48.89,4,Married,Mobile,Yes
CUST-01785,43.0,Male,1,90.76,81.38,Month-to-Month,Bank Transfer,None,Yes,No Internet,1,4.0,2,3.0,26.0,51.78,3,Divorced,Desktop,No
CUST-01786,21.0,Female,21,32.37,628.93,Two Year,Electronic Check,Fiber Optic,No,No,1,3.0,5,7.7,0.0,135.28,3,Married,Mobile,No
CUST-01787,,Female,30,34.26,1072.85,Month-to-Month,Bank Transfer,Fiber Optic,No,No Internet,0,5.0,4,3.2,11.0,78.99,5,Divorced,Tablet,Yes
CUST-01788,31.0,Female,35,34.28,1169.09,One Year,Electronic Check,None,No,No,1,3.0,2,13.1,35.0,145.31,2,Married,Tablet,No
CUST-01789,46.0,Female,3,107.09,236.27,One Year,Mailed Check,None,Yes,No Internet,2,5.0,1,19.3,59.0,3.74,2,Married,Desktop,No
CUST-01790,60.0,Male,14,25.6,214.3,Month-to-Month,Credit Card,None,No,No,0,3.0,4,,5.0,83.02,4,Single,Desktop,No
CUST-01791,18.0,Male,4,98.15,348.85,Month-to-Month,Electronic Check,Fiber Optic,No Internet,No Internet,0,3.0,3,3.5,3.0,284.26,2,Married,Tablet,Yes
CUST-01792,43.0,Male,26,41.36,1144.16,Two Year,Mailed Check,None,No,No Internet,3,4.0,1,4.9,95.0,263.78,3,Married,Desktop,No
CUST-01793,39.0,Male,4,64.84,322.25,Two Year,Bank Transfer,None,No,No,0,4.0,1,18.9,102.0,8.61,2,Married,Mobile,No
CUST-01794,51.0,Male,56,109.6,,One Year,Credit Card,Fiber Optic,Yes,,0,3.0,2,3.7,41.0,241.3,1,Married,Mobile,No
CUST-01795,44.0,Female,6,76.59,440.82,Month-to-Month,Electronic Check,None,No,No Internet,1,4.0,2,7.3,1.0,133.16,1,Married,Mobile,No
CUST-01796,31.0,Female,8,39.01,,Month-to-Month,Electronic Check,Fiber Optic,No,No,0,4.0,2,21.0,29.0,245.05,2,Single,Mobile,No
CUST-01797,37.0,Female,45,46.41,2021.78,Month-to-Month,Credit Card,Fiber Optic,No,No,3,5.0,2,7.1,4.0,84.03,4,Married,Mobile,No
CUST-01798,30.0,Male,14,110.04,1493.12,One Year,Bank Transfer,Fiber Optic,No,No Internet,2,3.0,1,2.4,56.0,165.06,1,Married,Mobile,No
CUST-01799,57.0,Female,1,60.71,109.77,Month-to-Month,Electronic Check,Fiber Optic,No,No,1,1.0,2,4.7,10.0,295.84,2,Married,Tablet,No
CUST-01800,42.0,Female,16,76.7,1252.39,Month-to-Month,Credit Card,Fiber Optic,No,No Internet,0,5.0,2,1.3,19.0,98.05,4,Married,Desktop,No
CUST-01801,68.0,Female,2,63.99,141.63,Month-to-Month,Electronic Check,None,Yes,No,3,3.0,1,16.8,6.0,265.42,2,Married,Mobile,Yes
CUST-01802,41.0,Male,72,55.84,3953.72,One Year,Electronic Check,DSL,Yes,No,2,1.0,2,1.0,38.0,263.17,1,Married,Desktop,No
CUST-01803,32.0,Male,21,40.33,851.97,Two Year,Mailed Check,None,No Internet,Yes,4,3.0,1,12.8,20.0,46.21,1,Married,Mobile,No
CUST-01804,20.0,Male,7,86.62,491.15,One Year,Electronic Check,DSL,No,No,2,4.0,1,45.0,36.0,73.06,0,Single,Desktop,No
CUST-01805,18.0,Male,19,89.82,1748.72,One Year,Electronic Check,DSL,Yes,No,2,4.0,1,29.5,11.0,38.39,2,Divorced,Mobile,No
CUST-01806,19.0,Female,1,45.49,58.42,Month-to-Month,Electronic Check,None,No Internet,No,1,2.0,1,1.1,14.0,86.41,0,Divorced,Mobile,No
CUST-01807,45.0,Male,38,96.9,3614.94,Month-to-Month,Credit Card,DSL,Yes,No,3,2.0,1,18.8,68.0,157.15,2,Married,Tablet,No
CUST-01808,49.0,Male,62,103.45,,One Year,Electronic Check,None,No,No Internet,2,3.0,2,17.6,8.0,278.42,3,Divorced,Desktop,No
CUST-01809,19.0,Female,49,110.07,5303.62,One Year,Electronic Check,DSL,Yes,No,1,1.0,1,5.3,69.0,118.97,0,Married,Mobile,No
CUST-01810,54.0,Female,10,34.12,367.72,Month-to-Month,Electronic Check,None,No Internet,Yes,3,1.0,4,1.7,2.0,296.37,4,Single,Desktop,Yes
CUST-01811,35.0,Male,9,48.39,463.27,One Year,Electronic Check,DSL,No,No,1,4.0,2,28.9,5.0,119.77,1,Single,Desktop,No
CUST-01812,44.0,Female,1,104.04,42.06,Two Year,Electronic Check,DSL,No,No,2,3.0,2,12.1,32.0,176.71,1,Single,Desktop,No
CUST-01813,64.0,Male,25,37.85,944.36,One Year,Credit Card,None,No,No Internet,1,1.0,1,18.0,154.0,289.43,3,Married,Mobile,No
CUST-01814,54.0,Male,18,18.35,248.46,One Year,Mailed Check,DSL,Yes,No,2,3.0,4,9.2,81.0,180.48,1,Married,Mobile,No
CUST-01815,38.0,Male,14,105.08,1328.8,One Year,Bank Transfer,None,,No,2,5.0,4,3.8,21.0,116.07,2,Married,Desktop,No
CUST-01816,29.0,Female,57,50.64,2833.09,Month-to-Month,Mailed Check,None,No,No,2,3.0,1,4.5,22.0,157.66,2,Married,Desktop,No
CUST-01817,18.0,Female,4,59.45,206.97,One Year,Bank Transfer,DSL,No Internet,No Internet,0,3.0,3,11.5,25.0,163.13,1,Married,Mobile,No
CUST-01818,31.0,Male,1,62.63,94.84,Two Year,Credit Card,Fiber Optic,No Internet,No,3,3.0,1,4.0,47.0,31.52,1,Single,Mobile,No
CUST-01819,,Female,1,102.83,106.2,Month-to-Month,Mailed Check,DSL,No Internet,No,4,,3,7.6,24.0,121.39,1,Single,Mobile,No
CUST-01820,28.0,Male,6,51.79,315.42,Month-to-Month,Electronic Check,DSL,No,No,4,4.0,4,1.2,3.0,157.91,2,Married,Tablet,No
CUST-01821,40.0,Female,1,107.23,56.51,One Year,Electronic Check,Fiber Optic,No,Yes,1,5.0,5,81.1,54.0,233.78,3,Married,Tablet,No
CUST-01822,43.0,Male,16,79.69,1248.54,Month-to-Month,Credit Card,Fiber Optic,No,No Internet,4,2.0,1,14.4,64.0,1.81,0,Married,Tablet,Yes
CUST-01823,38.0,Male,9,70.73,590.07,One Year,Mailed Check,None,No,No,2,4.0,5,2.4,75.0,244.17,4,Married,Mobile,No
CUST-01824,32.0,Female,4,50.56,140.99,Month-to-Month,Electronic Check,DSL,No,No,2,5.0,1,2.1,16.0,81.06,2,Divorced,Mobile,Yes
CUST-01825,44.0,Female,33,42.37,1368.53,One Year,Bank Transfer,DSL,No Internet,Yes,1,5.0,4,9.9,7.0,214.62,1,Married,Tablet,No
CUST-01826,48.0,Male,5,80.41,405.78,One Year,Mailed Check,Fiber Optic,No Internet,Yes,0,4.0,3,1.0,,231.7,2,Single,Mobile,No
CUST-01827,26.0,Male,27,62.69,1664.0,Month-to-Month,Electronic Check,DSL,Yes,No,2,2.0,4,8.0,22.0,257.89,0,Married,Tablet,No
CUST-01828,61.0,Male,10,109.05,1074.32,Month-to-Month,Credit Card,Fiber Optic,No,No,0,4.0,2,43.5,9.0,285.56,3,Married,Mobile,No
CUST-01829,,Male,17,67.16,1176.47,Month-to-Month,Bank Transfer,Fiber Optic,No,No,0,4.0,5,26.0,16.0,270.0,0,Married,Desktop,Yes
CUST-01830,42.0,Female,65,69.18,4471.66,Month-to-Month,Electronic Check,None,No,No Internet,2,4.0,4,39.9,3.0,189.96,0,Married,Mobile,Yes
CUST-01831,51.0,Female,1,59.67,0.0,Month-to-Month,Mailed Check,Fiber Optic,No,No Internet,4,5.0,2,1.8,6.0,217.64,2,Married,Tablet,Yes
CUST-01832,45.0,Male,16,96.93,1579.05,Month-to-Month,Credit Card,Fiber Optic,No Internet,No,1,4.0,2,,17.0,210.64,4,Divorced,Mobile,No
CUST-01833,55.0,Male,46,60.48,,One Year,Electronic Check,Fiber Optic,No,No,4,3.0,2,12.1,5.0,155.36,3,Single,Tablet,Yes
CUST-01834,46.0,Female,21,44.93,959.96,One Year,Electronic Check,None,Yes,No,2,3.0,3,19.1,7.0,230.58,2,Married,Mobile,No
CUST-01835,33.0,Male,7,104.2,760.69,Month-to-Month,Credit Card,None,No,No,0,3.0,1,7.5,0.0,135.89,1,Divorced,Mobile,No
CUST-01836,47.0,Female,12,77.68,954.99,Month-to-Month,Credit Card,DSL,No Internet,Yes,0,1.0,2,5.8,2.0,245.99,0,Married,Mobile,No
CUST-01837,25.0,Male,27,77.15,2084.49,Month-to-Month,Electronic Check,Fiber Optic,No Internet,Yes,6,4.0,1,5.5,3.0,223.14,2,Married,Mobile,No
CUST-01838,43.0,Female,53,79.08,4310.81,One Year,Electronic Check,Fiber Optic,Yes,No,2,1.0,2,23.4,32.0,146.95,1,Married,Desktop,No
CUST-01839,41.0,Female,1,89.88,25.63,Month-to-Month,Electronic Check,Fiber Optic,No,Yes,3,1.0,3,7.2,4.0,154.24,2,Divorced,Mobile,Yes
CUST-01840,39.0,Female,1,49.31,19.99,Month-to-Month,Electronic Check,DSL,Yes,No Internet,3,3.0,3,1.0,63.0,192.34,1,Divorced,Desktop,Yes
CUST-01841,40.0,Female,9,21.38,240.79,Month-to-Month,Electronic Check,Fiber Optic,No,No,1,5.0,2,22.1,46.0,99.92,1,Married,Desktop,No
CUST-01842,18.0,Male,6,99.06,601.49,Two Year,Electronic Check,DSL,No,Yes,1,3.0,2,2.6,50.0,166.82,2,Divorced,Mobile,No
CUST-01843,34.0,Female,7,30.89,254.13,One Year,Credit Card,DSL,No,Yes,1,2.0,2,14.8,13.0,269.98,0,Married,Desktop,No
CUST-01844,43.0,Female,6,90.18,549.57,Two Year,Credit Card,DSL,Yes,No,2,5.0,1,1.0,1.0,93.31,2,Married,Desktop,No
CUST-01845,44.0,Male,5,26.23,199.85,Month-to-Month,Electronic Check,DSL,No,No,1,4.0,2,7.3,2.0,206.82,2,Single,Tablet,Yes
CUST-01846,27.0,Male,3,55.53,116.21,Month-to-Month,Electronic Check,DSL,No Internet,No,2,3.0,3,9.1,35.0,11.96,2,Married,Desktop,No
CUST-01847,59.0,Male,65,24.3,1646.62,Month-to-Month,Bank Transfer,Fiber Optic,No,No,0,4.0,1,54.2,76.0,38.46,2,Married,Desktop,Yes
CUST-01848,29.0,Male,3,70.22,269.21,Two Year,Electronic Check,None,Yes,No Internet,1,3.0,1,1.4,5.0,265.5,3,Married,Mobile,No
CUST-01849,,Male,5,83.31,356.04,Month-to-Month,Electronic Check,Fiber Optic,Yes,No,1,4.0,4,20.9,59.0,271.0,1,Married,Tablet,Yes
CUST-01850,47.0,Female,6,35.14,242.37,Month-to-Month,Credit Card,DSL,Yes,No Internet,3,2.0,1,50.2,31.0,170.63,4,Single,Desktop,No
CUST-01851,32.0,Male,64,55.16,3528.09,Month-to-Month,Electronic Check,None,Yes,No,1,2.0,2,4.9,33.0,179.09,2,Married,Mobile,No
CUST-01852,66.0,Female,33,111.02,,One Year,Bank Transfer,DSL,No Internet,No,1,3.0,2,3.8,35.0,122.91,3,Single,Mobile,No
CUST-01853,25.0,Male,37,62.24,2208.45,Month-to-Month,Electronic Check,DSL,No,No,2,3.0,2,45.6,1.0,179.02,3,Single,Desktop,Yes
CUST-01854,54.0,Male,2,98.25,,One Year,Electronic Check,DSL,Yes,No,0,4.0,1,10.1,27.0,262.72,2,Single,Desktop,No
CUST-01855,56.0,Female,43,110.72,4796.37,Two Year,Electronic Check,Fiber Optic,Yes,Yes,2,4.0,3,25.9,19.0,46.37,3,Single,Desktop,No
CUST-01856,32.0,Female,12,115.43,1425.85,Month-to-Month,Bank Transfer,Fiber Optic,No Internet,No Internet,2,5.0,3,23.7,54.0,150.17,4,Single,Mobile,Yes
CUST-01857,61.0,Male,7,107.83,744.27,One Year,Bank Transfer,None,No,No Internet,0,4.0,2,5.9,16.0,262.83,3,Divorced,Mobile,No
CUST-01858,38.0,Male,20,49.74,1035.65,One Year,Bank Transfer,Fiber Optic,No,Yes,0,3.0,4,3.1,21.0,21.3,4,Divorced,Desktop,Yes
CUST-01859,46.0,Male,41,114.26,4731.92,Two Year,Electronic Check,Fiber Optic,No,No Internet,1,4.0,5,18.2,26.0,60.36,1,Single,Desktop,Yes
CUST-01860,45.0,Female,36,99.24,3580.37,Month-to-Month,Bank Transfer,DSL,Yes,No,2,3.0,2,10.4,,153.86,1,Single,Desktop,No
CUST-01861,40.0,Female,52,101.72,5253.32,Month-to-Month,Credit Card,Fiber Optic,No Internet,Yes,1,5.0,5,10.1,15.0,185.24,2,Married,Desktop,No
CUST-01862,53.0,Male,63,19.52,1251.81,One Year,Mailed Check,None,Yes,No,3,4.0,3,11.9,5.0,212.14,2,Divorced,Mobile,No
CUST-01863,53.0,Female,6,113.42,704.87,Month-to-Month,Bank Transfer,Fiber Optic,No,Yes,1,2.0,2,1.0,8.0,55.49,2,Married,Mobile,No
CUST-01864,18.0,Female,13,95.81,1279.23,Two Year,Credit Card,DSL,Yes,Yes,2,1.0,4,1.0,15.0,179.36,3,Married,Mobile,No
CUST-01865,60.0,Male,1,94.8,138.07,One Year,Electronic Check,DSL,No,Yes,2,4.0,5,5.7,29.0,103.01,4,Married,Mobile,No
CUST-01866,18.0,Female,50,26.15,1239.39,One Year,Electronic Check,Fiber Optic,No Internet,No,1,3.0,5,5.9,18.0,94.92,3,Married,Tablet,No
CUST-01867,56.0,Female,4,41.26,139.54,Month-to-Month,Bank Transfer,Fiber Optic,No,No,1,2.0,3,19.0,47.0,18.87,2,Married,Tablet,No
CUST-01868,57.0,Male,47,114.23,5273.88,One Year,Electronic Check,Fiber Optic,No,Yes,1,4.0,2,5.9,25.0,37.2,1,Married,Desktop,Yes
CUST-01869,26.0,Male,9,68.07,649.98,One Year,Credit Card,Fiber Optic,No,No,0,3.0,2,6.7,12.0,239.69,0,Divorced,Desktop,No
CUST-01870,36.0,Male,11,57.79,625.07,One Year,Bank Transfer,Fiber Optic,Yes,No,0,2.0,3,12.0,20.0,137.04,0,Married,Tablet,No
CUST-01871,26.0,Male,1,101.99,123.53,Month-to-Month,Credit Card,Fiber Optic,No Internet,No,1,3.0,3,13.4,13.0,224.72,2,Single,Mobile,No
CUST-01872,38.0,Female,9,26.73,166.79,Two Year,Bank Transfer,None,No,Yes,1,4.0,1,6.1,0.0,245.28,7,Married,Mobile,No
CUST-01873,37.0,Male,52,59.69,3173.93,Month-to-Month,Electronic Check,None,No,No,0,4.0,2,12.3,9.0,238.01,0,Married,Tablet,No
CUST-01874,52.0,Female,1,55.57,0.0,Month-to-Month,Bank Transfer,DSL,No,Yes,4,3.0,2,14.4,17.0,294.37,2,Married,Mobile,Yes
CUST-01875,60.0,Female,12,52.99,674.61,Two Year,Electronic Check,Fiber Optic,Yes,No,1,3.0,3,4.5,8.0,77.78,1,Single,Tablet,No
CUST-01876,61.0,Female,1,48.77,54.67,One Year,Bank Transfer,Fiber Optic,No,No Internet,2,1.0,3,4.0,38.0,21.83,0,Married,Desktop,Yes
CUST-01877,34.0,Female,11,39.01,419.64,Month-to-Month,Bank Transfer,DSL,No,No,1,5.0,2,33.2,59.0,156.8,4,Divorced,Tablet,No
CUST-01878,39.0,Male,4,35.29,127.65,Two Year,Credit Card,None,No,No,1,3.0,4,15.6,10.0,289.0,5,Married,Mobile,No
CUST-01879,18.0,Male,6,82.04,460.34,Month-to-Month,Credit Card,DSL,No Internet,Yes,1,5.0,2,5.6,0.0,60.67,2,Married,Tablet,No
CUST-01880,30.0,Female,50,109.94,5561.76,Month-to-Month,Credit Card,Fiber Optic,Yes,No,1,5.0,3,12.0,62.0,163.17,4,Married,Mobile,No
CUST-01881,55.0,Male,13,68.89,896.2,One Year,Electronic Check,DSL,Yes,No Internet,4,3.0,3,18.4,25.0,122.88,1,Married,Mobile,Yes
CUST-01882,64.0,Male,7,47.8,271.14,Month-to-Month,Electronic Check,Fiber Optic,No,No,0,4.0,4,1.0,0.0,187.11,0,Single,Desktop,No
CUST-01883,24.0,Female,21,33.92,693.12,Two Year,Electronic Check,DSL,Yes,No,1,3.0,4,37.9,20.0,130.86,3,Married,Tablet,No
CUST-01884,33.0,Female,3,101.01,309.45,Two Year,Electronic Check,Fiber Optic,No,No,1,5.0,5,18.9,3.0,296.55,5,Married,Desktop,No
CUST-01885,41.0,Male,7,115.15,850.94,Month-to-Month,Bank Transfer,DSL,No,Yes,1,4.0,2,7.5,33.0,233.79,1,Married,Desktop,No
CUST-01886,45.0,Female,18,52.92,922.33,Two Year,Electronic Check,DSL,Yes,No Internet,2,3.0,1,40.4,22.0,231.89,1,Married,Tablet,Yes
CUST-01887,30.0,Female,6,47.1,255.71,Month-to-Month,Electronic Check,None,Yes,No,1,4.0,3,1.0,73.0,110.08,2,Single,Mobile,No
CUST-01888,47.0,Male,27,78.15,2111.22,One Year,Credit Card,DSL,Yes,Yes,1,2.0,4,21.0,15.0,229.57,4,Single,Mobile,No
CUST-01889,35.0,Male,16,95.53,1572.15,Two Year,Mailed Check,Fiber Optic,Yes,No,2,3.0,1,11.2,77.0,156.53,2,Single,Tablet,No
CUST-01890,41.0,Female,35,63.54,2155.46,Two Year,Credit Card,Fiber Optic,Yes,,4,4.0,2,16.4,54.0,257.18,2,Divorced,Desktop,No
CUST-01891,49.0,Male,71,81.01,5776.98,Month-to-Month,Bank Transfer,DSL,Yes,No,2,2.0,4,9.6,41.0,234.66,1,Divorced,Mobile,No
CUST-01892,42.0,Male,2,89.65,156.1,Month-to-Month,Bank Transfer,DSL,No,No,2,3.0,3,2.4,17.0,201.04,0,Married,Mobile,No
CUST-01893,35.0,Female,9,114.06,1010.32,Month-to-Month,Electronic Check,DSL,No,No,0,4.0,3,4.5,16.0,72.35,2,Single,Tablet,No
CUST-01894,40.0,Female,9,34.5,410.58,One Year,Mailed Check,Fiber Optic,Yes,No,0,5.0,2,9.3,15.0,172.12,1,Married,Mobile,No
CUST-01895,40.0,Male,3,117.74,343.4,One Year,Mailed Check,None,No,No,0,5.0,2,37.7,1.0,267.92,0,Married,Mobile,Yes
CUST-01896,36.0,Male,39,57.22,2269.31,Month-to-Month,Electronic Check,None,Yes,No,0,5.0,4,1.1,27.0,187.19,1,Divorced,Desktop,No
CUST-01897,38.0,Male,34,,3106.83,Month-to-Month,Electronic Check,None,No,No,3,3.0,3,1.7,47.0,249.54,2,Single,Desktop,Yes
CUST-01898,64.0,Female,15,75.24,1069.6,Two Year,Credit Card,Fiber Optic,No,Yes,1,4.0,2,2.5,40.0,160.09,3,Married,Desktop,No
CUST-01899,49.0,Male,18,66.67,1107.79,Month-to-Month,Bank Transfer,None,No,No,0,4.0,3,15.0,26.0,252.87,0,Divorced,Mobile,Yes
CUST-01900,37.0,Female,1,87.81,128.86,Month-to-Month,Mailed Check,DSL,Yes,Yes,1,3.0,1,6.8,13.0,175.07,2,Divorced,Desktop,No
CUST-01901,51.0,Female,19,57.58,1039.84,Two Year,Bank Transfer,Fiber Optic,No,No Internet,0,2.0,3,2.4,35.0,255.37,2,Married,Mobile,No
CUST-01902,37.0,Male,37,30.61,1049.36,Month-to-Month,Credit Card,Fiber Optic,No Internet,No,4,5.0,2,2.0,22.0,141.85,5,Single,Desktop,No
CUST-01903,58.0,Female,20,66.89,1389.11,One Year,Credit Card,DSL,No,Yes,1,4.0,1,16.8,54.0,199.95,2,Single,Mobile,No
CUST-01904,47.0,Female,7,70.19,440.36,Month-to-Month,Bank Transfer,None,Yes,No Internet,3,4.0,3,9.3,9.0,17.21,1,Single,Desktop,No
CUST-01905,40.0,Female,26,38.19,954.31,Month-to-Month,Credit Card,DSL,No Internet,Yes,2,2.0,2,30.9,3.0,131.35,4,Single,Desktop,Yes
CUST-01906,48.0,Male,10,111.56,1214.32,Month-to-Month,Bank Transfer,Fiber Optic,No,No,0,3.0,4,7.8,0.0,41.81,2,Divorced,Tablet,No
CUST-01907,20.0,Female,18,40.75,650.51,One Year,Bank Transfer,Fiber Optic,No Internet,No,1,5.0,2,16.0,40.0,69.08,0,Divorced,Desktop,No
CUST-01908,26.0,Female,16,58.92,879.91,One Year,Bank Transfer,DSL,Yes,No,1,4.0,1,23.8,27.0,162.39,3,Single,Mobile,Yes
CUST-01909,25.0,Female,11,33.49,345.41,Month-to-Month,Credit Card,DSL,No,No,1,5.0,2,46.1,1.0,162.2,2,Single,Desktop,Yes
CUST-01910,44.0,Male,30,71.58,2135.39,One Year,Mailed Check,DSL,No,No Internet,3,3.0,1,30.5,54.0,,5,Married,Desktop,Yes
CUST-01911,66.0,Female,51,48.76,2442.07,Month-to-Month,Electronic Check,None,No,,0,1.0,5,22.4,19.0,142.52,3,Married,Mobile,No
CUST-01912,73.0,Male,1,66.93,9.0,Month-to-Month,Electronic Check,Fiber Optic,Yes,No,0,3.0,2,8.0,18.0,283.3,4,Married,Desktop,Yes
CUST-01913,50.0,Male,65,40.46,2705.4,Two Year,Electronic Check,Fiber Optic,No,No,1,3.0,2,60.9,34.0,100.49,4,Single,Desktop,No
CUST-01914,49.0,Male,17,23.38,410.61,Two Year,Bank Transfer,DSL,No,Yes,1,3.0,2,4.6,30.0,137.71,4,Married,Mobile,No
CUST-01915,18.0,Female,28,95.92,2715.02,Two Year,Electronic Check,Fiber Optic,No,No,5,3.0,2,16.2,8.0,231.12,3,Married,Desktop,No
CUST-01916,34.0,Male,46,82.11,3770.2,One Year,Mailed Check,DSL,No,Yes,1,,1,2.1,31.0,197.13,2,Married,Desktop,No
CUST-01917,30.0,Female,15,52.07,795.52,Month-to-Month,Credit Card,Fiber Optic,No,Yes,0,5.0,2,,58.0,50.04,3,Married,Mobile,Yes
CUST-01918,33.0,Female,43,22.75,1024.9,One Year,Credit Card,DSL,No,No,2,5.0,3,17.6,14.0,155.7,0,Single,Mobile,No
CUST-01919,39.0,Male,4,104.56,368.43,Two Year,Electronic Check,Fiber Optic,Yes,No,3,3.0,2,1.4,10.0,,0,Single,Mobile,Yes
CUST-01920,35.0,Female,4,34.98,153.16,Month-to-Month,Credit Card,Fiber Optic,No,Yes,1,4.0,2,5.2,1.0,44.8,0,Married,Mobile,No
CUST-01921,18.0,Male,25,111.07,2811.55,Month-to-Month,Mailed Check,Fiber Optic,Yes,Yes,0,3.0,4,15.4,27.0,31.37,1,Married,Tablet,No
CUST-01922,52.0,Male,48,65.86,3238.52,Month-to-Month,Electronic Check,Fiber Optic,No Internet,Yes,0,3.0,2,13.8,42.0,28.51,2,Single,Desktop,No
CUST-01923,26.0,Female,53,52.04,2855.51,Month-to-Month,Bank Transfer,Fiber Optic,No,No,0,5.0,3,16.5,102.0,43.91,4,Divorced,Desktop,No
CUST-01924,45.0,Female,24,92.18,2215.81,Month-to-Month,Bank Transfer,DSL,No,No,1,3.0,2,2.0,28.0,267.13,1,Married,Mobile,No
CUST-01925,71.0,Female,17,105.68,1853.49,Two Year,Electronic Check,Fiber Optic,No Internet,Yes,2,4.0,2,10.9,17.0,206.42,1,Married,Mobile,No
CUST-01926,29.0,Female,9,55.07,,One Year,Credit Card,Fiber Optic,Yes,No,0,3.0,1,39.4,82.0,202.65,1,Married,Desktop,No
CUST-01927,18.0,Male,72,58.73,4306.17,Month-to-Month,Mailed Check,Fiber Optic,No,Yes,1,5.0,2,46.1,5.0,268.77,1,Single,Tablet,No
CUST-01928,37.0,Male,9,61.32,515.59,One Year,Credit Card,DSL,No,Yes,3,4.0,4,2.0,36.0,209.34,2,Divorced,Tablet,No
CUST-01929,57.0,Female,32,110.23,3515.31,Month-to-Month,Mailed Check,DSL,No Internet,No Internet,3,5.0,1,33.7,11.0,182.66,4,Divorced,Mobile,No
CUST-01930,69.0,Male,18,87.26,1592.74,One Year,Credit Card,None,No,No,0,3.0,3,12.9,59.0,223.59,1,Single,Mobile,No
CUST-01931,24.0,Male,22,42.76,933.05,Two Year,Electronic Check,Fiber Optic,No,Yes,1,1.0,2,21.0,41.0,209.36,2,Divorced,Tablet,Yes
CUST-01932,48.0,Female,12,36.5,447.82,One Year,Credit Card,DSL,,No Internet,1,2.0,1,2.4,12.0,180.25,6,Married,Desktop,No
CUST-01933,35.0,Male,72,41.04,3034.26,One Year,Bank Transfer,DSL,Yes,Yes,2,,5,20.1,44.0,32.29,3,Divorced,Mobile,No
CUST-01934,40.0,Male,20,,867.99,Month-to-Month,Electronic Check,DSL,Yes,No Internet,1,3.0,1,1.1,66.0,21.06,1,Single,Mobile,No
CUST-01935,79.0,Female,66,41.02,2652.97,One Year,Credit Card,DSL,No,Yes,0,3.0,2,15.0,8.0,49.47,2,Divorced,Mobile,No
CUST-01936,20.0,Female,1,83.85,174.52,One Year,Bank Transfer,Fiber Optic,No,No Internet,1,3.0,2,16.5,25.0,186.39,4,Married,Desktop,No
CUST-01937,45.0,Female,20,29.59,618.14,Two Year,Bank Transfer,DSL,No,Yes,1,3.0,5,16.4,16.0,156.57,1,Married,Desktop,No
CUST-01938,48.0,Female,30,56.74,1798.31,One Year,Bank Transfer,None,No,No Internet,3,4.0,3,1.0,78.0,163.97,2,Married,Mobile,Yes
CUST-01939,57.0,Male,32,80.51,2619.5,Two Year,Bank Transfer,None,No Internet,No,1,3.0,4,7.3,107.0,115.68,1,Married,Desktop,Yes
CUST-01940,43.0,Female,56,47.09,2570.86,Two Year,Electronic Check,Fiber Optic,Yes,Yes,2,4.0,3,20.5,3.0,246.88,3,Single,Desktop,No
CUST-01941,46.0,Female,1,24.53,56.8,One Year,Credit Card,None,No Internet,No Internet,2,3.0,1,23.9,23.0,222.65,0,Single,Mobile,Yes
CUST-01942,36.0,Male,1,26.18,0.0,Two Year,Credit Card,Fiber Optic,Yes,No,1,3.0,3,8.1,22.0,15.44,5,Divorced,Mobile,No
CUST-01943,45.0,Male,15,30.6,459.37,Month-to-Month,Bank Transfer,Fiber Optic,Yes,No,4,3.0,1,2.7,60.0,60.09,1,Single,Desktop,Yes
CUST-01944,,Female,1,101.58,97.79,Month-to-Month,Mailed Check,DSL,No Internet,No,1,3.0,1,10.4,45.0,163.72,2,Married,Mobile,Yes
CUST-01945,50.0,Female,72,83.79,5952.0,One Year,Mailed Check,DSL,No,No,3,2.0,1,15.8,10.0,57.39,4,Married,Mobile,No
CUST-01946,36.0,Female,6,24.45,106.06,Month-to-Month,Electronic Check,DSL,,No,1,3.0,1,38.0,22.0,42.34,2,Single,Mobile,Yes
CUST-01947,47.0,Female,15,,966.91,Two Year,Mailed Check,DSL,No,No Internet,2,1.0,1,17.2,14.0,2.86,2,Married,Tablet,No
CUST-01948,41.0,Female,1,45.86,57.78,Month-to-Month,Electronic Check,Fiber Optic,No Internet,,2,4.0,2,25.9,13.0,294.89,2,Married,Desktop,No
CUST-01949,57.0,Female,17,75.8,1279.82,Month-to-Month,Credit Card,DSL,Yes,Yes,0,1.0,1,4.6,39.0,69.4,2,Single,Tablet,No
CUST-01950,41.0,Female,11,70.28,863.72,Two Year,Credit Card,DSL,No,Yes,3,5.0,1,26.9,27.0,126.73,0,Divorced,Mobile,No
CUST-01951,18.0,Male,1,66.11,46.3,Month-to-Month,Bank Transfer,None,No Internet,No,0,1.0,1,14.2,6.0,188.08,2,Divorced,Desktop,Yes
CUST-01952,59.0,Female,9,49.45,440.48,Month-to-Month,Credit Card,Fiber Optic,No,No Internet,2,5.0,5,11.9,29.0,73.87,1,Married,Desktop,Yes
CUST-01953,,Male,11,31.78,399.12,Month-to-Month,Electronic Check,Fiber Optic,Yes,No,1,4.0,2,4.7,18.0,244.19,2,Married,Tablet,No
CUST-01954,32.0,Female,72,92.24,6621.24,One Year,Electronic Check,DSL,Yes,Yes,3,3.0,2,3.4,12.0,177.76,1,Single,Mobile,Yes
CUST-01955,33.0,Female,5,105.99,492.62,One Year,Electronic Check,None,No Internet,Yes,1,2.0,2,11.8,2.0,205.44,1,Married,Desktop,No
CUST-01956,61.0,Female,18,112.42,1910.87,Two Year,Credit Card,DSL,No,No,0,3.0,3,33.3,79.0,46.1,2,Single,Tablet,Yes
CUST-01957,18.0,Female,72,23.86,1671.1,Month-to-Month,Electronic Check,Fiber Optic,No,Yes,1,4.0,1,4.0,59.0,216.78,4,Married,Mobile,No
CUST-01958,80.0,Male,37,91.99,3356.33,Two Year,Bank Transfer,Fiber Optic,No,No,0,3.0,3,4.9,10.0,15.89,4,Married,Tablet,No
CUST-01959,56.0,Male,72,90.65,6534.73,Month-to-Month,Bank Transfer,Fiber Optic,No Internet,No,0,3.0,4,44.3,24.0,96.28,1,Single,Mobile,No
CUST-01960,45.0,Male,72,112.71,8084.6,Month-to-Month,Mailed Check,None,No,No,0,2.0,3,1.0,60.0,129.16,3,Single,Mobile,No
CUST-01961,41.0,Female,16,43.29,800.54,Month-to-Month,Credit Card,DSL,No Internet,No,0,3.0,4,10.0,21.0,28.54,4,Married,Desktop,No
CUST-01962,45.0,Female,28,92.22,2529.28,Month-to-Month,Bank Transfer,None,No,No,2,4.0,1,11.3,4.0,167.77,2,Married,Desktop,No
CUST-01963,49.0,Female,2,23.46,116.95,Month-to-Month,Electronic Check,Fiber Optic,No,No,2,2.0,4,16.9,19.0,102.28,3,Married,Mobile,No
CUST-01964,51.0,Male,13,81.12,1065.55,Month-to-Month,Mailed Check,Fiber Optic,Yes,No,0,5.0,3,3.2,11.0,40.59,0,Married,Desktop,No
CUST-01965,49.0,Female,39,53.08,2110.46,Month-to-Month,Credit Card,None,Yes,No,1,5.0,3,12.7,18.0,85.64,4,Single,Mobile,No
CUST-01966,43.0,Female,16,,1555.54,Two Year,Electronic Check,Fiber Optic,No Internet,No,0,3.0,3,1.7,56.0,174.07,1,Married,Mobile,Yes
CUST-01967,39.0,Male,29,104.33,2914.66,Month-to-Month,Mailed Check,Fiber Optic,No,Yes,2,4.0,1,4.7,15.0,67.59,1,Single,Desktop,Yes
CUST-01968,,Female,32,54.48,1742.78,Two Year,Bank Transfer,DSL,No,No Internet,1,4.0,3,1.0,48.0,141.08,0,Married,Mobile,No
CUST-01969,39.0,Female,7,70.56,480.81,Two Year,Credit Card,None,No,No,0,2.0,2,9.1,,207.13,2,Divorced,Desktop,Yes
CUST-01970,57.0,Female,50,29.74,1430.35,Month-to-Month,Electronic Check,Fiber Optic,No,No Internet,1,3.0,1,2.9,27.0,183.4,2,Married,Tablet,No
CUST-01971,50.0,Male,14,59.69,858.64,One Year,Credit Card,None,Yes,No Internet,2,2.0,1,1.5,16.0,229.22,1,Married,Tablet,No
CUST-01972,18.0,Female,5,54.08,356.23,One Year,Bank Transfer,None,No,No,0,3.0,2,6.3,108.0,207.59,3,Married,Desktop,No
CUST-01973,51.0,Male,48,36.31,1609.23,Two Year,Mailed Check,DSL,No,No Internet,1,5.0,5,1.2,0.0,145.32,2,Single,Desktop,No
CUST-01974,44.0,Female,12,107.45,1262.68,Two Year,Electronic Check,Fiber Optic,No Internet,No,4,4.0,2,16.4,13.0,155.91,0,Single,Mobile,No
CUST-01975,41.0,Male,33,32.81,1020.44,One Year,Credit Card,None,No,Yes,1,1.0,1,3.4,50.0,79.41,3,Single,Mobile,No
CUST-01976,36.0,Male,19,81.57,1553.42,Month-to-Month,Bank Transfer,Fiber Optic,No,Yes,3,4.0,4,18.6,14.0,279.61,1,Married,Desktop,Yes
CUST-01977,57.0,Female,11,107.01,1160.83,Month-to-Month,Electronic Check,Fiber Optic,No,No,0,5.0,1,27.5,7.0,270.58,0,Single,Mobile,No
CUST-01978,55.0,Male,39,109.2,4228.52,Two Year,Bank Transfer,DSL,Yes,No,4,2.0,1,20.3,57.0,244.92,4,Married,Mobile,No
CUST-01979,31.0,Female,21,97.32,2078.2,One Year,Electronic Check,Fiber Optic,Yes,No Internet,0,4.0,2,21.6,26.0,44.71,1,Single,Mobile,No
CUST-01980,47.0,Female,11,35.61,473.52,Two Year,Electronic Check,Fiber Optic,Yes,No,2,5.0,1,15.5,24.0,231.69,2,Single,Desktop,No
CUST-01981,28.0,Female,2,99.74,332.55,One Year,Bank Transfer,Fiber Optic,No Internet,No,0,5.0,3,7.1,15.0,278.26,1,Single,Tablet,No
CUST-01982,22.0,Female,54,45.66,2428.66,Month-to-Month,Mailed Check,Fiber Optic,No Internet,No Internet,1,4.0,1,6.4,5.0,272.94,2,Married,Mobile,Yes
CUST-01983,33.0,Male,1,110.24,19.2,Two Year,Mailed Check,DSL,No,No,0,5.0,3,12.6,25.0,271.52,2,Married,Tablet,No
CUST-01984,54.0,Female,47,88.91,4206.73,Two Year,Credit Card,Fiber Optic,Yes,Yes,3,,1,4.3,21.0,202.18,3,Single,Desktop,No
CUST-01985,55.0,Male,10,96.53,1045.82,Month-to-Month,Credit Card,None,Yes,No Internet,0,1.0,4,6.3,15.0,75.07,1,Married,Mobile,Yes
CUST-01986,49.0,Male,24,26.5,676.68,Month-to-Month,Bank Transfer,Fiber Optic,Yes,No,5,2.0,3,2.5,2.0,175.67,2,Married,Mobile,Yes
CUST-01987,52.0,Female,61,76.28,4733.4,One Year,Credit Card,None,No Internet,No,0,1.0,5,22.7,31.0,85.15,1,Single,Tablet,No
CUST-01988,49.0,Male,3,100.11,289.06,One Year,Bank Transfer,Fiber Optic,No,No,1,2.0,1,20.0,29.0,240.24,3,Divorced,Desktop,Yes
CUST-01989,33.0,Female,20,104.16,2052.72,Month-to-Month,Bank Transfer,None,No Internet,Yes,2,5.0,3,10.5,24.0,51.65,0,Married,Mobile,No
CUST-01990,48.0,Female,34,20.86,715.01,Month-to-Month,Credit Card,Fiber Optic,No,Yes,1,5.0,3,6.9,4.0,64.92,1,Married,Mobile,No
CUST-01991,53.0,Female,34,111.92,3788.75,One Year,Credit Card,None,No,No,2,3.0,4,17.9,10.0,79.53,3,Married,Tablet,No
CUST-01992,52.0,Female,17,22.33,412.76,Month-to-Month,Credit Card,Fiber Optic,No,No,1,5.0,2,1.3,19.0,178.29,2,Single,Tablet,No
CUST-01993,58.0,Male,23,79.45,1875.84,Month-to-Month,Credit Card,DSL,Yes,No Internet,2,,5,1.0,39.0,176.39,4,Single,Mobile,Yes
CUST-01994,51.0,Female,34,87.34,3021.96,One Year,Bank Transfer,None,No,No,2,2.0,1,18.0,7.0,164.79,1,Single,Mobile,No
CUST-01995,,Female,44,,1289.65,Two Year,Bank Transfer,Fiber Optic,No Internet,Yes,1,4.0,2,12.0,48.0,43.59,3,Married,Desktop,No
CUST-01996,56.0,Female,34,22.8,787.49,One Year,Mailed Check,DSL,No,No,1,3.0,2,19.8,11.0,139.03,4,Married,Desktop,Yes
CUST-01997,41.0,Male,10,96.49,1004.62,One Year,Credit Card,DSL,No,No,0,,1,4.9,32.0,278.54,3,Divorced,Mobile,No
CUST-01998,29.0,Female,72,56.47,,One Year,Mailed Check,Fiber Optic,No,Yes,2,5.0,2,1.7,82.0,281.47,1,Single,Desktop,No
CUST-01999,39.0,Male,13,28.71,383.76,One Year,Credit Card,Fiber Optic,No,,4,4.0,3,8.4,37.0,144.14,1,Married,Mobile,No
CUST-02000,31.0,Male,1,94.27,96.89,Month-to-Month,Electronic Check,Fiber Optic,No,No,3,4.0,2,8.3,2.0,78.72,3,Single,Mobile,No
CUST-02001,32.0,Female,10,102.92,1039.85,Month-to-Month,Credit Card,Fiber Optic,Yes,No,0,5.0,1,21.3,14.0,297.8,1,Divorced,Desktop,No
CUST-02002,39.0,Female,3,76.74,225.84,Month-to-Month,Electronic Check,DSL,No Internet,No Internet,2,5.0,1,2.0,25.0,65.99,2,Married,Mobile,No
CUST-02003,30.0,Female,3,34.12,123.95,Two Year,Credit Card,Fiber Optic,Yes,No Internet,2,3.0,5,43.8,33.0,252.28,2,Married,Desktop,No
CUST-02004,37.0,Female,7,19.52,107.91,Two Year,Mailed Check,DSL,No,No,2,1.0,2,1.0,12.0,88.4,0,Married,Mobile,No
CUST-02005,18.0,Female,1,88.08,144.56,One Year,Credit Card,Fiber Optic,Yes,No,1,2.0,1,5.6,16.0,272.97,3,Married,Mobile,No
CUST-02006,44.0,Male,27,73.01,1994.95,Two Year,Credit Card,None,Yes,No,0,3.0,1,18.2,14.0,35.68,1,Single,Mobile,No
CUST-02007,42.0,Male,1,83.08,90.61,Two Year,Bank Transfer,None,No,Yes,2,5.0,2,19.0,35.0,94.89,4,Married,Mobile,No
CUST-02008,30.0,Male,5,99.32,461.72,Two Year,Electronic Check,DSL,No Internet,No,1,5.0,1,12.6,73.0,192.9,1,Married,Mobile,No
CUST-02009,51.0,Female,2,61.42,163.61,Month-to-Month,Mailed Check,Fiber Optic,No,Yes,2,1.0,2,1.1,45.0,28.4,3,Married,Mobile,Yes
CUST-02010,55.0,Male,1,30.45,40.78,One Year,Bank Transfer,Fiber Optic,Yes,Yes,3,5.0,1,29.1,9.0,117.52,1,Married,Desktop,No
CUST-02011,,Male,7,112.0,746.23,One Year,Electronic Check,DSL,No,Yes,2,3.0,2,15.1,23.0,118.1,1,Married,Desktop,Yes
CUST-02012,31.0,Female,20,72.53,1447.77,One Year,Electronic Check,None,Yes,No,0,4.0,3,21.3,19.0,153.37,0,Single,Desktop,Yes
CUST-02013,31.0,Male,72,79.53,5757.61,Month-to-Month,Electronic Check,Fiber Optic,No,Yes,3,2.0,1,7.3,0.0,1.09,1,Divorced,Desktop,Yes
CUST-02014,28.0,Male,50,111.34,5594.58,One Year,Electronic Check,Fiber Optic,Yes,Yes,0,2.0,1,4.2,83.0,195.38,3,Married,Mobile,No
CUST-02015,53.0,Female,50,111.16,,Month-to-Month,Credit Card,Fiber Optic,No,No,1,3.0,3,19.1,18.0,122.81,3,Married,Tablet,No
CUST-02016,39.0,Male,4,75.21,305.47,Two Year,Bank Transfer,DSL,Yes,No,0,4.0,1,25.4,86.0,72.63,0,Single,Tablet,No
CUST-02017,38.0,Male,7,47.76,385.61,One Year,Electronic Check,DSL,Yes,Yes,1,3.0,3,25.1,32.0,61.88,2,Single,Mobile,No
CUST-02018,18.0,Male,1,117.71,179.6,Month-to-Month,Bank Transfer,DSL,No Internet,No,0,5.0,2,18.9,36.0,232.51,4,Married,Mobile,Yes
CUST-02019,50.0,Female,36,86.08,3135.75,Month-to-Month,Mailed Check,Fiber Optic,No Internet,No,4,5.0,4,2.2,16.0,85.89,3,Married,Tablet,No
CUST-02020,24.0,Female,1,58.84,29.47,One Year,Electronic Check,DSL,Yes,No,1,2.0,1,3.8,58.0,203.19,1,Divorced,Mobile,Yes
CUST-02021,42.0,Male,19,73.98,1352.72,One Year,Mailed Check,None,Yes,No Internet,0,4.0,3,10.4,6.0,2.95,3,Divorced,Tablet,No
CUST-02022,45.0,Female,6,59.58,330.28,One Year,Credit Card,Fiber Optic,No,Yes,2,2.0,3,10.6,,291.09,1,Single,Desktop,No
CUST-02023,61.0,Male,6,106.83,738.66,One Year,Credit Card,None,No,No,1,3.0,2,10.1,28.0,24.12,3,Married,Tablet,No
CUST-02024,23.0,Female,72,66.25,4784.08,Two Year,Credit Card,None,No Internet,Yes,1,5.0,1,26.2,12.0,121.36,1,Married,Desktop,No
CUST-02025,18.0,Male,33,100.35,3417.87,Month-to-Month,Mailed Check,Fiber Optic,No,No,1,3.0,1,2.0,40.0,,2,Married,Mobile,Yes
CUST-02026,44.0,Female,43,102.02,4380.85,One Year,Credit Card,DSL,Yes,Yes,2,5.0,3,23.6,41.0,187.28,1,Married,Tablet,No
CUST-02027,67.0,Female,20,100.43,1995.66,Two Year,Bank Transfer,Fiber Optic,Yes,No,1,3.0,1,1.0,44.0,267.75,1,Married,Desktop,No
CUST-02028,59.0,Female,49,90.22,4417.08,Two Year,Credit Card,DSL,No,No,1,3.0,2,5.9,10.0,290.92,2,Married,Desktop,Yes
CUST-02029,44.0,Male,24,,2479.15,Month-to-Month,Credit Card,DSL,No,No Internet,1,5.0,1,3.3,0.0,215.93,1,Married,Mobile,No
CUST-02030,35.0,Male,70,56.72,3931.72,Month-to-Month,Credit Card,Fiber Optic,No,No,3,3.0,2,11.2,66.0,191.63,3,Divorced,Desktop,Yes
CUST-02031,53.0,Female,7,29.47,148.85,Month-to-Month,Credit Card,Fiber Optic,No Internet,No Internet,1,4.0,2,11.1,47.0,29.51,3,Married,Desktop,Yes
CUST-02032,28.0,Male,21,102.25,2172.32,Two Year,Bank Transfer,DSL,Yes,Yes,0,4.0,2,10.6,15.0,132.19,1,Married,Mobile,No
CUST-02033,48.0,Female,28,67.82,1951.71,Month-to-Month,Mailed Check,Fiber Optic,No,No,3,,4,5.1,5.0,56.1,1,Married,Mobile,No
CUST-02034,49.0,Female,11,30.74,460.39,Month-to-Month,Electronic Check,DSL,No Internet,No,1,3.0,1,11.1,18.0,113.89,3,Single,Tablet,Yes
CUST-02035,56.0,Female,50,29.53,1454.81,Month-to-Month,Electronic Check,Fiber Optic,No Internet,No Internet,1,1.0,5,18.4,10.0,42.41,1,Single,Mobile,No
CUST-02036,80.0,Male,72,33.92,2424.61,Month-to-Month,Bank Transfer,None,No,Yes,1,4.0,2,7.5,6.0,235.61,0,Single,Desktop,No
CUST-02037,47.0,Female,16,93.1,1451.04,One Year,Electronic Check,Fiber Optic,No,No Internet,2,3.0,3,39.6,19.0,153.94,1,Married,Mobile,No
CUST-02038,34.0,Female,11,89.09,1036.28,One Year,Mailed Check,None,No,Yes,1,2.0,1,1.1,53.0,33.17,4,Married,Mobile,No
CUST-02039,41.0,Female,15,38.38,616.45,One Year,Mailed Check,Fiber Optic,No,No Internet,1,4.0,2,65.3,26.0,156.24,2,Single,Mobile,No
CUST-02040,18.0,Male,45,102.69,4577.2,Month-to-Month,Credit Card,DSL,Yes,No,2,4.0,2,21.5,20.0,98.82,4,Married,Mobile,Yes
CUST-02041,32.0,Male,24,46.13,,Month-to-Month,Mailed Check,Fiber Optic,No,No,4,4.0,3,13.5,153.0,150.41,3,Divorced,Mobile,Yes
CUST-02042,36.0,Male,1,97.3,144.93,Two Year,Credit Card,DSL,No,No Internet,2,3.0,4,3.4,42.0,77.06,2,Divorced,Mobile,No
CUST-02043,34.0,Male,18,66.88,1223.0,Month-to-Month,Bank Transfer,Fiber Optic,Yes,No Internet,2,4.0,4,14.8,4.0,226.91,2,Married,Desktop,Yes
CUST-02044,44.0,Female,1,91.15,129.07,Two Year,Bank Transfer,Fiber Optic,No,No Internet,1,4.0,2,24.3,16.0,2.44,2,Divorced,Desktop,No
CUST-02045,30.0,Female,36,56.14,1976.9,Month-to-Month,Electronic Check,None,No,No,3,4.0,1,4.4,18.0,42.07,2,Married,Mobile,Yes
CUST-02046,57.0,Male,9,52.71,380.5,Month-to-Month,Electronic Check,Fiber Optic,No,No Internet,3,4.0,5,1.0,28.0,,0,Married,Tablet,Yes
CUST-02047,42.0,Female,15,102.14,1488.35,Month-to-Month,Credit Card,None,No,No,1,4.0,1,8.8,34.0,194.49,4,Married,Mobile,Yes
CUST-02048,41.0,Male,38,21.53,852.53,Two Year,Electronic Check,Fiber Optic,No,No Internet,1,4.0,4,5.4,11.0,12.48,1,Married,Mobile,No
CUST-02049,,Male,1,115.47,221.02,Month-to-Month,Bank Transfer,DSL,No,No,0,5.0,1,5.1,13.0,199.89,3,Married,Tablet,Yes
CUST-02050,44.0,Male,4,82.82,309.81,One Year,Credit Card,Fiber Optic,Yes,No,1,4.0,5,19.4,3.0,60.46,0,Married,Mobile,No
CUST-02051,53.0,Male,12,61.25,848.79,One Year,Bank Transfer,None,Yes,No,1,3.0,1,2.4,2.0,44.25,1,Married,Mobile,No
CUST-02052,,Female,6,80.81,526.35,Month-to-Month,Bank Transfer,Fiber Optic,Yes,No,1,3.0,1,15.8,42.0,6.04,1,Married,Mobile,No
CUST-02053,32.0,Male,9,30.27,202.78,Month-to-Month,Credit Card,Fiber Optic,Yes,No,3,1.0,2,1.0,78.0,147.52,3,Divorced,Desktop,No
CUST-02054,37.0,Female,72,69.41,5008.22,Two Year,Credit Card,Fiber Optic,No,No,0,2.0,3,,6.0,225.71,1,Married,Mobile,No
CUST-02055,23.0,Male,41,116.51,4820.11,Month-to-Month,Mailed Check,Fiber Optic,No Internet,Yes,0,2.0,2,13.2,76.0,178.64,4,Single,Desktop,No
CUST-02056,,Female,51,41.53,1996.76,One Year,Mailed Check,DSL,No,No,4,5.0,3,40.1,12.0,259.73,3,Single,Tablet,No
CUST-02057,35.0,Male,66,90.23,5987.4,Two Year,Credit Card,DSL,No Internet,No,1,4.0,4,30.4,,160.24,1,Married,Desktop,No
CUST-02058,54.0,Male,10,61.5,673.64,Month-to-Month,Electronic Check,DSL,No,No Internet,2,2.0,3,30.6,0.0,2.7,0,Single,Desktop,Yes
CUST-02059,45.0,Male,8,83.25,685.94,Month-to-Month,Bank Transfer,Fiber Optic,Yes,No,0,3.0,4,1.9,2.0,256.42,0,Married,Mobile,Yes
CUST-02060,44.0,Male,6,38.49,227.85,Month-to-Month,Bank Transfer,None,Yes,No,2,2.0,1,17.9,,275.64,1,Single,Desktop,No
CUST-02061,53.0,Male,42,65.05,2723.45,Month-to-Month,Bank Transfer,None,No,No,1,3.0,1,7.7,56.0,261.98,2,Divorced,Tablet,No
CUST-02062,40.0,Female,27,116.01,3120.7,Month-to-Month,Credit Card,DSL,No,No Internet,4,4.0,3,9.2,17.0,57.05,2,Single,Mobile,Yes
CUST-02063,47.0,Female,6,37.53,166.38,One Year,Bank Transfer,Fiber Optic,Yes,Yes,0,4.0,3,4.9,54.0,297.16,1,Divorced,Mobile,No
CUST-02064,40.0,Female,11,81.64,863.66,One Year,Credit Card,Fiber Optic,No,No Internet,1,5.0,1,2.3,12.0,288.39,2,Single,Mobile,No
CUST-02065,45.0,Female,16,75.56,1188.13,One Year,Bank Transfer,Fiber Optic,No Internet,No,2,2.0,1,5.5,4.0,256.91,3,Married,Desktop,No
CUST-02066,33.0,Male,18,74.51,,Two Year,Mailed Check,Fiber Optic,Yes,Yes,1,3.0,5,12.0,77.0,174.4,1,Married,Mobile,No
CUST-02067,18.0,Male,52,79.51,4106.68,Month-to-Month,Mailed Check,DSL,No Internet,No Internet,1,4.0,1,7.9,2.0,59.44,5,Married,Mobile,No
CUST-02068,40.0,Female,11,68.22,706.96,Month-to-Month,Mailed Check,None,Yes,,0,5.0,2,18.3,36.0,58.11,1,Single,Mobile,No
CUST-02069,61.0,Female,57,19.69,1160.32,Month-to-Month,Mailed Check,None,No,Yes,1,3.0,1,27.4,64.0,155.65,3,Married,Tablet,Yes
CUST-02070,54.0,Female,13,108.01,1422.66,Month-to-Month,Credit Card,DSL,No,No,0,3.0,3,3.5,3.0,267.76,3,Single,Mobile,Yes
CUST-02071,55.0,Female,32,100.7,3195.44,Month-to-Month,Electronic Check,Fiber Optic,No,No Internet,3,3.0,4,1.0,21.0,114.87,1,Married,Mobile,Yes
CUST-02072,59.0,Male,63,35.42,2256.77,Month-to-Month,Credit Card,DSL,Yes,No,1,2.0,1,70.4,1.0,148.2,3,Single,Desktop,No
CUST-02073,43.0,Male,57,59.33,3359.15,Two Year,Mailed Check,DSL,Yes,No Internet,1,5.0,3,32.1,18.0,125.76,0,Divorced,Mobile,No
CUST-02074,44.0,Male,1,95.05,98.2,Two Year,Electronic Check,None,No,No,2,4.0,4,4.6,46.0,221.5,5,Married,Mobile,Yes
CUST-02075,33.0,Male,5,116.01,628.8,Month-to-Month,Bank Transfer,Fiber Optic,Yes,Yes,2,3.0,3,2.7,10.0,29.7,1,Married,Mobile,Yes
CUST-02076,37.0,Male,15,113.11,1666.46,Two Year,Bank Transfer,DSL,No,No,1,4.0,3,45.3,7.0,216.03,0,Single,Tablet,No
CUST-02077,50.0,Male,13,107.94,1344.6,Two Year,Credit Card,Fiber Optic,No Internet,No,3,3.0,2,4.0,8.0,235.61,1,Married,Desktop,No
CUST-02078,58.0,Female,24,33.84,804.9,Month-to-Month,Credit Card,None,No Internet,No,4,3.0,3,3.8,46.0,214.55,0,Single,Tablet,No
CUST-02079,40.0,Female,69,109.45,7483.88,Month-to-Month,Mailed Check,None,Yes,No,1,1.0,5,1.7,109.0,203.12,3,Single,Mobile,No
CUST-02080,35.0,Female,2,105.84,197.81,Two Year,Mailed Check,DSL,No,No,1,5.0,2,5.1,7.0,117.1,3,Married,Desktop,No
CUST-02081,42.0,Female,14,55.69,765.63,One Year,Credit Card,None,No,Yes,2,5.0,1,27.6,2.0,145.08,2,Married,Desktop,No
CUST-02082,50.0,Male,5,57.45,164.07,Two Year,Credit Card,None,Yes,No,1,5.0,5,12.7,4.0,63.55,2,Single,Mobile,No
CUST-02083,21.0,Male,53,63.99,3418.0,Month-to-Month,Credit Card,Fiber Optic,No,Yes,2,2.0,1,1.4,29.0,207.67,0,Married,Desktop,Yes
CUST-02084,18.0,Female,72,83.62,6011.51,Month-to-Month,Mailed Check,Fiber Optic,Yes,No Internet,1,5.0,4,51.4,33.0,62.72,3,Single,Tablet,No
CUST-02085,34.0,Male,15,44.08,720.29,Month-to-Month,Mailed Check,DSL,No,No Internet,4,3.0,4,11.6,17.0,167.39,1,Married,Desktop,No
CUST-02086,24.0,Male,2,20.29,51.36,Two Year,Electronic Check,DSL,No Internet,No Internet,4,5.0,1,8.1,2.0,224.08,1,Divorced,Desktop,Yes
CUST-02087,34.0,Male,36,32.12,1193.1,Month-to-Month,Electronic Check,Fiber Optic,No Internet,Yes,1,3.0,2,23.0,78.0,55.34,1,Single,Desktop,Yes
CUST-02088,39.0,Male,28,62.01,1795.78,Month-to-Month,Electronic Check,None,No,Yes,0,2.0,1,12.3,79.0,81.26,3,Married,Desktop,Yes
CUST-02089,35.0,Female,10,46.2,455.41,One Year,Credit Card,None,No,No,1,5.0,2,33.9,15.0,131.72,3,Married,Desktop,Yes
CUST-02090,62.0,Male,52,94.45,4911.36,Month-to-Month,Mailed Check,Fiber Optic,No Internet,No,0,2.0,2,18.2,51.0,194.15,1,Married,Mobile,Yes
CUST-02091,46.0,Female,72,28.67,1985.56,Month-to-Month,Bank Transfer,Fiber Optic,No,No Internet,2,4.0,2,16.5,68.0,96.97,0,Married,Desktop,No
CUST-02092,46.0,Female,19,109.75,2147.23,One Year,Credit Card,Fiber Optic,No,No Internet,2,3.0,1,6.2,21.0,53.35,1,Married,Mobile,No
CUST-02093,50.0,Male,20,107.53,2143.32,Month-to-Month,Bank Transfer,Fiber Optic,No Internet,Yes,0,4.0,2,68.8,27.0,46.68,0,Married,Mobile,No
CUST-02094,26.0,Male,8,108.88,820.75,Month-to-Month,Electronic Check,DSL,Yes,No Internet,2,4.0,3,15.8,39.0,78.82,0,Married,Mobile,No
CUST-02095,56.0,Male,21,91.96,1968.15,Month-to-Month,Bank Transfer,DSL,Yes,Yes,2,4.0,2,8.7,66.0,121.38,1,Married,Desktop,No
CUST-02096,40.0,Male,13,28.7,264.11,One Year,Electronic Check,DSL,No,No Internet,1,1.0,4,2.4,2.0,27.88,4,Married,Mobile,No
CUST-02097,51.0,Female,8,61.81,473.02,Month-to-Month,Mailed Check,DSL,No Internet,No,1,5.0,5,12.2,1.0,285.64,2,Married,Mobile,No
CUST-02098,26.0,Female,1,31.14,76.56,Month-to-Month,Electronic Check,DSL,Yes,No,0,3.0,4,16.5,33.0,299.69,0,Single,Mobile,Yes
CUST-02099,20.0,Female,6,116.77,678.73,One Year,Electronic Check,Fiber Optic,No,No,1,2.0,1,7.0,1.0,261.37,2,Married,Desktop,Yes
CUST-02100,53.0,Male,5,51.3,220.6,Month-to-Month,Bank Transfer,DSL,No,No Internet,2,3.0,1,1.0,3.0,248.23,7,Married,Mobile,No
CUST-02101,47.0,Female,18,76.53,1356.73,Month-to-Month,Credit Card,Fiber Optic,No,No,1,5.0,1,24.0,16.0,128.74,2,Married,Mobile,Yes
CUST-02102,29.0,Female,22,95.94,2010.18,One Year,Bank Transfer,None,Yes,No Internet,2,1.0,2,15.9,6.0,101.12,2,Divorced,Desktop,No
CUST-02103,29.0,Female,22,,2457.09,Month-to-Month,Credit Card,Fiber Optic,No Internet,Yes,1,4.0,3,17.3,68.0,129.86,2,Single,Mobile,Yes
CUST-02104,57.0,Female,11,93.55,1022.91,Month-to-Month,Mailed Check,Fiber Optic,No Internet,No Internet,0,5.0,1,4.2,12.0,5.67,2,Married,Mobile,No
CUST-02105,25.0,Female,13,85.45,1097.23,One Year,Mailed Check,DSL,No,No Internet,2,3.0,2,2.1,25.0,47.92,1,Married,Mobile,No
CUST-02106,64.0,Female,43,64.6,2764.37,One Year,Credit Card,Fiber Optic,No Internet,No,2,5.0,1,9.0,0.0,163.93,1,Single,Desktop,No
CUST-02107,29.0,Female,15,78.54,1178.8,One Year,Electronic Check,Fiber Optic,No Internet,No Internet,0,2.0,2,4.1,21.0,278.14,2,Divorced,Mobile,No
CUST-02108,50.0,Male,72,27.42,2006.91,Month-to-Month,Electronic Check,Fiber Optic,No,Yes,1,1.0,5,22.8,49.0,278.19,2,Married,Mobile,Yes
CUST-02109,37.0,Female,13,106.39,1380.47,Month-to-Month,Mailed Check,Fiber Optic,No Internet,No Internet,2,4.0,2,11.4,103.0,214.32,2,Single,Mobile,No
CUST-02110,50.0,Male,25,72.38,1741.42,One Year,Bank Transfer,Fiber Optic,No Internet,Yes,3,4.0,3,2.1,34.0,145.47,2,Married,Desktop,No
CUST-02111,34.0,Male,1,22.01,50.79,Month-to-Month,Electronic Check,None,Yes,No,0,2.0,2,3.3,6.0,80.28,4,Single,Tablet,Yes
CUST-02112,39.0,Female,25,109.99,2774.68,Month-to-Month,Bank Transfer,DSL,Yes,No,1,3.0,3,32.7,13.0,124.21,4,Single,Tablet,Yes
CUST-02113,42.0,Female,45,66.93,3022.13,One Year,Credit Card,DSL,No,No,1,3.0,3,15.0,5.0,295.48,2,Single,Desktop,No
CUST-02114,27.0,Male,68,104.86,7184.24,Month-to-Month,Credit Card,Fiber Optic,No,No,0,1.0,1,7.7,12.0,257.16,4,Divorced,Tablet,Yes
CUST-02115,52.0,Male,72,103.69,7467.2,One Year,Credit Card,Fiber Optic,Yes,No,1,3.0,3,19.1,24.0,145.35,4,Married,Desktop,No
CUST-02116,34.0,Male,7,99.58,752.63,Month-to-Month,Credit Card,DSL,Yes,No Internet,3,4.0,2,24.8,20.0,256.07,2,Married,Mobile,Yes
CUST-02117,38.0,Female,20,24.14,553.16,Month-to-Month,Credit Card,None,No Internet,Yes,2,2.0,4,1.8,62.0,224.26,1,Married,Desktop,Yes
CUST-02118,28.0,Female,14,42.71,627.06,Two Year,Electronic Check,Fiber Optic,No,No,1,4.0,1,,6.0,121.06,1,Single,Desktop,No
CUST-02119,18.0,Female,19,105.55,1968.05,Month-to-Month,Electronic Check,Fiber Optic,No Internet,No Internet,0,1.0,4,43.9,17.0,148.23,3,Divorced,Mobile,No
CUST-02120,39.0,Female,4,107.9,425.06,One Year,Mailed Check,Fiber Optic,No Internet,No Internet,2,4.0,2,1.4,29.0,139.06,2,Married,Tablet,Yes
CUST-02121,75.0,Male,46,63.81,2997.2,Month-to-Month,Bank Transfer,Fiber Optic,No,No,5,3.0,2,5.9,119.0,4.35,5,Divorced,Desktop,Yes
CUST-02122,52.0,Female,57,62.0,,Month-to-Month,Mailed Check,None,,No,1,3.0,2,2.8,7.0,96.41,2,Married,Desktop,No
CUST-02123,41.0,Male,14,35.51,477.54,Month-to-Month,Electronic Check,DSL,Yes,No,0,5.0,1,8.4,53.0,11.63,1,Divorced,Tablet,Yes
CUST-02124,38.0,Female,7,114.84,786.73,Month-to-Month,Bank Transfer,DSL,No,No,0,4.0,5,3.7,28.0,265.48,3,Divorced,Tablet,No
CUST-02125,42.0,Female,3,39.31,74.67,Two Year,Electronic Check,DSL,Yes,No,2,2.0,1,6.8,4.0,175.96,2,Single,Mobile,No
CUST-02126,49.0,Female,27,37.09,1045.07,Two Year,Electronic Check,None,Yes,No,0,5.0,4,4.2,45.0,121.22,4,Single,Desktop,No
CUST-02127,25.0,Male,8,84.07,691.4,One Year,Credit Card,Fiber Optic,Yes,No,1,3.0,4,1.0,5.0,29.89,2,Single,Desktop,No
CUST-02128,57.0,Male,57,42.28,2374.41,Two Year,Electronic Check,None,No,No,2,3.0,2,1.0,36.0,12.2,4,Married,Desktop,No
CUST-02129,52.0,Male,26,111.88,2939.16,One Year,Electronic Check,None,No Internet,No,1,3.0,1,10.9,8.0,76.85,2,Single,Mobile,No
CUST-02130,52.0,Female,24,19.09,450.24,Month-to-Month,Mailed Check,Fiber Optic,Yes,No,1,2.0,2,10.8,18.0,118.74,1,Married,Desktop,Yes
CUST-02131,48.0,Male,19,18.58,308.51,Month-to-Month,Mailed Check,DSL,No,Yes,0,5.0,5,1.0,45.0,179.64,3,Married,Mobile,No
CUST-02132,42.0,Male,1,68.49,32.84,One Year,Electronic Check,Fiber Optic,No,No Internet,1,3.0,4,18.0,30.0,105.61,3,Divorced,Mobile,Yes
CUST-02133,51.0,Male,64,66.81,4297.64,Month-to-Month,Electronic Check,DSL,No,No Internet,1,3.0,2,1.0,40.0,144.36,2,Divorced,Tablet,Yes
CUST-02134,50.0,Female,23,34.34,836.77,Month-to-Month,Mailed Check,None,No Internet,Yes,2,2.0,2,10.0,48.0,203.97,1,Single,Mobile,No
CUST-02135,37.0,Male,72,67.45,4832.06,Two Year,Mailed Check,DSL,Yes,No,2,4.0,2,7.5,1.0,13.12,1,Divorced,Tablet,No
CUST-02136,33.0,Female,18,59.17,1092.28,Month-to-Month,Electronic Check,Fiber Optic,Yes,No,0,5.0,5,32.2,19.0,157.45,1,Single,Desktop,No
CUST-02137,43.0,Female,29,107.03,3182.96,Month-to-Month,Electronic Check,DSL,No,Yes,2,5.0,5,12.9,127.0,85.44,1,Divorced,Desktop,Yes
CUST-02138,63.0,Female,1,18.93,0.0,Month-to-Month,Credit Card,DSL,No,No,2,2.0,2,25.9,47.0,234.61,2,Single,Mobile,No
CUST-02139,24.0,Male,23,115.63,2677.27,One Year,Electronic Check,DSL,Yes,Yes,4,4.0,5,96.0,13.0,96.88,0,Divorced,Tablet,Yes
CUST-02140,21.0,Male,34,80.44,2776.49,Month-to-Month,Credit Card,Fiber Optic,Yes,No,0,2.0,5,2.9,10.0,50.94,2,Married,Mobile,Yes
CUST-02141,44.0,Male,36,33.18,1189.72,One Year,Electronic Check,DSL,No Internet,Yes,0,1.0,2,1.0,36.0,236.83,1,Married,Tablet,No
CUST-02142,42.0,Male,35,,855.71,Month-to-Month,Bank Transfer,Fiber Optic,Yes,Yes,2,3.0,2,22.3,4.0,230.64,0,Single,Mobile,No
CUST-02143,44.0,Male,6,71.81,540.8,One Year,Bank Transfer,Fiber Optic,No,Yes,1,4.0,4,15.0,64.0,139.18,0,Single,Tablet,No
CUST-02144,45.0,Female,72,41.49,3004.45,Month-to-Month,Bank Transfer,None,No Internet,Yes,1,2.0,5,15.1,2.0,55.28,0,Married,Tablet,No
CUST-02145,38.0,Male,72,48.12,3452.96,Two Year,Mailed Check,None,No,No,0,4.0,2,5.7,24.0,141.89,2,Married,Mobile,No
CUST-02146,62.0,Female,1,42.51,91.36,Month-to-Month,Electronic Check,Fiber Optic,No,No,1,5.0,2,1.6,56.0,132.56,3,Divorced,Desktop,Yes
CUST-02147,19.0,Male,66,83.02,5521.42,One Year,Bank Transfer,Fiber Optic,No,Yes,3,2.0,2,19.2,38.0,44.13,1,Married,Tablet,No
CUST-02148,30.0,Female,8,73.35,460.86,One Year,Electronic Check,Fiber Optic,No,No,0,3.0,1,11.8,19.0,108.88,1,Married,Mobile,Yes
CUST-02149,40.0,Female,28,25.8,722.26,Month-to-Month,Mailed Check,Fiber Optic,No,No,1,3.0,5,10.4,7.0,244.38,2,Married,Mobile,No
CUST-02150,18.0,Female,9,70.65,616.12,Month-to-Month,Bank Transfer,Fiber Optic,No Internet,No,0,5.0,1,20.0,27.0,150.91,1,Married,Tablet,No
CUST-02151,39.0,Female,72,97.12,7012.48,One Year,Electronic Check,DSL,No,Yes,1,4.0,4,67.1,101.0,38.82,3,Married,Mobile,No
CUST-02152,65.0,Female,2,26.12,42.56,One Year,Bank Transfer,Fiber Optic,No,No,2,4.0,2,20.2,3.0,265.36,2,Divorced,Mobile,No
CUST-02153,42.0,Female,16,106.97,1707.26,Month-to-Month,Mailed Check,DSL,Yes,No,1,4.0,1,40.9,0.0,223.2,1,Married,Mobile,No
CUST-02154,45.0,Male,13,75.83,942.63,Month-to-Month,Bank Transfer,Fiber Optic,Yes,No,2,4.0,2,7.6,16.0,162.96,1,Single,Desktop,No
CUST-02155,24.0,Female,9,113.06,1054.27,Month-to-Month,Mailed Check,Fiber Optic,No,No,2,3.0,1,34.3,26.0,80.22,0,Married,Mobile,No
CUST-02156,33.0,Male,24,32.81,870.19,Month-to-Month,Bank Transfer,None,Yes,Yes,1,3.0,5,19.5,13.0,29.02,3,Married,Desktop,Yes
CUST-02157,36.0,Male,3,117.36,309.7,Month-to-Month,Credit Card,DSL,No Internet,No,1,3.0,2,7.0,37.0,221.45,4,Married,Desktop,No
CUST-02158,37.0,Male,30,82.43,2403.05,Two Year,Credit Card,Fiber Optic,No,No,1,5.0,3,10.7,22.0,188.19,2,Single,Desktop,No
CUST-02159,59.0,Male,72,74.75,5383.0,Month-to-Month,Bank Transfer,None,No,No,1,4.0,2,3.4,12.0,245.89,0,Married,Tablet,No
CUST-02160,49.0,Male,39,69.53,2710.24,Month-to-Month,Electronic Check,DSL,No,Yes,1,5.0,3,1.3,47.0,206.73,2,Married,Mobile,Yes
CUST-02161,26.0,Male,47,20.37,1015.94,One Year,Bank Transfer,None,No,No,3,2.0,2,9.5,3.0,46.36,3,Single,Tablet,No
CUST-02162,45.0,Male,10,111.96,1058.14,Two Year,Bank Transfer,None,No,Yes,2,3.0,1,74.9,1.0,135.74,2,Divorced,Mobile,No
CUST-02163,48.0,Female,9,82.4,714.7,Month-to-Month,Electronic Check,Fiber Optic,No,No,2,2.0,4,30.7,1.0,93.63,6,Single,Mobile,Yes
CUST-02164,57.0,Male,17,27.16,354.33,Month-to-Month,Electronic Check,Fiber Optic,No,Yes,4,3.0,3,1.0,50.0,259.64,0,Married,Tablet,No
CUST-02165,64.0,Female,1,20.1,88.85,Month-to-Month,Electronic Check,None,No Internet,No,2,4.0,1,52.5,48.0,82.11,2,Married,Mobile,No
CUST-02166,27.0,Male,69,23.08,1605.05,Month-to-Month,Electronic Check,Fiber Optic,No Internet,Yes,5,5.0,3,9.5,53.0,148.6,2,Married,Desktop,No
CUST-02167,30.0,Female,3,78.94,213.65,Month-to-Month,Mailed Check,DSL,,No Internet,3,1.0,3,3.0,10.0,164.5,4,Married,Mobile,Yes
CUST-02168,24.0,Female,55,79.4,4300.89,Month-to-Month,Electronic Check,None,No Internet,No Internet,1,5.0,1,37.0,20.0,187.61,4,Divorced,Mobile,No
CUST-02169,38.0,Female,2,67.97,74.42,Month-to-Month,Credit Card,DSL,No Internet,No Internet,0,5.0,4,38.8,11.0,190.58,2,Married,Desktop,Yes
CUST-02170,48.0,Female,41,48.68,,Two Year,Credit Card,DSL,No,No Internet,4,5.0,3,28.2,26.0,193.69,4,Single,Mobile,Yes
CUST-02171,55.0,Male,3,71.17,158.14,Month-to-Month,Bank Transfer,None,No,No Internet,1,3.0,2,14.6,55.0,106.61,1,Married,Desktop,Yes
CUST-02172,40.0,Female,1,69.63,74.83,Month-to-Month,Bank Transfer,DSL,No,No Internet,0,3.0,1,4.0,0.0,151.73,2,Single,Desktop,No
CUST-02173,37.0,Female,30,19.94,700.35,Two Year,Mailed Check,Fiber Optic,Yes,Yes,1,2.0,2,4.1,25.0,17.53,4,Single,Desktop,No
CUST-02174,44.0,Female,7,46.25,306.37,One Year,Electronic Check,Fiber Optic,Yes,No,3,,1,50.5,6.0,158.24,0,Single,Desktop,No
CUST-02175,30.0,Female,30,23.32,651.53,Month-to-Month,Credit Card,Fiber Optic,No Internet,Yes,4,2.0,1,4.9,61.0,186.62,2,Married,Desktop,Yes
CUST-02176,71.0,Male,19,108.02,2071.48,Month-to-Month,Bank Transfer,DSL,No,No,2,5.0,1,8.2,94.0,223.31,3,Married,Mobile,No
CUST-02177,19.0,Female,2,90.52,119.75,Two Year,Electronic Check,Fiber Optic,Yes,No,1,4.0,3,21.0,52.0,44.19,1,Married,Desktop,Yes
CUST-02178,44.0,Male,64,117.61,7613.04,Month-to-Month,Mailed Check,DSL,No,No Internet,4,2.0,3,26.0,1.0,185.97,1,Single,Mobile,No
CUST-02179,70.0,Female,14,48.22,745.26,One Year,Credit Card,DSL,Yes,No Internet,2,5.0,1,7.9,10.0,98.21,3,Single,Tablet,No
CUST-02180,42.0,Male,31,105.85,3273.14,Two Year,Bank Transfer,DSL,No Internet,Yes,1,2.0,3,7.6,7.0,121.14,1,Married,Mobile,No
CUST-02181,39.0,Female,16,78.31,1208.1,Month-to-Month,Mailed Check,DSL,No,No,1,5.0,1,6.6,52.0,142.45,0,Divorced,Mobile,No
CUST-02182,36.0,Male,22,63.31,1371.53,One Year,Mailed Check,None,No,No,0,2.0,4,7.4,0.0,38.68,3,Married,Desktop,No
CUST-02183,39.0,Male,8,40.26,307.3,Two Year,Bank Transfer,Fiber Optic,Yes,No,2,4.0,3,21.3,76.0,72.0,4,Married,Mobile,No
CUST-02184,61.0,Female,5,91.84,478.38,One Year,Credit Card,Fiber Optic,No,No,0,4.0,3,1.0,26.0,18.95,5,Single,Mobile,No
CUST-02185,18.0,Female,18,108.41,2003.36,Month-to-Month,Electronic Check,Fiber Optic,No Internet,No Internet,2,4.0,1,24.2,40.0,292.26,5,Married,Desktop,Yes
CUST-02186,63.0,Female,13,41.53,,Two Year,Mailed Check,None,No,No Internet,3,4.0,5,3.6,18.0,57.23,3,Single,Desktop,No
CUST-02187,,Male,11,35.54,441.49,One Year,Bank Transfer,Fiber Optic,No,Yes,0,3.0,5,2.6,36.0,190.12,3,Single,Desktop,No
CUST-02188,38.0,Male,26,87.62,2309.0,One Year,Mailed Check,Fiber Optic,No Internet,No,0,3.0,2,1.9,12.0,34.65,0,Single,Desktop,No
CUST-02189,35.0,Female,28,115.7,3214.21,One Year,Bank Transfer,DSL,Yes,No,4,5.0,1,4.0,32.0,209.09,1,Married,Desktop,No
CUST-02190,50.0,Female,1,93.0,38.66,Month-to-Month,Electronic Check,Fiber Optic,Yes,No,0,3.0,2,26.9,16.0,262.5,6,Divorced,Tablet,Yes
CUST-02191,19.0,Female,9,46.46,423.95,Month-to-Month,Electronic Check,DSL,No,No,3,5.0,1,11.6,80.0,142.58,1,Single,Mobile,Yes
CUST-02192,48.0,Male,12,60.0,667.02,Month-to-Month,Bank Transfer,Fiber Optic,Yes,No Internet,0,4.0,3,4.7,79.0,205.94,1,Single,Desktop,Yes
CUST-02193,70.0,Female,2,56.43,164.04,Month-to-Month,Bank Transfer,DSL,Yes,No,3,4.0,5,3.1,25.0,198.2,3,Single,Desktop,No
CUST-02194,22.0,Male,6,103.21,563.07,Month-to-Month,Bank Transfer,Fiber Optic,No,No,2,5.0,3,22.0,44.0,196.13,3,Married,Mobile,Yes
CUST-02195,44.0,Female,1,95.14,122.53,Month-to-Month,Electronic Check,DSL,No,No Internet,0,4.0,2,10.6,40.0,31.77,4,Married,Desktop,Yes
CUST-02196,32.0,Male,72,76.9,5532.77,Month-to-Month,Credit Card,Fiber Optic,No Internet,No,0,4.0,2,,36.0,245.01,0,Single,Mobile,No
CUST-02197,47.0,Male,32,45.5,1427.97,Two Year,Electronic Check,Fiber Optic,Yes,No,4,5.0,5,7.1,109.0,175.81,3,Single,Desktop,No
CUST-02198,42.0,Female,2,111.8,218.46,One Year,Electronic Check,DSL,No Internet,Yes,3,1.0,1,8.8,63.0,68.07,4,Single,Mobile,Yes
CUST-02199,33.0,Female,1,83.33,137.33,One Year,Electronic Check,DSL,No,Yes,1,5.0,4,6.6,41.0,131.96,4,Married,Desktop,Yes
CUST-02200,48.0,Male,30,115.05,3391.89,Month-to-Month,Mailed Check,DSL,No,No,4,3.0,1,4.6,2.0,217.52,3,Married,Desktop,No
CUST-02201,67.0,Male,13,76.01,967.52,Month-to-Month,Electronic Check,Fiber Optic,Yes,No,0,4.0,2,6.0,13.0,192.74,1,Divorced,Desktop,No
CUST-02202,39.0,Male,37,100.12,3666.85,Month-to-Month,Electronic Check,Fiber Optic,No,No,0,5.0,3,20.1,12.0,45.79,1,Married,Desktop,No
CUST-02203,52.0,Female,61,99.31,6055.98,One Year,Electronic Check,Fiber Optic,No Internet,No Internet,3,4.0,2,45.9,21.0,180.25,2,Married,Mobile,No
CUST-02204,23.0,Male,21,51.73,1052.1,One Year,Electronic Check,Fiber Optic,No,Yes,0,2.0,3,1.0,58.0,152.57,2,Married,Mobile,No
CUST-02205,28.0,Male,4,,369.2,Month-to-Month,Credit Card,Fiber Optic,Yes,Yes,0,3.0,2,14.8,33.0,196.21,1,Married,Mobile,No
CUST-02206,48.0,Female,36,20.19,674.08,One Year,Mailed Check,Fiber Optic,No,Yes,4,3.0,3,1.1,44.0,235.33,2,Married,Mobile,No
CUST-02207,62.0,Female,72,94.87,6912.53,One Year,Credit Card,DSL,No,No,4,4.0,1,3.4,1.0,98.71,0,Married,Tablet,Yes
CUST-02208,46.0,Female,20,114.56,2303.54,One Year,Electronic Check,Fiber Optic,Yes,No Internet,2,4.0,3,11.8,1.0,122.68,1,Divorced,Desktop,Yes
CUST-02209,37.0,Female,27,51.89,1411.65,Month-to-Month,Electronic Check,DSL,No Internet,No Internet,0,4.0,5,23.7,79.0,178.31,0,Single,Mobile,Yes
CUST-02210,41.0,Female,9,82.81,731.16,One Year,Credit Card,Fiber Optic,No,No,1,5.0,1,8.6,7.0,234.64,4,Married,Desktop,Yes
CUST-02211,24.0,Female,11,74.22,813.84,One Year,Credit Card,Fiber Optic,No,Yes,1,2.0,1,31.7,47.0,185.07,0,Single,Desktop,No
CUST-02212,50.0,Female,31,94.15,2897.16,Month-to-Month,Credit Card,Fiber Optic,Yes,No,1,,2,18.9,23.0,4.43,2,Single,Mobile,No
CUST-02213,54.0,Female,63,104.62,6617.41,Month-to-Month,Credit Card,DSL,Yes,No Internet,3,3.0,2,3.2,12.0,297.3,3,Married,Desktop,Yes
CUST-02214,35.0,Male,23,78.3,1805.94,Month-to-Month,Mailed Check,DSL,No Internet,No,2,1.0,1,17.4,43.0,8.54,7,Single,Mobile,Yes
CUST-02215,35.0,Female,37,99.59,3626.27,Month-to-Month,Mailed Check,DSL,Yes,Yes,0,3.0,3,5.7,100.0,260.48,1,Single,Tablet,No
CUST-02216,45.0,Male,4,49.23,209.61,Month-to-Month,Credit Card,Fiber Optic,No,No,3,3.0,2,21.8,8.0,271.7,1,Single,Mobile,No
CUST-02217,35.0,Male,5,40.86,81.36,Month-to-Month,Credit Card,Fiber Optic,No,Yes,2,3.0,4,3.9,13.0,64.42,3,Single,Desktop,Yes
CUST-02218,41.0,Male,18,61.07,1119.95,Month-to-Month,Mailed Check,DSL,No,No,2,2.0,2,2.3,10.0,232.57,3,Married,Mobile,Yes
CUST-02219,71.0,Male,4,85.77,272.61,Month-to-Month,Credit Card,Fiber Optic,No,No Internet,5,3.0,5,15.2,31.0,143.03,5,Single,Mobile,Yes
CUST-02220,38.0,Female,24,36.72,876.48,Month-to-Month,Mailed Check,Fiber Optic,No,Yes,1,4.0,3,14.4,38.0,125.26,4,Divorced,Desktop,Yes
CUST-02221,36.0,Female,8,86.04,628.59,One Year,Credit Card,Fiber Optic,No Internet,No,2,4.0,2,12.8,19.0,44.05,3,Single,Mobile,No
CUST-02222,32.0,Female,37,57.41,2124.31,Two Year,Electronic Check,Fiber Optic,No,Yes,1,4.0,3,4.2,7.0,138.08,1,Married,Mobile,No
CUST-02223,52.0,Female,39,97.56,3833.75,Month-to-Month,Bank Transfer,Fiber Optic,No Internet,No Internet,3,3.0,4,3.5,11.0,191.26,1,Single,Tablet,No
CUST-02224,39.0,Female,14,21.68,378.66,Month-to-Month,Credit Card,None,No,Yes,2,3.0,3,36.5,41.0,149.43,2,Single,Desktop,No
CUST-02225,32.0,Male,4,84.8,262.13,Two Year,Credit Card,DSL,Yes,No,3,1.0,3,11.4,64.0,67.18,2,Married,Mobile,Yes
CUST-02226,60.0,Female,24,82.98,2040.29,One Year,Electronic Check,DSL,Yes,Yes,0,2.0,2,7.8,21.0,146.09,2,Married,Desktop,No
CUST-02227,61.0,Female,72,112.09,8077.04,Month-to-Month,Bank Transfer,Fiber Optic,No Internet,No Internet,0,5.0,2,,8.0,261.95,3,Single,Tablet,No
CUST-02228,33.0,Male,23,89.34,2032.29,One Year,Electronic Check,Fiber Optic,No,Yes,1,4.0,3,1.0,32.0,245.34,5,Single,Mobile,No
CUST-02229,18.0,Female,1,97.63,135.62,Month-to-Month,Credit Card,None,No,No,1,1.0,3,16.9,30.0,57.53,5,Divorced,Desktop,No
CUST-02230,56.0,Male,1,108.46,96.66,One Year,Bank Transfer,DSL,No Internet,Yes,0,5.0,5,2.4,71.0,146.79,3,Married,Desktop,No
CUST-02231,32.0,Male,9,85.51,805.47,Two Year,Bank Transfer,DSL,Yes,No,1,4.0,4,3.8,10.0,181.15,1,Married,Mobile,No
CUST-02232,53.0,Male,5,47.02,185.49,Month-to-Month,Bank Transfer,Fiber Optic,No,No,1,4.0,2,,51.0,159.61,4,Single,Desktop,No
CUST-02233,18.0,Male,40,104.98,4167.55,Two Year,Credit Card,DSL,No,Yes,1,3.0,2,4.9,33.0,198.18,3,Married,Desktop,No
CUST-02234,54.0,Female,44,92.76,4128.62,Month-to-Month,Bank Transfer,DSL,No,No,0,2.0,1,22.6,54.0,205.3,0,Single,Mobile,Yes
CUST-02235,25.0,Female,7,60.44,497.35,One Year,Electronic Check,None,No,No Internet,2,3.0,2,11.0,3.0,121.25,1,Single,Mobile,No
CUST-02236,52.0,Male,9,89.05,799.7,Month-to-Month,Mailed Check,DSL,No,No,0,3.0,1,5.9,52.0,72.58,4,Married,Mobile,No
CUST-02237,42.0,Female,6,104.77,489.26,One Year,Electronic Check,Fiber Optic,Yes,No,2,4.0,1,30.0,19.0,132.67,2,Married,Desktop,No
CUST-02238,28.0,Female,57,115.57,6577.54,Month-to-Month,Credit Card,DSL,No,No,1,5.0,1,14.9,44.0,32.41,3,Married,Desktop,No
CUST-02239,36.0,Male,16,113.24,1813.46,One Year,Credit Card,DSL,No,No,2,4.0,2,8.2,8.0,224.21,3,Married,Tablet,No
CUST-02240,51.0,Male,25,50.53,1251.61,One Year,Credit Card,DSL,No Internet,No,1,3.0,4,9.1,12.0,232.67,2,Married,Mobile,Yes
CUST-02241,43.0,Female,12,60.17,738.86,Month-to-Month,Credit Card,DSL,Yes,Yes,0,4.0,2,4.7,16.0,282.97,2,Married,Desktop,No
CUST-02242,50.0,Female,23,28.95,642.0,Month-to-Month,Credit Card,DSL,No Internet,No Internet,2,3.0,2,1.7,23.0,,0,Married,Desktop,No
CUST-02243,69.0,Female,11,42.75,512.19,Month-to-Month,Credit Card,None,No,Yes,1,5.0,2,5.4,21.0,38.19,1,Married,Desktop,No
CUST-02244,20.0,Male,9,106.24,897.82,One Year,Credit Card,Fiber Optic,No,No,3,2.0,2,4.6,8.0,163.78,1,Divorced,Desktop,Yes
CUST-02245,64.0,Female,24,54.08,1359.76,Two Year,Credit Card,Fiber Optic,No,No,2,4.0,3,6.1,70.0,211.66,2,Married,Desktop,Yes
CUST-02246,43.0,Male,21,80.06,1758.76,Month-to-Month,Bank Transfer,DSL,No,No Internet,2,2.0,2,9.5,86.0,248.48,1,Single,Desktop,Yes
CUST-02247,29.0,Male,8,84.6,631.15,One Year,Credit Card,DSL,No,No Internet,1,3.0,2,1.0,8.0,89.42,4,Married,Mobile,No
CUST-02248,23.0,Female,3,96.18,242.86,Month-to-Month,Credit Card,Fiber Optic,No Internet,No Internet,1,4.0,5,1.7,14.0,296.08,2,Married,Mobile,Yes
CUST-02249,39.0,Male,11,36.28,419.61,Month-to-Month,Electronic Check,Fiber Optic,No,Yes,2,4.0,2,19.6,48.0,151.3,3,Divorced,Desktop,Yes
CUST-02250,54.0,Male,12,48.48,522.4,Month-to-Month,Credit Card,Fiber Optic,No Internet,No,2,2.0,4,3.0,45.0,138.69,3,Single,Desktop,No
CUST-02251,40.0,Male,23,62.83,1420.46,One Year,Credit Card,Fiber Optic,No,Yes,3,4.0,2,6.2,109.0,126.59,1,Married,Mobile,No
CUST-02252,63.0,Male,59,54.48,3269.45,Two Year,Credit Card,Fiber Optic,No Internet,No Internet,0,2.0,2,15.2,88.0,53.4,2,Married,Tablet,No
CUST-02253,21.0,Female,1,116.29,153.17,Two Year,Bank Transfer,DSL,Yes,No,1,5.0,1,56.5,62.0,167.43,2,Divorced,Desktop,No
CUST-02254,41.0,Female,6,101.49,707.95,Month-to-Month,Electronic Check,Fiber Optic,No,No,5,4.0,4,2.1,26.0,37.4,0,Married,Mobile,No
CUST-02255,24.0,Male,5,65.97,338.39,One Year,Credit Card,DSL,No Internet,No,0,,2,,12.0,253.06,2,Single,Mobile,No
CUST-02256,47.0,Male,16,105.93,1664.34,Month-to-Month,Bank Transfer,DSL,No Internet,,1,2.0,3,10.1,22.0,14.44,1,Divorced,Desktop,No
CUST-02257,54.0,Male,13,52.77,688.57,Month-to-Month,Electronic Check,Fiber Optic,No,No,1,2.0,4,1.5,44.0,255.76,2,Single,Desktop,Yes
CUST-02258,36.0,Female,31,96.58,2986.45,Month-to-Month,Electronic Check,DSL,No,No,3,3.0,2,2.8,3.0,243.25,4,Single,Mobile,Yes
CUST-02259,18.0,Male,6,40.37,235.39,Month-to-Month,Mailed Check,Fiber Optic,No,No,1,4.0,3,17.8,36.0,90.21,1,Married,Mobile,No
CUST-02260,44.0,Female,21,,1998.64,One Year,Mailed Check,None,Yes,No,1,2.0,2,31.7,67.0,10.7,1,Single,Mobile,No
CUST-02261,48.0,Male,51,63.65,3199.56,Month-to-Month,Credit Card,DSL,No,No,1,3.0,3,1.0,7.0,265.34,1,Divorced,Mobile,No
CUST-02262,47.0,Male,57,28.75,1652.86,Two Year,Bank Transfer,Fiber Optic,No,No Internet,1,2.0,3,3.8,50.0,241.3,3,Married,Desktop,No
CUST-02263,59.0,Female,72,45.33,3193.33,Month-to-Month,Electronic Check,Fiber Optic,Yes,Yes,0,4.0,2,6.6,66.0,190.4,2,Married,Tablet,No
CUST-02264,27.0,Female,35,58.23,2002.21,Month-to-Month,Mailed Check,DSL,No,Yes,3,4.0,3,67.4,2.0,16.51,2,Married,Desktop,Yes
CUST-02265,51.0,Male,56,,5198.14,Month-to-Month,Electronic Check,Fiber Optic,No,No,3,4.0,2,15.8,95.0,152.62,3,Single,Desktop,Yes
CUST-02266,58.0,Female,6,25.3,38.82,Month-to-Month,Credit Card,Fiber Optic,Yes,No,2,5.0,3,6.7,20.0,280.22,1,Married,Tablet,No
CUST-02267,18.0,Female,5,83.95,458.2,Two Year,Credit Card,Fiber Optic,No,No,1,3.0,3,,18.0,32.05,4,Married,Mobile,No
CUST-02268,46.0,Female,1,89.6,0.0,Month-to-Month,Electronic Check,None,Yes,Yes,1,2.0,2,3.9,27.0,152.99,1,Single,Desktop,No
CUST-02269,34.0,Female,29,83.39,2451.79,Two Year,Bank Transfer,DSL,Yes,No,2,5.0,1,1.0,7.0,241.03,0,Married,Tablet,No
CUST-02270,40.0,Female,66,94.07,6143.98,Month-to-Month,Bank Transfer,Fiber Optic,No,No,0,1.0,4,78.5,32.0,198.35,2,Divorced,Desktop,No
CUST-02271,46.0,Female,4,35.82,123.03,Month-to-Month,Electronic Check,Fiber Optic,No,No,4,5.0,3,60.5,49.0,118.34,3,Married,Mobile,No
CUST-02272,35.0,Male,24,76.71,1867.0,Month-to-Month,Credit Card,DSL,No,No Internet,3,2.0,1,1.0,11.0,267.6,2,Divorced,Tablet,Yes
CUST-02273,32.0,Female,32,112.11,3697.43,Two Year,Mailed Check,None,Yes,No,0,4.0,2,4.7,8.0,158.12,3,Married,Desktop,No
CUST-02274,42.0,Male,63,79.08,4987.86,Month-to-Month,Mailed Check,DSL,No,No,0,3.0,1,1.0,73.0,260.66,2,Single,Mobile,Yes
CUST-02275,26.0,Male,24,79.13,1799.99,Two Year,Bank Transfer,Fiber Optic,Yes,Yes,1,5.0,2,5.4,18.0,183.49,3,Divorced,Mobile,No
CUST-02276,26.0,Male,72,91.64,6645.76,Month-to-Month,Electronic Check,Fiber Optic,Yes,No,0,4.0,2,34.7,29.0,93.88,1,Single,Desktop,No
CUST-02277,51.0,Male,10,51.32,501.6,Month-to-Month,Electronic Check,Fiber Optic,No,Yes,1,2.0,1,31.2,57.0,269.61,2,Married,Mobile,Yes
CUST-02278,25.0,Female,10,88.05,884.0,One Year,Credit Card,DSL,No,No Internet,1,4.0,2,17.3,37.0,263.9,2,Married,Desktop,No
CUST-02279,51.0,Female,18,109.62,2001.05,Month-to-Month,Credit Card,DSL,Yes,No,1,2.0,3,65.3,11.0,92.01,3,Single,Desktop,Yes
CUST-02280,48.0,Female,11,19.09,98.72,Month-to-Month,Credit Card,DSL,Yes,Yes,1,2.0,2,20.6,,64.9,0,Married,Desktop,No
CUST-02281,18.0,Male,1,105.01,105.34,Two Year,Mailed Check,Fiber Optic,Yes,No,0,2.0,1,4.1,18.0,293.64,0,Married,Tablet,No
CUST-02282,32.0,Male,31,39.86,1215.18,Month-to-Month,Bank Transfer,DSL,No,Yes,2,2.0,2,27.0,8.0,142.07,2,Married,Mobile,Yes
CUST-02283,58.0,Female,33,63.59,2159.56,One Year,Credit Card,Fiber Optic,Yes,No,1,4.0,3,10.6,16.0,299.29,2,Single,Mobile,No
CUST-02284,28.0,Male,32,103.23,3339.72,Month-to-Month,Bank Transfer,DSL,Yes,Yes,0,5.0,5,10.5,18.0,76.12,0,Divorced,Desktop,No
CUST-02285,35.0,Female,10,100.39,922.55,Month-to-Month,Credit Card,DSL,No Internet,Yes,2,4.0,2,26.8,60.0,30.4,3,Married,Mobile,Yes
CUST-02286,48.0,Female,17,107.19,1885.36,Month-to-Month,Credit Card,Fiber Optic,Yes,No,1,4.0,4,11.5,43.0,2.3,1,Married,Mobile,Yes
CUST-02287,52.0,Female,10,112.04,1142.88,One Year,Bank Transfer,Fiber Optic,No,No,2,4.0,5,5.9,6.0,93.66,3,Married,Desktop,No
CUST-02288,38.0,Female,1,62.72,0.0,One Year,Bank Transfer,Fiber Optic,No Internet,No,2,5.0,3,39.6,11.0,175.45,6,Married,Tablet,No
CUST-02289,33.0,Female,19,83.64,1591.95,One Year,Electronic Check,DSL,Yes,No,3,3.0,1,1.1,26.0,74.63,1,Divorced,Desktop,Yes
CUST-02290,61.0,Male,3,57.05,222.89,One Year,Electronic Check,DSL,No,No,1,4.0,4,16.1,25.0,172.73,0,Divorced,Tablet,No
CUST-02291,66.0,Female,2,53.07,45.44,Month-to-Month,Electronic Check,None,No,No,4,2.0,4,23.1,23.0,16.91,2,Divorced,Mobile,Yes
CUST-02292,55.0,Male,33,61.16,2087.16,Month-to-Month,Bank Transfer,DSL,No Internet,Yes,1,3.0,4,1.0,91.0,291.15,1,Single,Desktop,No
CUST-02293,43.0,Male,1,92.31,16.68,Month-to-Month,Electronic Check,Fiber Optic,No Internet,No,1,2.0,5,4.0,35.0,104.21,0,Divorced,Desktop,No
CUST-02294,30.0,Male,72,68.14,4866.52,One Year,Bank Transfer,Fiber Optic,No,Yes,1,1.0,2,3.8,,291.99,1,Married,Mobile,No
CUST-02295,30.0,Female,17,99.41,1642.83,One Year,Bank Transfer,DSL,Yes,Yes,3,2.0,2,33.0,84.0,160.38,0,Married,Mobile,Yes
CUST-02296,49.0,Male,72,92.52,6730.29,Month-to-Month,Bank Transfer,Fiber Optic,No,No,2,5.0,3,15.8,,139.88,0,Single,Tablet,No
CUST-02297,47.0,Male,1,20.05,0.0,Month-to-Month,Bank Transfer,None,No Internet,No,6,1.0,3,3.7,26.0,26.88,2,Single,Mobile,No
CUST-02298,61.0,Male,21,81.02,1643.28,One Year,Credit Card,None,Yes,No Internet,1,4.0,4,36.1,51.0,25.43,1,Married,Desktop,No
CUST-02299,51.0,Female,10,61.66,638.86,Two Year,Credit Card,Fiber Optic,No Internet,No,2,5.0,2,4.2,7.0,154.11,4,Married,Mobile,No
CUST-02300,20.0,Female,44,63.66,2834.1,One Year,Bank Transfer,Fiber Optic,No Internet,No,1,3.0,3,16.3,21.0,95.52,1,Married,Mobile,No
CUST-02301,56.0,Female,10,99.84,1031.78,Month-to-Month,Bank Transfer,DSL,Yes,Yes,3,4.0,5,,58.0,55.87,0,Married,Tablet,Yes
CUST-02302,,Female,7,72.76,495.75,One Year,Bank Transfer,Fiber Optic,No,,2,3.0,1,1.5,40.0,40.61,0,Married,Mobile,No
CUST-02303,36.0,Male,46,106.56,4914.49,One Year,Mailed Check,DSL,Yes,Yes,2,3.0,2,21.0,12.0,167.6,3,Married,Desktop,No
CUST-02304,45.0,Male,11,89.28,949.57,Month-to-Month,Electronic Check,None,No,Yes,2,5.0,2,6.0,26.0,90.37,2,Married,Desktop,Yes
CUST-02305,69.0,Female,1,73.28,157.02,One Year,Mailed Check,DSL,No,No Internet,3,1.0,1,6.7,0.0,241.76,2,Married,Tablet,No
CUST-02306,80.0,Male,11,93.45,1085.16,Month-to-Month,Electronic Check,Fiber Optic,No,Yes,1,3.0,1,3.6,1.0,26.97,1,Single,Desktop,Yes
CUST-02307,50.0,Male,25,21.83,599.9,Month-to-Month,Credit Card,Fiber Optic,No,No,1,2.0,2,24.5,3.0,2.44,4,Married,Desktop,Yes
CUST-02308,39.0,Male,7,20.71,184.68,Two Year,Mailed Check,Fiber Optic,No,Yes,0,3.0,1,2.6,35.0,282.59,0,Single,Desktop,No
CUST-02309,49.0,Female,13,26.33,368.28,Two Year,Mailed Check,DSL,No,Yes,3,4.0,2,3.7,29.0,5.18,3,Divorced,Desktop,No
CUST-02310,54.0,Male,1,61.76,0.0,Month-to-Month,Bank Transfer,DSL,No,No,0,5.0,1,7.8,74.0,257.99,4,Single,Mobile,No
CUST-02311,37.0,Female,21,41.55,904.22,Month-to-Month,Credit Card,Fiber Optic,No Internet,No,1,2.0,4,2.4,36.0,264.11,5,Married,Mobile,No
CUST-02312,,Male,33,116.43,,One Year,Credit Card,Fiber Optic,No,No,1,1.0,3,1.8,16.0,284.05,2,Single,Mobile,No
CUST-02313,45.0,Female,12,72.23,929.93,Month-to-Month,Electronic Check,Fiber Optic,No,Yes,2,2.0,4,11.1,60.0,148.44,1,Single,Mobile,Yes
CUST-02314,48.0,Male,13,84.24,1135.49,Month-to-Month,Credit Card,Fiber Optic,No,No,2,5.0,1,46.0,1.0,187.13,2,Single,Tablet,Yes
CUST-02315,51.0,Male,2,45.88,119.28,Month-to-Month,Electronic Check,Fiber Optic,Yes,Yes,2,3.0,1,24.3,0.0,109.88,4,Married,Mobile,No
CUST-02316,47.0,Male,5,50.18,166.69,One Year,Electronic Check,Fiber Optic,Yes,No Internet,1,3.0,2,2.9,8.0,291.52,5,Married,Desktop,Yes
CUST-02317,53.0,Female,4,51.55,,Month-to-Month,Credit Card,DSL,No,No,1,4.0,1,13.3,4.0,219.55,3,Married,Mobile,No
CUST-02318,33.0,Male,15,,1290.16,One Year,Electronic Check,DSL,No,No Internet,4,2.0,4,23.7,9.0,216.18,4,Married,Tablet,No
CUST-02319,34.0,Female,18,65.37,1189.28,Month-to-Month,Electronic Check,None,No,No,0,3.0,1,2.3,10.0,106.03,4,Single,Desktop,Yes
CUST-02320,26.0,Female,71,69.77,4932.89,Two Year,Bank Transfer,Fiber Optic,No Internet,No,1,2.0,1,1.3,18.0,90.35,3,Single,Desktop,No
CUST-02321,48.0,Female,1,77.2,63.4,Two Year,Bank Transfer,DSL,No,Yes,2,5.0,3,33.3,28.0,167.21,1,Divorced,Mobile,No
CUST-02322,52.0,Male,21,94.88,2015.43,One Year,Electronic Check,DSL,No,No Internet,1,3.0,3,4.2,13.0,24.39,2,Single,Mobile,Yes
CUST-02323,48.0,Male,17,27.04,438.07,Month-to-Month,Bank Transfer,Fiber Optic,No Internet,Yes,0,3.0,1,10.3,102.0,125.68,1,Single,Mobile,No
CUST-02324,65.0,Male,17,95.69,1632.81,Month-to-Month,Electronic Check,Fiber Optic,No,No,3,4.0,2,3.5,23.0,159.6,0,Divorced,Mobile,Yes
CUST-02325,41.0,Female,49,74.32,3565.71,One Year,Bank Transfer,None,No,No,2,1.0,2,1.0,62.0,225.06,0,Married,Mobile,No
CUST-02326,51.0,Female,5,84.91,382.93,Two Year,Credit Card,Fiber Optic,No Internet,No,3,4.0,2,10.8,48.0,171.5,2,Divorced,Mobile,No
CUST-02327,26.0,Female,1,50.76,83.56,Month-to-Month,Mailed Check,DSL,No,No,2,3.0,1,8.6,1.0,117.0,0,Married,Mobile,No
CUST-02328,36.0,Female,26,58.94,1470.93,Month-to-Month,Bank Transfer,Fiber Optic,No,No,0,2.0,3,19.4,19.0,8.38,3,Divorced,Mobile,No
CUST-02329,51.0,Male,10,41.12,473.49,Month-to-Month,Bank Transfer,DSL,No Internet,Yes,0,3.0,1,29.2,49.0,212.52,1,Married,Mobile,Yes
CUST-02330,53.0,Male,1,115.93,164.65,Month-to-Month,Electronic Check,DSL,No,No,0,5.0,2,2.3,71.0,230.35,1,Single,Mobile,Yes
CUST-02331,37.0,Female,6,67.7,392.79,Month-to-Month,Electronic Check,DSL,Yes,No,2,5.0,4,2.8,30.0,256.27,0,Married,Desktop,No
CUST-02332,40.0,Male,8,117.61,1090.82,Two Year,Credit Card,DSL,No Internet,No,0,5.0,2,45.0,80.0,59.44,0,Married,Tablet,No
CUST-02333,20.0,Male,23,66.98,1602.7,Month-to-Month,Mailed Check,None,No Internet,No,0,5.0,1,8.1,32.0,151.45,3,Single,Mobile,No
CUST-02334,37.0,Female,4,39.98,112.46,Month-to-Month,Credit Card,Fiber Optic,Yes,No Internet,2,5.0,4,45.8,7.0,138.12,2,Single,Desktop,No
CUST-02335,,Male,12,68.75,862.31,Two Year,Electronic Check,DSL,No,No Internet,1,3.0,2,6.2,24.0,228.24,1,Single,Desktop,No
CUST-02336,50.0,Female,15,21.96,332.69,Month-to-Month,Bank Transfer,Fiber Optic,No,Yes,0,4.0,2,6.4,42.0,150.89,3,Single,Desktop,No
CUST-02337,49.0,Female,14,108.48,,Two Year,Bank Transfer,Fiber Optic,No Internet,,0,3.0,3,18.4,32.0,239.35,3,Married,Desktop,Yes
CUST-02338,42.0,Female,72,99.86,7136.42,Month-to-Month,Electronic Check,None,Yes,No Internet,0,3.0,1,1.5,2.0,24.87,1,Divorced,Tablet,No
CUST-02339,42.0,Male,1,90.58,140.32,Two Year,Electronic Check,None,No,Yes,0,5.0,3,8.0,8.0,16.1,0,Single,Desktop,No
CUST-02340,32.0,Male,72,78.98,5656.66,Month-to-Month,Electronic Check,DSL,No,No,2,2.0,1,7.2,34.0,80.01,0,Divorced,Tablet,No
CUST-02341,51.0,Female,20,75.98,,Two Year,Bank Transfer,None,No,No Internet,1,3.0,2,1.0,22.0,142.29,5,Married,Mobile,No
CUST-02342,,Male,38,117.67,4425.41,Month-to-Month,Mailed Check,DSL,No Internet,No,0,5.0,3,5.6,0.0,225.37,4,Married,Mobile,No
CUST-02343,48.0,Male,13,45.8,557.99,Month-to-Month,Bank Transfer,DSL,No Internet,No,0,4.0,3,7.6,40.0,109.65,1,Single,Mobile,Yes
CUST-02344,34.0,Male,14,95.97,1337.23,Month-to-Month,Bank Transfer,DSL,Yes,No,0,1.0,3,1.0,2.0,222.34,0,Divorced,Mobile,No
CUST-02345,18.0,Male,50,76.14,3826.41,Month-to-Month,Mailed Check,DSL,Yes,Yes,1,2.0,1,1.0,6.0,249.42,1,Married,Mobile,No
CUST-02346,57.0,Male,54,115.59,6112.44,Month-to-Month,Credit Card,None,Yes,Yes,1,4.0,3,13.7,70.0,150.77,2,Single,Tablet,No
CUST-02347,35.0,Female,6,100.78,605.53,Two Year,Credit Card,Fiber Optic,No,No Internet,2,4.0,3,3.5,11.0,287.43,2,Married,Desktop,Yes
CUST-02348,29.0,Male,5,117.85,551.94,Month-to-Month,Mailed Check,Fiber Optic,No,Yes,2,4.0,3,6.8,1.0,45.67,3,Married,Desktop,Yes
CUST-02349,,Male,16,76.83,1299.4,One Year,Mailed Check,None,No,No Internet,3,3.0,5,1.3,0.0,88.69,1,Married,Desktop,No
CUST-02350,36.0,Female,55,38.45,2261.89,Month-to-Month,Electronic Check,Fiber Optic,Yes,No,3,3.0,2,1.6,82.0,299.27,3,Single,Mobile,No
CUST-02351,56.0,Female,9,68.37,597.37,Two Year,Bank Transfer,DSL,Yes,No,3,4.0,3,2.5,13.0,50.03,6,Single,Mobile,Yes
CUST-02352,50.0,Male,25,89.11,2141.64,One Year,Bank Transfer,Fiber Optic,Yes,No,2,5.0,3,1.0,29.0,273.4,2,Married,Desktop,No
CUST-02353,51.0,Male,29,95.44,2773.6,Two Year,Credit Card,None,No,No,2,3.0,2,21.6,16.0,276.06,4,Married,Desktop,No
CUST-02354,22.0,Female,36,18.05,639.53,Month-to-Month,Bank Transfer,None,No,No Internet,1,2.0,3,35.5,7.0,191.83,1,Married,Desktop,Yes
CUST-02355,58.0,Female,19,68.5,1400.07,Month-to-Month,Bank Transfer,Fiber Optic,No,No Internet,0,4.0,2,11.1,63.0,14.69,1,Divorced,Mobile,No
CUST-02356,45.0,Female,12,41.52,581.57,Month-to-Month,Credit Card,None,Yes,No,1,1.0,3,25.4,89.0,152.81,4,Single,Mobile,No
CUST-02357,36.0,Female,72,105.49,7638.55,One Year,Bank Transfer,None,No,No,2,4.0,3,2.2,132.0,20.77,1,Married,Desktop,No
CUST-02358,44.0,Male,22,33.29,703.05,One Year,Bank Transfer,DSL,No Internet,No,2,2.0,2,8.9,1.0,99.46,0,Married,Desktop,No
CUST-02359,18.0,Female,31,84.65,2658.04,One Year,Electronic Check,Fiber Optic,Yes,Yes,1,3.0,2,2.3,1.0,5.19,0,Married,Mobile,No
CUST-02360,47.0,Male,10,44.61,459.35,Month-to-Month,Bank Transfer,DSL,No,Yes,2,4.0,1,80.4,58.0,13.76,1,Married,Desktop,Yes
CUST-02361,27.0,Female,26,53.65,1406.97,One Year,Mailed Check,Fiber Optic,Yes,No,1,3.0,1,1.0,5.0,209.16,0,Married,Desktop,No
CUST-02362,23.0,Female,7,112.06,706.51,Two Year,Bank Transfer,None,Yes,No,0,5.0,1,8.8,24.0,294.67,1,Single,Tablet,No
CUST-02363,20.0,Female,6,42.04,305.33,Month-to-Month,Bank Transfer,Fiber Optic,No,Yes,1,3.0,3,1.8,26.0,234.77,1,Married,Desktop,Yes
CUST-02364,57.0,Male,30,27.5,830.39,Month-to-Month,Electronic Check,Fiber Optic,No,Yes,2,2.0,3,1.1,32.0,118.81,3,Married,Mobile,Yes
CUST-02365,,Male,17,24.93,418.77,One Year,Credit Card,None,No,No,3,3.0,3,19.9,1.0,101.21,2,Divorced,Tablet,No
CUST-02366,63.0,Female,27,68.46,1818.41,Month-to-Month,Bank Transfer,DSL,No Internet,Yes,3,5.0,4,1.3,11.0,298.17,3,Single,Mobile,No
CUST-02367,34.0,Female,7,82.17,535.51,One Year,Electronic Check,DSL,No,No,1,5.0,2,1.0,21.0,69.53,2,Married,Tablet,No
CUST-02368,18.0,Female,21,50.73,1081.19,One Year,Bank Transfer,DSL,No,No,1,3.0,4,44.8,5.0,11.6,2,Married,Desktop,No
CUST-02369,26.0,Male,14,87.03,1130.96,Two Year,Mailed Check,Fiber Optic,No,Yes,3,3.0,1,3.1,86.0,78.36,0,Single,Mobile,No
CUST-02370,59.0,Male,21,24.1,545.57,Two Year,Electronic Check,None,Yes,Yes,1,3.0,1,27.9,52.0,102.5,3,Married,Mobile,No
CUST-02371,39.0,Female,8,103.73,777.13,One Year,Credit Card,Fiber Optic,No,No,0,4.0,1,45.9,4.0,146.4,2,Married,Mobile,No
CUST-02372,34.0,Male,30,,2886.87,Month-to-Month,Bank Transfer,None,Yes,No,4,5.0,3,20.9,33.0,209.35,2,Single,Mobile,No
CUST-02373,44.0,Female,39,116.55,4636.54,Month-to-Month,Electronic Check,Fiber Optic,Yes,No Internet,0,4.0,3,1.6,15.0,196.82,3,Divorced,Desktop,No
CUST-02374,49.0,Male,7,111.65,738.65,Two Year,Electronic Check,Fiber Optic,Yes,Yes,5,5.0,4,2.8,11.0,188.57,1,Married,Desktop,No
CUST-02375,57.0,Female,8,53.62,392.85,One Year,Mailed Check,Fiber Optic,Yes,No,1,4.0,2,3.0,10.0,266.43,5,Divorced,Tablet,No
CUST-02376,62.0,Female,25,57.93,1504.98,One Year,Electronic Check,None,No,No,3,2.0,1,15.9,32.0,174.19,3,Single,Mobile,Yes
CUST-02377,36.0,Female,28,92.6,2685.52,Month-to-Month,Credit Card,DSL,No Internet,Yes,0,5.0,1,3.0,70.0,52.77,2,Single,Mobile,Yes
CUST-02378,23.0,Male,29,31.41,834.24,Month-to-Month,Credit Card,DSL,No Internet,No,0,2.0,4,1.0,54.0,108.29,2,Single,Mobile,No
CUST-02379,36.0,Female,27,49.4,1285.99,Month-to-Month,Electronic Check,DSL,No,No,2,3.0,1,9.2,12.0,201.72,1,Married,Desktop,Yes
CUST-02380,45.0,Male,11,29.85,284.22,Month-to-Month,Credit Card,None,Yes,No,1,5.0,3,13.3,36.0,157.57,1,Married,Desktop,Yes
CUST-02381,28.0,Female,12,63.49,808.62,One Year,Electronic Check,None,Yes,No,2,5.0,1,9.3,,173.66,2,Married,Mobile,No
CUST-02382,28.0,Male,7,73.2,594.36,One Year,Electronic Check,Fiber Optic,Yes,No Internet,1,3.0,1,10.1,17.0,89.49,1,Married,Tablet,No
CUST-02383,46.0,Male,4,39.12,102.47,Month-to-Month,Electronic Check,None,Yes,Yes,2,3.0,1,9.2,10.0,86.46,1,Married,Mobile,Yes
CUST-02384,41.0,Male,28,20.66,649.22,One Year,Bank Transfer,Fiber Optic,No,Yes,0,3.0,2,4.6,2.0,135.11,2,Single,Mobile,No
CUST-02385,42.0,Male,2,89.94,144.43,Two Year,Electronic Check,Fiber Optic,No Internet,No,2,3.0,2,46.8,6.0,10.17,2,Married,Mobile,No
CUST-02386,31.0,Female,66,20.0,1336.81,One Year,Credit Card,None,No,No,1,4.0,1,27.3,25.0,129.82,1,Married,Desktop,No
CUST-02387,38.0,Male,42,115.34,4780.71,One Year,Electronic Check,Fiber Optic,,No Internet,4,5.0,5,5.8,39.0,147.29,4,Married,Tablet,No
CUST-02388,29.0,Female,46,40.16,1841.26,Month-to-Month,Electronic Check,Fiber Optic,No,No Internet,2,5.0,1,1.0,1.0,18.07,0,Single,Desktop,No
CUST-02389,54.0,Female,56,84.39,4720.28,Two Year,Bank Transfer,DSL,No,Yes,1,4.0,3,29.3,14.0,9.83,2,Single,Mobile,No
CUST-02390,56.0,Male,12,61.48,722.0,Month-to-Month,Credit Card,DSL,No Internet,No,1,3.0,2,20.3,5.0,2.71,5,Married,Desktop,Yes
CUST-02391,18.0,Female,45,23.97,1097.9,Two Year,Electronic Check,Fiber Optic,No,No,1,3.0,1,1.3,27.0,108.53,1,Divorced,Desktop,No
CUST-02392,28.0,Male,4,65.22,210.53,One Year,Bank Transfer,DSL,No,No,1,4.0,1,18.0,59.0,149.48,0,Married,Desktop,No
CUST-02393,21.0,Male,1,69.68,25.49,Two Year,Credit Card,Fiber Optic,No,Yes,0,4.0,3,9.0,79.0,51.84,2,Married,Mobile,No
CUST-02394,32.0,Male,36,103.47,3746.81,Two Year,Mailed Check,Fiber Optic,,Yes,1,2.0,2,2.1,64.0,268.68,0,Married,Mobile,No
CUST-02395,40.0,Female,1,91.23,158.33,One Year,Electronic Check,Fiber Optic,No Internet,No,2,3.0,2,19.3,61.0,174.99,3,Married,Mobile,No
CUST-02396,21.0,Male,72,25.93,1865.82,Month-to-Month,Electronic Check,Fiber Optic,Yes,No,1,2.0,2,6.6,27.0,179.27,1,Single,Mobile,No
CUST-02397,29.0,Female,26,38.92,,Month-to-Month,Bank Transfer,None,No,No Internet,3,3.0,3,36.2,8.0,19.73,0,Single,Desktop,Yes
CUST-02398,27.0,Female,33,49.19,1661.17,Month-to-Month,Mailed Check,DSL,No,No,1,2.0,3,1.0,41.0,24.1,2,Single,Mobile,Yes
CUST-02399,44.0,Female,6,29.64,219.37,Month-to-Month,Electronic Check,Fiber Optic,No,No,2,4.0,1,41.5,38.0,151.41,2,Divorced,Mobile,No
CUST-02400,42.0,Male,26,63.69,1608.26,Month-to-Month,Bank Transfer,None,Yes,No Internet,0,3.0,3,1.4,5.0,228.76,1,Married,Mobile,No
CUST-02401,31.0,Female,1,116.43,77.58,One Year,Electronic Check,DSL,Yes,No,1,3.0,2,1.0,6.0,251.6,0,Married,Desktop,No
CUST-02402,44.0,Female,43,69.46,2952.28,Month-to-Month,Credit Card,DSL,No,Yes,1,4.0,1,13.1,3.0,162.32,1,Single,Mobile,No
CUST-02403,34.0,Female,4,92.19,465.19,Month-to-Month,Credit Card,Fiber Optic,No,No,1,3.0,1,14.1,20.0,176.76,2,Single,Tablet,No
CUST-02404,38.0,Female,28,86.29,2441.53,Two Year,Credit Card,Fiber Optic,Yes,Yes,0,3.0,1,3.3,11.0,184.33,2,Married,Desktop,No
CUST-02405,65.0,Female,6,102.99,641.11,One Year,Credit Card,DSL,No Internet,No Internet,5,4.0,3,31.3,69.0,93.12,0,Single,Mobile,No
CUST-02406,60.0,Male,1,39.57,57.88,Two Year,Electronic Check,Fiber Optic,No,No,1,1.0,2,24.3,1.0,292.62,2,Married,Mobile,Yes
CUST-02407,23.0,Male,15,93.38,1334.66,Month-to-Month,Credit Card,Fiber Optic,No,Yes,2,3.0,1,5.0,11.0,292.74,2,Married,Mobile,No
CUST-02408,53.0,Male,4,,521.47,One Year,Electronic Check,Fiber Optic,No,Yes,4,2.0,1,8.8,62.0,187.44,1,Married,Desktop,Yes
CUST-02409,,Male,31,35.15,1113.61,Month-to-Month,Bank Transfer,Fiber Optic,Yes,No,2,1.0,1,22.9,207.0,113.64,3,Divorced,Mobile,Yes
CUST-02410,25.0,Male,6,52.68,352.24,Month-to-Month,Bank Transfer,Fiber Optic,No Internet,No,2,1.0,2,26.9,38.0,254.88,3,Single,Desktop,No
CUST-02411,53.0,Male,10,115.01,1061.82,One Year,Bank Transfer,Fiber Optic,No Internet,No,1,2.0,3,23.9,69.0,52.6,2,Married,Mobile,Yes
CUST-02412,63.0,Male,20,96.08,1960.58,Month-to-Month,Bank Transfer,Fiber Optic,No,No,1,3.0,3,4.7,0.0,181.07,3,Divorced,Mobile,No
CUST-02413,26.0,Female,8,46.26,352.27,Month-to-Month,Bank Transfer,Fiber Optic,No,Yes,1,4.0,4,21.7,44.0,236.75,1,Single,Mobile,No
CUST-02414,29.0,Male,11,74.39,752.15,One Year,Bank Transfer,Fiber Optic,No,Yes,3,4.0,2,15.0,18.0,1.23,2,Married,Desktop,Yes
CUST-02415,56.0,Female,40,58.43,2289.51,One Year,Electronic Check,None,No,No,2,4.0,1,11.2,35.0,129.53,2,Married,Tablet,No
CUST-02416,45.0,Female,4,67.0,204.76,One Year,Electronic Check,Fiber Optic,No,Yes,3,3.0,4,49.7,16.0,78.58,2,Divorced,Tablet,No
CUST-02417,49.0,Female,2,53.52,42.95,Month-to-Month,Electronic Check,Fiber Optic,No,No Internet,3,1.0,3,13.7,25.0,239.48,2,Divorced,Mobile,Yes
CUST-02418,46.0,Female,9,45.93,416.4,Month-to-Month,Electronic Check,DSL,Yes,Yes,4,3.0,3,30.5,9.0,277.08,1,Divorced,Desktop,No
CUST-02419,47.0,Male,13,85.48,1091.9,Month-to-Month,Electronic Check,None,No,No,1,4.0,4,20.9,25.0,51.97,5,Married,Mobile,Yes
CUST-02420,23.0,Male,18,95.85,1742.0,Two Year,Credit Card,Fiber Optic,No,Yes,2,3.0,3,1.0,10.0,53.91,1,Single,Tablet,No
CUST-02421,56.0,Male,11,105.4,1243.2,Two Year,Mailed Check,Fiber Optic,Yes,Yes,1,4.0,2,4.7,9.0,288.57,3,Single,Mobile,No
CUST-02422,58.0,Male,37,33.53,1234.13,Month-to-Month,Bank Transfer,Fiber Optic,No,No Internet,1,4.0,2,14.1,11.0,153.59,0,Married,Mobile,No
CUST-02423,38.0,Female,1,100.29,0.0,Month-to-Month,Electronic Check,DSL,No,No,1,3.0,3,8.7,6.0,29.34,5,Married,Tablet,No
CUST-02424,41.0,Female,13,43.48,553.14,One Year,Electronic Check,Fiber Optic,No,No,2,4.0,2,46.7,7.0,22.82,2,Single,Mobile,No
CUST-02425,20.0,Male,11,60.73,727.7,Month-to-Month,Electronic Check,DSL,Yes,Yes,3,2.0,2,13.1,80.0,289.29,2,Married,Tablet,Yes
CUST-02426,49.0,Male,25,108.14,2699.2,Two Year,Mailed Check,Fiber Optic,No,Yes,1,4.0,5,39.7,18.0,129.59,3,Married,Desktop,No
CUST-02427,50.0,Male,72,63.45,4644.87,One Year,Credit Card,DSL,No,No,1,1.0,5,3.5,28.0,282.65,2,Divorced,Mobile,No
CUST-02428,41.0,Male,17,37.71,663.72,Month-to-Month,Bank Transfer,DSL,No,No,0,1.0,1,34.2,25.0,173.06,1,Single,Desktop,No
CUST-02429,57.0,Female,72,33.99,2355.37,Month-to-Month,Credit Card,DSL,No,Yes,2,5.0,2,11.6,9.0,216.65,2,Single,Mobile,No
CUST-02430,37.0,Male,8,65.3,527.88,One Year,Credit Card,Fiber Optic,No,No,2,4.0,3,3.6,0.0,83.71,1,Married,Mobile,No
CUST-02431,49.0,Female,1,94.27,109.12,Month-to-Month,Electronic Check,Fiber Optic,No,No,0,,1,7.4,3.0,20.26,3,Single,Mobile,No
CUST-02432,27.0,Male,4,117.72,524.9,One Year,Credit Card,DSL,No,No,4,4.0,1,52.0,53.0,235.85,2,Single,Tablet,No
CUST-02433,,Male,12,96.74,1251.86,Month-to-Month,Mailed Check,Fiber Optic,Yes,Yes,0,3.0,2,48.1,3.0,50.48,1,Single,Desktop,No
CUST-02434,39.0,Female,9,105.7,996.69,Month-to-Month,Electronic Check,Fiber Optic,,No,2,3.0,1,1.0,6.0,214.9,4,Single,Desktop,Yes
CUST-02435,45.0,Female,2,92.78,207.58,One Year,Bank Transfer,Fiber Optic,No,No Internet,1,5.0,4,5.5,73.0,22.66,1,Divorced,Tablet,No
CUST-02436,36.0,Female,13,107.54,1431.83,Month-to-Month,Bank Transfer,DSL,No,No,1,3.0,4,34.4,49.0,172.6,1,Married,Desktop,Yes
CUST-02437,40.0,Female,9,25.63,222.27,Month-to-Month,Credit Card,DSL,Yes,Yes,2,3.0,3,1.0,1.0,225.95,3,Single,Tablet,No
CUST-02438,53.0,Male,3,110.99,259.83,Month-to-Month,Mailed Check,None,Yes,No,1,5.0,4,47.2,30.0,5.75,1,Married,Mobile,No
CUST-02439,35.0,Male,8,57.64,463.19,One Year,Electronic Check,None,Yes,No Internet,1,2.0,3,7.4,21.0,116.52,1,Married,Mobile,No
CUST-02440,19.0,Female,52,110.16,5746.58,One Year,Bank Transfer,Fiber Optic,Yes,No,2,2.0,1,1.8,13.0,176.52,2,Divorced,Mobile,No
CUST-02441,66.0,Female,8,25.57,144.38,Month-to-Month,Credit Card,Fiber Optic,No,No,3,2.0,1,5.4,20.0,239.49,0,Single,Mobile,No
CUST-02442,61.0,Female,30,89.52,2751.93,One Year,Bank Transfer,Fiber Optic,Yes,Yes,2,2.0,4,24.8,4.0,77.41,2,Married,Desktop,No
CUST-02443,23.0,Male,22,91.57,2064.81,Month-to-Month,Credit Card,DSL,No,No Internet,0,,3,96.9,,244.87,3,Divorced,Mobile,Yes
CUST-02444,51.0,Female,13,,1461.38,Month-to-Month,Electronic Check,None,No Internet,No,2,4.0,2,2.2,5.0,194.37,3,Married,Desktop,Yes
CUST-02445,34.0,Male,6,94.89,637.63,One Year,Electronic Check,DSL,Yes,Yes,4,4.0,3,15.2,6.0,104.03,1,Married,Mobile,No
CUST-02446,45.0,Female,11,56.26,603.44,One Year,Bank Transfer,Fiber Optic,No Internet,No,0,4.0,1,38.9,13.0,89.87,4,Single,Mobile,No
CUST-02447,46.0,Female,21,73.72,1509.2,Month-to-Month,Mailed Check,Fiber Optic,No,Yes,2,4.0,2,34.5,7.0,210.61,2,Single,Mobile,No
CUST-02448,38.0,Male,10,54.66,600.56,Month-to-Month,Credit Card,Fiber Optic,No Internet,No,3,3.0,2,7.3,11.0,217.22,2,Divorced,Desktop,No
CUST-02449,31.0,Female,5,37.6,185.45,Month-to-Month,Bank Transfer,Fiber Optic,Yes,No,1,3.0,1,30.1,1.0,191.12,1,Married,Desktop,No
CUST-02450,32.0,Male,2,42.85,180.66,Two Year,Electronic Check,Fiber Optic,No Internet,No,1,5.0,3,3.2,28.0,133.24,4,Married,Mobile,No
CUST-02451,29.0,Female,50,40.2,1967.36,Month-to-Month,Credit Card,DSL,No Internet,No,1,3.0,3,15.0,8.0,6.61,1,Single,Mobile,No
CUST-02452,30.0,Male,13,72.88,860.86,Month-to-Month,Bank Transfer,DSL,No Internet,No,1,5.0,3,13.7,106.0,172.2,1,Single,Mobile,Yes
CUST-02453,41.0,Female,23,108.62,2484.24,Month-to-Month,Electronic Check,None,No,Yes,1,3.0,2,22.9,3.0,183.66,3,Single,Mobile,Yes
CUST-02454,31.0,Male,16,109.27,1787.78,Month-to-Month,Bank Transfer,Fiber Optic,Yes,No,2,2.0,3,3.9,2.0,72.07,3,Married,Mobile,Yes
CUST-02455,51.0,Female,49,23.48,1104.16,One Year,Bank Transfer,None,Yes,Yes,0,3.0,4,14.9,5.0,,0,Single,Mobile,No
CUST-02456,62.0,Female,19,25.99,427.3,Month-to-Month,Electronic Check,Fiber Optic,No Internet,Yes,2,3.0,2,14.1,23.0,259.29,0,Married,Mobile,Yes
CUST-02457,33.0,Male,15,42.51,649.1,One Year,Bank Transfer,Fiber Optic,Yes,No Internet,2,5.0,2,1.3,41.0,53.96,2,Single,Desktop,No
CUST-02458,45.0,Male,62,43.51,2624.44,Month-to-Month,Credit Card,Fiber Optic,No,Yes,4,2.0,3,6.0,24.0,62.94,1,Married,Tablet,No
CUST-02459,48.0,Female,30,27.49,840.03,Month-to-Month,Credit Card,DSL,Yes,No,1,4.0,3,3.5,59.0,186.85,2,Married,Desktop,No
CUST-02460,48.0,Male,2,56.85,96.67,Month-to-Month,Bank Transfer,Fiber Optic,No,No Internet,1,2.0,2,117.1,27.0,95.74,2,Single,Mobile,No
CUST-02461,43.0,Female,4,76.77,331.8,Month-to-Month,Credit Card,None,No,No,0,4.0,4,70.0,4.0,132.34,3,Married,Desktop,Yes
CUST-02462,52.0,Male,37,75.82,2736.15,Month-to-Month,Mailed Check,None,No Internet,No,1,3.0,2,4.4,6.0,159.03,1,Married,Mobile,Yes
CUST-02463,48.0,Female,43,72.34,3175.53,One Year,Electronic Check,Fiber Optic,No Internet,Yes,2,4.0,3,24.8,13.0,279.31,5,Married,Desktop,No
CUST-02464,24.0,Male,18,51.87,924.51,One Year,Bank Transfer,Fiber Optic,No,No,1,5.0,3,25.4,75.0,78.16,2,Married,Desktop,No
CUST-02465,54.0,Male,19,88.65,1722.53,Month-to-Month,Electronic Check,None,No,No,2,3.0,2,41.2,18.0,13.36,2,Single,Mobile,Yes
CUST-02466,54.0,Male,23,100.65,2362.94,Month-to-Month,Bank Transfer,Fiber Optic,No,,1,5.0,1,2.1,62.0,34.75,3,Married,Mobile,Yes
CUST-02467,31.0,Male,13,52.63,626.32,Month-to-Month,Credit Card,None,Yes,Yes,3,3.0,4,16.5,2.0,15.48,1,Married,Desktop,No
CUST-02468,42.0,Male,27,26.55,760.96,One Year,Electronic Check,Fiber Optic,No Internet,No,2,5.0,2,3.5,34.0,226.24,1,Married,Mobile,No
CUST-02469,51.0,Female,2,47.63,24.01,Two Year,Electronic Check,None,No,No Internet,1,3.0,1,16.1,18.0,294.28,1,Divorced,Mobile,No
CUST-02470,39.0,Female,72,31.74,2216.77,Two Year,Credit Card,DSL,,Yes,2,5.0,5,30.9,5.0,24.07,1,Single,Mobile,No
CUST-02471,57.0,Female,33,64.74,2234.62,One Year,Bank Transfer,Fiber Optic,Yes,Yes,0,3.0,2,1.3,2.0,85.36,2,Married,Mobile,No
CUST-02472,75.0,Female,23,33.59,828.16,Month-to-Month,Credit Card,DSL,No,Yes,0,4.0,2,15.2,11.0,256.13,3,Single,Mobile,No
CUST-02473,30.0,Male,9,64.28,682.2,One Year,Bank Transfer,Fiber Optic,No,No,0,5.0,2,11.6,51.0,269.25,1,Single,Tablet,No
CUST-02474,22.0,Female,4,40.1,141.89,Month-to-Month,Bank Transfer,Fiber Optic,Yes,No,1,5.0,2,2.9,30.0,64.89,1,Married,Tablet,No
CUST-02475,46.0,Male,12,91.87,1107.56,One Year,Electronic Check,DSL,No Internet,Yes,3,3.0,1,4.1,18.0,275.68,7,Married,Mobile,Yes
CUST-02476,52.0,Female,26,20.76,566.13,Month-to-Month,Credit Card,Fiber Optic,Yes,,0,3.0,3,11.0,56.0,173.37,4,Single,Desktop,No
CUST-02477,,Male,24,73.47,1762.67,Month-to-Month,Credit Card,DSL,No,No,0,4.0,1,29.5,5.0,298.51,2,Single,Mobile,No
CUST-02478,62.0,Male,11,34.95,347.14,Month-to-Month,Bank Transfer,DSL,No,No,2,4.0,3,16.9,9.0,6.74,3,Single,Mobile,Yes
CUST-02479,23.0,Male,22,18.1,353.4,Month-to-Month,Electronic Check,DSL,No Internet,Yes,0,4.0,4,1.0,24.0,235.78,0,Single,Mobile,Yes
CUST-02480,51.0,Female,40,104.92,4207.49,One Year,Bank Transfer,Fiber Optic,No Internet,No,0,5.0,1,2.0,26.0,16.59,4,Single,Desktop,No
CUST-02481,33.0,Male,1,85.15,31.81,One Year,Bank Transfer,DSL,No Internet,No Internet,1,1.0,3,32.1,11.0,220.33,2,Married,Mobile,No
CUST-02482,66.0,Female,14,27.89,335.72,Two Year,Bank Transfer,DSL,Yes,No Internet,1,4.0,3,15.9,21.0,283.19,2,Married,Desktop,No
CUST-02483,69.0,Male,34,84.41,2889.62,Two Year,Electronic Check,DSL,No Internet,No,1,3.0,1,1.0,3.0,98.03,0,Married,Mobile,No
CUST-02484,31.0,Female,18,79.16,1420.12,Month-to-Month,Bank Transfer,DSL,Yes,No,2,,3,13.6,0.0,101.66,4,Married,Desktop,No
CUST-02485,34.0,Female,25,,1680.36,Month-to-Month,Credit Card,DSL,Yes,Yes,2,1.0,2,2.8,70.0,71.79,2,Single,Tablet,Yes
CUST-02486,54.0,Male,17,59.93,997.56,One Year,Credit Card,Fiber Optic,Yes,No Internet,3,4.0,1,37.9,17.0,129.39,2,Single,Mobile,Yes
CUST-02487,36.0,Female,72,106.71,7654.06,Two Year,Credit Card,Fiber Optic,No Internet,No,1,2.0,2,2.0,7.0,141.84,1,Single,Tablet,No
CUST-02488,41.0,Female,1,42.51,63.69,Month-to-Month,Bank Transfer,None,No,No,3,4.0,5,1.2,12.0,171.56,6,Divorced,Desktop,Yes
CUST-02489,42.0,Female,16,57.83,884.68,Month-to-Month,Credit Card,DSL,No,No Internet,0,5.0,3,15.5,21.0,206.53,2,Married,Desktop,Yes
CUST-02490,18.0,Female,2,50.91,68.91,Month-to-Month,Credit Card,None,Yes,Yes,1,2.0,2,23.6,87.0,185.34,2,Single,Mobile,Yes
CUST-02491,41.0,Female,4,95.12,349.56,Two Year,Electronic Check,Fiber Optic,Yes,Yes,0,4.0,3,4.8,38.0,29.68,3,Single,Tablet,No
CUST-02492,32.0,Female,11,109.65,1195.66,Two Year,Bank Transfer,Fiber Optic,No,No,1,4.0,3,5.4,88.0,189.64,1,Married,Mobile,No
CUST-02493,35.0,Male,4,102.98,500.54,Month-to-Month,Electronic Check,DSL,Yes,No,2,3.0,1,6.6,3.0,57.81,2,Married,Desktop,Yes
CUST-02494,62.0,Female,72,97.77,6970.6,Two Year,Bank Transfer,DSL,No,No,1,4.0,2,21.8,5.0,160.42,4,Divorced,Desktop,No
CUST-02495,24.0,Male,70,116.68,8232.38,Month-to-Month,Mailed Check,Fiber Optic,No,No,2,4.0,2,4.6,13.0,176.26,3,Single,Desktop,No
CUST-02496,53.0,Male,9,87.71,826.28,Month-to-Month,Mailed Check,Fiber Optic,No,Yes,4,5.0,2,1.4,8.0,130.88,0,Divorced,Desktop,Yes
CUST-02497,38.0,Female,24,93.11,2312.99,One Year,Electronic Check,None,No Internet,No,1,4.0,3,5.5,94.0,125.32,1,Divorced,Mobile,No
CUST-02498,38.0,Male,18,116.28,2249.87,Month-to-Month,Mailed Check,None,Yes,No,5,4.0,3,50.7,5.0,127.59,1,Married,Mobile,Yes
CUST-02499,53.0,Male,40,18.7,819.57,Month-to-Month,Credit Card,Fiber Optic,Yes,Yes,5,4.0,3,8.6,5.0,70.48,2,Single,Desktop,No
CUST-02500,46.0,Female,23,81.4,1918.48,Two Year,Electronic Check,Fiber Optic,No,No,2,4.0,3,12.3,20.0,240.95,2,Married,Mobile,No
CUST-02501,49.0,Female,1,91.9,26.28,One Year,Bank Transfer,Fiber Optic,No Internet,No,0,1.0,3,21.6,35.0,145.72,1,Married,Tablet,No
CUST-02502,55.0,Female,34,109.78,3673.21,Two Year,Electronic Check,None,No,No Internet,1,2.0,3,12.3,14.0,151.55,1,Single,Mobile,No
CUST-02503,37.0,Female,32,106.38,3422.17,Month-to-Month,Bank Transfer,Fiber Optic,No Internet,Yes,2,3.0,3,16.0,1.0,55.39,2,Divorced,Desktop,No
CUST-02504,33.0,Female,17,102.2,1652.5,Month-to-Month,Credit Card,DSL,No,No,1,4.0,1,31.8,43.0,142.66,5,Married,Mobile,No
CUST-02505,26.0,Male,55,112.58,6222.67,Month-to-Month,Mailed Check,Fiber Optic,Yes,No Internet,2,1.0,4,7.0,87.0,131.17,2,Married,Mobile,Yes
CUST-02506,30.0,Male,57,71.74,3982.43,Two Year,Credit Card,Fiber Optic,No,Yes,0,4.0,1,1.8,49.0,124.21,1,Married,Mobile,No
CUST-02507,80.0,Female,17,18.69,375.34,Month-to-Month,Electronic Check,Fiber Optic,Yes,No,2,1.0,2,1.5,54.0,133.84,1,Married,Mobile,No
CUST-02508,59.0,Male,22,19.11,404.33,Month-to-Month,Electronic Check,None,No,Yes,0,4.0,4,22.9,56.0,73.82,3,Single,Desktop,Yes
CUST-02509,23.0,Female,72,72.46,5223.45,Month-to-Month,Bank Transfer,Fiber Optic,Yes,No Internet,0,4.0,1,16.0,42.0,238.47,1,Married,Tablet,No
CUST-02510,23.0,Female,8,61.53,454.82,One Year,Bank Transfer,None,Yes,No,1,3.0,4,12.5,49.0,58.57,3,Single,Desktop,No
CUST-02511,48.0,Male,9,63.12,473.15,Month-to-Month,Credit Card,None,No Internet,No Internet,1,4.0,2,39.9,2.0,161.79,0,Married,Mobile,No
CUST-02512,49.0,Female,4,58.04,293.89,Month-to-Month,Mailed Check,DSL,Yes,Yes,0,5.0,1,14.8,1.0,96.73,2,Single,Desktop,No
CUST-02513,49.0,Female,54,109.77,5994.37,Month-to-Month,Mailed Check,DSL,Yes,No,2,5.0,3,1.0,2.0,215.7,5,Single,Mobile,No
CUST-02514,38.0,Male,32,53.92,1707.87,Month-to-Month,Electronic Check,Fiber Optic,No Internet,No,0,4.0,2,9.5,26.0,207.36,2,Married,Mobile,Yes
CUST-02515,40.0,Female,2,103.62,240.34,Month-to-Month,Electronic Check,None,No,No,0,3.0,3,3.6,8.0,209.49,0,Married,Tablet,Yes
CUST-02516,,Female,72,108.29,7777.34,Month-to-Month,Credit Card,DSL,No,Yes,3,2.0,3,14.6,0.0,265.6,2,Married,Mobile,No
CUST-02517,43.0,Male,31,67.95,2120.87,Two Year,Bank Transfer,Fiber Optic,No Internet,No,3,3.0,3,3.1,2.0,234.23,1,Married,Desktop,No
CUST-02518,18.0,Female,45,62.69,2859.01,Month-to-Month,Bank Transfer,Fiber Optic,No,No,2,4.0,3,15.5,2.0,98.89,2,Married,Tablet,No
CUST-02519,38.0,Female,1,94.1,121.85,Month-to-Month,Electronic Check,Fiber Optic,Yes,No,4,4.0,5,32.2,29.0,118.08,1,Married,Desktop,Yes
CUST-02520,30.0,Female,16,88.8,1487.85,Month-to-Month,Credit Card,DSL,No,No,1,4.0,3,1.2,4.0,260.22,2,Single,Desktop,Yes
CUST-02521,44.0,Female,28,50.85,1449.74,Two Year,Electronic Check,DSL,No,Yes,1,2.0,1,4.5,56.0,247.12,2,Single,Mobile,Yes
CUST-02522,80.0,Female,18,28.25,509.9,Month-to-Month,Electronic Check,DSL,No Internet,No,2,2.0,3,16.8,147.0,276.37,1,Single,Desktop,Yes
CUST-02523,47.0,Male,26,44.49,1118.67,Two Year,Credit Card,Fiber Optic,Yes,No,3,4.0,2,18.6,17.0,251.59,1,Single,Mobile,No
CUST-02524,37.0,Female,40,31.1,1220.07,Two Year,Credit Card,DSL,Yes,Yes,0,3.0,2,13.3,23.0,38.8,4,Single,Desktop,No
CUST-02525,54.0,Female,11,47.47,562.67,Month-to-Month,Credit Card,None,No,Yes,5,3.0,3,2.2,9.0,99.07,0,Divorced,Mobile,Yes
CUST-02526,48.0,Male,45,44.18,1913.01,Month-to-Month,Electronic Check,DSL,No,Yes,0,3.0,3,4.2,31.0,87.76,1,Married,Mobile,Yes
CUST-02527,47.0,Male,4,81.77,382.37,One Year,Bank Transfer,Fiber Optic,Yes,No,0,4.0,3,35.7,73.0,113.69,1,Married,Desktop,No
CUST-02528,,Female,7,113.45,780.09,One Year,Credit Card,None,No Internet,No,0,4.0,1,25.7,5.0,87.7,5,Married,Mobile,No
CUST-02529,70.0,Female,1,86.57,45.64,One Year,Electronic Check,Fiber Optic,No Internet,No,0,2.0,3,44.9,91.0,235.45,0,Single,Desktop,Yes
CUST-02530,26.0,Female,10,110.66,1051.66,Two Year,Credit Card,DSL,No,No Internet,2,3.0,4,7.9,,210.24,1,Divorced,Tablet,No
CUST-02531,48.0,Female,11,96.41,1094.23,Month-to-Month,Bank Transfer,None,No Internet,No,2,4.0,1,8.7,9.0,59.65,5,Married,Tablet,Yes
CUST-02532,29.0,Female,39,90.79,3540.08,One Year,Electronic Check,DSL,Yes,No,0,5.0,2,4.5,72.0,53.95,2,Married,Tablet,No
CUST-02533,49.0,Female,25,59.41,1564.69,Month-to-Month,Electronic Check,DSL,No Internet,No,2,5.0,5,11.2,26.0,65.4,3,Single,Mobile,Yes
CUST-02534,29.0,Female,13,50.48,593.09,One Year,Electronic Check,Fiber Optic,No,Yes,1,3.0,1,26.6,0.0,94.22,3,Married,Desktop,Yes
CUST-02535,36.0,Male,25,102.63,2536.84,One Year,Credit Card,DSL,Yes,No Internet,1,1.0,1,4.3,48.0,204.8,1,Single,Mobile,No
CUST-02536,37.0,Female,1,108.54,103.93,Month-to-Month,Credit Card,Fiber Optic,No,No Internet,0,4.0,3,2.3,30.0,110.67,0,Single,Desktop,Yes
CUST-02537,55.0,Female,4,63.19,215.17,Month-to-Month,Electronic Check,Fiber Optic,No,No,2,3.0,2,20.8,40.0,127.26,1,Married,Mobile,No
CUST-02538,54.0,Female,23,18.91,435.24,Month-to-Month,Credit Card,Fiber Optic,No,No,0,2.0,3,17.7,5.0,12.62,5,Married,Desktop,No
CUST-02539,24.0,Female,24,97.25,2349.98,Month-to-Month,Mailed Check,DSL,No Internet,No Internet,1,4.0,2,26.5,61.0,,2,Divorced,Mobile,No
CUST-02540,42.0,Female,35,46.51,1652.07,Two Year,Bank Transfer,Fiber Optic,No,No,2,2.0,2,20.9,45.0,132.48,1,Married,Desktop,No
CUST-02541,32.0,Male,12,18.99,303.19,One Year,Bank Transfer,DSL,No,No,0,3.0,5,8.2,94.0,205.08,2,Divorced,Mobile,Yes
CUST-02542,24.0,Male,30,98.5,2889.83,One Year,Credit Card,DSL,Yes,Yes,1,4.0,2,2.6,15.0,60.49,2,Divorced,Mobile,No
CUST-02543,38.0,Male,27,69.74,1899.87,Month-to-Month,Mailed Check,Fiber Optic,No,Yes,1,4.0,1,18.8,21.0,216.79,2,Married,Desktop,No
CUST-02544,37.0,Male,72,86.52,6197.09,Month-to-Month,Electronic Check,Fiber Optic,No,Yes,4,4.0,3,31.6,36.0,215.34,2,Single,Mobile,Yes
CUST-02545,75.0,Female,5,109.47,,Month-to-Month,Bank Transfer,Fiber Optic,Yes,No,2,5.0,3,2.5,3.0,186.72,2,Single,Desktop,Yes
CUST-02546,48.0,Male,19,72.12,1391.85,Month-to-Month,Electronic Check,DSL,No Internet,No Internet,1,2.0,2,11.0,7.0,107.42,1,Married,Desktop,Yes
CUST-02547,22.0,Male,22,68.32,1453.69,One Year,Bank Transfer,None,No,No,2,4.0,4,6.0,10.0,17.61,1,Married,Tablet,No
CUST-02548,34.0,Female,72,47.07,3343.98,Two Year,Bank Transfer,DSL,No,No,1,2.0,1,11.0,87.0,71.01,2,Single,Mobile,No
CUST-02549,56.0,Female,5,48.52,268.18,Month-to-Month,Bank Transfer,Fiber Optic,No,No,3,2.0,2,1.0,0.0,279.05,4,Divorced,Mobile,No
CUST-02550,71.0,Male,17,97.65,1661.22,One Year,Bank Transfer,DSL,No Internet,Yes,1,3.0,1,,153.0,263.77,2,Single,Desktop,Yes
CUST-02551,19.0,Female,10,62.9,618.02,Month-to-Month,Bank Transfer,Fiber Optic,Yes,No,0,1.0,1,9.9,15.0,59.16,4,Married,Mobile,Yes
CUST-02552,18.0,Female,17,34.35,616.85,Month-to-Month,Credit Card,Fiber Optic,No,No,0,3.0,2,2.5,31.0,96.39,4,Married,Mobile,Yes
CUST-02553,68.0,Male,6,27.45,,Month-to-Month,Credit Card,Fiber Optic,Yes,No Internet,1,1.0,5,7.9,15.0,2.97,3,Married,Tablet,No
CUST-02554,47.0,Male,1,65.29,38.81,One Year,Credit Card,DSL,Yes,No,0,4.0,3,2.9,45.0,93.15,1,Married,Mobile,No
CUST-02555,29.0,Female,20,64.5,1247.4,Month-to-Month,Credit Card,Fiber Optic,Yes,No,2,3.0,1,3.6,90.0,240.18,1,Married,Mobile,No
CUST-02556,49.0,Female,9,83.35,687.05,Month-to-Month,Mailed Check,Fiber Optic,No,No Internet,1,2.0,2,57.0,17.0,171.35,3,Married,Desktop,Yes
CUST-02557,18.0,Female,4,65.11,262.11,One Year,Electronic Check,Fiber Optic,No Internet,Yes,2,4.0,3,13.8,5.0,260.67,6,Married,Tablet,No
CUST-02558,42.0,Male,9,32.35,219.99,One Year,Mailed Check,DSL,No,Yes,4,3.0,1,7.4,7.0,288.45,1,Married,Mobile,No
CUST-02559,46.0,Male,1,68.78,73.75,Month-to-Month,Bank Transfer,Fiber Optic,No,No,0,3.0,1,11.0,9.0,66.36,3,Divorced,Tablet,Yes
CUST-02560,54.0,Female,72,108.68,7885.8,One Year,Bank Transfer,DSL,No Internet,No,3,3.0,1,7.2,7.0,166.42,1,Single,Desktop,No
CUST-02561,27.0,Male,20,33.94,661.13,One Year,Electronic Check,DSL,No,No,3,2.0,3,13.8,0.0,226.55,3,Single,Desktop,No
CUST-02562,43.0,Male,40,86.98,3452.39,Month-to-Month,Electronic Check,DSL,Yes,Yes,0,3.0,1,1.0,59.0,186.5,3,Married,Mobile,Yes
CUST-02563,29.0,Female,13,77.39,1105.96,One Year,Bank Transfer,DSL,Yes,No Internet,4,4.0,3,4.0,34.0,78.08,3,Divorced,Desktop,Yes
CUST-02564,45.0,Male,56,92.86,5275.65,Month-to-Month,Electronic Check,Fiber Optic,Yes,No,0,5.0,4,67.5,,293.15,3,Married,Mobile,No
CUST-02565,29.0,Female,15,33.06,457.67,One Year,Electronic Check,Fiber Optic,Yes,Yes,3,,3,1.8,4.0,202.31,0,Divorced,Mobile,No
CUST-02566,36.0,Female,20,112.16,2250.15,Two Year,Electronic Check,Fiber Optic,No,No,0,1.0,3,1.2,1.0,3.05,4,Married,Mobile,Yes
CUST-02567,28.0,Male,16,80.1,1298.03,Month-to-Month,Electronic Check,Fiber Optic,No,No Internet,2,2.0,1,10.2,14.0,154.87,1,Single,Desktop,Yes
CUST-02568,,Female,31,102.71,3194.19,Month-to-Month,Mailed Check,Fiber Optic,Yes,No,2,1.0,4,5.2,0.0,49.78,1,Married,Mobile,No
CUST-02569,54.0,Male,20,42.66,943.93,Month-to-Month,Mailed Check,Fiber Optic,No,No,0,2.0,5,11.4,1.0,216.94,2,Single,Mobile,No
CUST-02570,38.0,Female,7,91.94,647.94,Month-to-Month,Bank Transfer,None,No,Yes,2,3.0,1,48.6,2.0,19.52,4,Married,Tablet,No
CUST-02571,42.0,Male,3,96.1,300.16,Month-to-Month,Credit Card,Fiber Optic,No,Yes,0,2.0,4,2.0,50.0,102.2,5,Single,Mobile,Yes
CUST-02572,21.0,Male,22,57.74,1304.71,One Year,Credit Card,Fiber Optic,No Internet,No,3,4.0,4,8.7,38.0,94.05,2,Married,Mobile,No
CUST-02573,37.0,Female,16,56.4,961.9,Month-to-Month,Credit Card,None,No Internet,No,2,1.0,5,21.3,11.0,267.44,2,Married,Desktop,No
CUST-02574,41.0,Male,2,83.78,214.4,Month-to-Month,Credit Card,DSL,No,No,0,5.0,2,2.6,10.0,262.08,1,Single,Tablet,No
CUST-02575,78.0,Female,12,27.34,354.98,One Year,Bank Transfer,Fiber Optic,,No Internet,0,4.0,5,18.7,12.0,247.0,0,Married,Mobile,No
CUST-02576,26.0,Male,17,91.56,1478.59,One Year,Credit Card,DSL,No,Yes,2,5.0,1,7.7,25.0,223.88,0,Married,Desktop,No
CUST-02577,62.0,Male,42,22.29,911.77,Month-to-Month,Electronic Check,None,No,No,0,5.0,1,14.5,59.0,286.35,1,Divorced,Mobile,No
CUST-02578,55.0,Female,1,37.06,78.03,One Year,Credit Card,Fiber Optic,No,No,1,4.0,1,11.2,19.0,57.35,2,Single,Desktop,Yes
CUST-02579,45.0,Male,10,84.41,,Two Year,Bank Transfer,Fiber Optic,No,No Internet,3,2.0,2,9.0,4.0,245.98,2,Married,Tablet,No
CUST-02580,66.0,Male,41,27.83,1182.34,Month-to-Month,Credit Card,Fiber Optic,No,No Internet,1,2.0,1,9.8,5.0,202.03,2,Single,Mobile,Yes
CUST-02581,47.0,Female,25,115.18,2973.86,Month-to-Month,Electronic Check,Fiber Optic,No Internet,Yes,0,3.0,2,2.4,1.0,210.43,2,Married,Desktop,No
CUST-02582,47.0,Female,8,104.84,779.87,One Year,Electronic Check,Fiber Optic,Yes,No,0,3.0,3,8.5,40.0,128.06,4,Married,Desktop,No
CUST-02583,41.0,Female,44,80.63,3604.62,One Year,Bank Transfer,None,No,Yes,2,4.0,1,21.0,15.0,195.67,3,Married,Desktop,No
CUST-02584,59.0,Female,16,99.91,1582.04,Month-to-Month,Mailed Check,Fiber Optic,No,No,4,4.0,4,34.0,75.0,71.22,2,Married,Tablet,Yes
CUST-02585,57.0,Male,16,106.76,1754.93,Month-to-Month,Credit Card,None,No,No Internet,1,1.0,2,14.8,11.0,159.07,1,Married,Mobile,No
CUST-02586,33.0,Female,72,43.95,3162.34,One Year,Electronic Check,Fiber Optic,Yes,No,2,4.0,1,,48.0,291.21,1,Married,Mobile,Yes
CUST-02587,23.0,Male,70,102.94,7312.15,Two Year,Bank Transfer,Fiber Optic,No,No,1,1.0,2,10.6,20.0,205.42,3,Married,Desktop,No
CUST-02588,39.0,Female,10,37.48,381.3,One Year,Bank Transfer,DSL,No,Yes,4,5.0,1,3.7,56.0,202.64,4,Married,Desktop,Yes
CUST-02589,30.0,Male,3,59.33,145.96,Two Year,Credit Card,DSL,No,No,2,1.0,3,19.3,24.0,70.6,2,Married,Desktop,No
CUST-02590,41.0,Female,9,73.83,685.46,One Year,Credit Card,None,No,No,2,3.0,2,18.2,6.0,252.24,1,Single,Desktop,No
CUST-02591,59.0,Female,1,89.39,105.59,Two Year,Mailed Check,Fiber Optic,No,Yes,1,3.0,1,1.0,48.0,277.01,1,Married,Mobile,No
CUST-02592,35.0,Female,1,21.01,77.91,One Year,Electronic Check,Fiber Optic,No,No,3,4.0,2,9.8,0.0,32.5,4,Married,Mobile,Yes
CUST-02593,41.0,Female,12,47.05,587.0,Two Year,Credit Card,Fiber Optic,No,,1,2.0,2,41.4,21.0,135.73,1,Divorced,Mobile,No
CUST-02594,42.0,Female,67,78.85,,Month-to-Month,Bank Transfer,DSL,No Internet,No,0,5.0,2,62.4,6.0,199.75,6,Married,Mobile,No
CUST-02595,53.0,Female,49,53.74,2627.69,Two Year,Credit Card,Fiber Optic,No,Yes,1,3.0,2,9.2,12.0,265.05,1,Single,Desktop,No
CUST-02596,18.0,Male,17,95.5,1618.52,Month-to-Month,Credit Card,Fiber Optic,Yes,No,0,3.0,3,19.2,15.0,161.07,3,Single,Mobile,No
CUST-02597,33.0,Male,19,83.17,1550.04,Month-to-Month,Mailed Check,None,No,No Internet,2,3.0,3,1.0,24.0,126.02,2,Single,Mobile,No
CUST-02598,44.0,Male,1,41.44,45.72,One Year,Bank Transfer,Fiber Optic,Yes,No,0,4.0,1,4.7,13.0,11.77,1,Married,Desktop,No
CUST-02599,,Male,5,32.59,174.5,Month-to-Month,Bank Transfer,None,No,Yes,0,1.0,5,19.2,31.0,165.42,1,Married,Mobile,No
CUST-02600,35.0,Female,1,80.9,94.96,Month-to-Month,Mailed Check,Fiber Optic,No,No,6,2.0,2,15.9,6.0,98.79,1,Married,Mobile,Yes
CUST-02601,18.0,Female,33,63.05,2084.01,Two Year,Bank Transfer,DSL,No Internet,No,2,3.0,2,16.2,46.0,297.94,1,Divorced,Tablet,No
CUST-02602,50.0,Female,3,34.9,74.21,One Year,Bank Transfer,None,Yes,No Internet,2,5.0,3,17.9,27.0,179.43,1,Single,Tablet,No
CUST-02603,33.0,Female,48,50.64,2386.64,Two Year,Credit Card,DSL,No,No Internet,2,1.0,1,8.4,13.0,64.38,1,Married,Desktop,No
CUST-02604,25.0,Female,24,48.3,1140.44,Two Year,Electronic Check,Fiber Optic,Yes,Yes,0,1.0,2,41.7,22.0,297.78,3,Married,Mobile,No
CUST-02605,33.0,Male,6,28.81,229.94,Month-to-Month,Electronic Check,DSL,No Internet,No,3,4.0,2,6.8,15.0,177.31,1,Divorced,Desktop,Yes
CUST-02606,39.0,Male,4,72.69,358.6,Month-to-Month,Credit Card,Fiber Optic,No,No,0,4.0,2,34.9,62.0,230.78,1,Married,Tablet,No
CUST-02607,33.0,Male,23,94.36,2166.43,Month-to-Month,Electronic Check,DSL,No,,1,5.0,2,1.0,23.0,290.7,0,Single,Tablet,No
CUST-02608,18.0,Male,55,75.55,4108.17,One Year,Electronic Check,Fiber Optic,No,Yes,0,4.0,3,28.4,46.0,,2,Divorced,Mobile,Yes
CUST-02609,54.0,Female,30,100.63,3014.84,One Year,Electronic Check,None,No,No,2,3.0,3,5.4,47.0,283.01,2,Divorced,Mobile,No
CUST-02610,59.0,Female,10,30.76,412.18,Month-to-Month,Mailed Check,Fiber Optic,No Internet,No,2,3.0,4,16.2,39.0,108.61,3,Married,Mobile,No
CUST-02611,51.0,Female,21,61.56,1342.71,Month-to-Month,Credit Card,Fiber Optic,No,No,2,3.0,1,1.0,41.0,15.46,3,Married,Mobile,No
CUST-02612,26.0,Female,8,78.94,659.06,Month-to-Month,Credit Card,Fiber Optic,No,No,1,,3,1.3,7.0,289.19,0,Married,Desktop,No
CUST-02613,39.0,Female,72,85.6,6211.33,Month-to-Month,Electronic Check,None,No,No,1,3.0,5,1.0,61.0,164.32,2,Single,Mobile,No
CUST-02614,41.0,Male,33,87.58,2967.17,Month-to-Month,Credit Card,DSL,No Internet,No Internet,2,2.0,3,10.0,36.0,231.39,2,Single,Desktop,Yes
CUST-02615,50.0,Female,22,90.9,1942.16,Two Year,Credit Card,DSL,Yes,No Internet,0,3.0,3,8.1,1.0,165.42,3,Married,Mobile,No
CUST-02616,51.0,Male,13,83.14,1061.22,Month-to-Month,Credit Card,DSL,No,No,4,5.0,5,5.8,31.0,228.31,2,Single,Mobile,Yes
CUST-02617,31.0,Male,23,27.42,604.22,Month-to-Month,Electronic Check,Fiber Optic,No Internet,No,2,3.0,4,8.9,19.0,17.89,2,Married,Mobile,Yes
CUST-02618,43.0,Male,10,87.53,904.66,Month-to-Month,Credit Card,Fiber Optic,Yes,No Internet,0,3.0,3,5.6,4.0,20.05,2,Single,Desktop,No
CUST-02619,,Female,1,90.48,,One Year,Credit Card,Fiber Optic,No,Yes,1,3.0,3,30.8,19.0,275.94,3,Divorced,Desktop,No
CUST-02620,62.0,Male,12,117.35,1446.02,Month-to-Month,Credit Card,Fiber Optic,No,Yes,1,1.0,1,12.4,76.0,130.73,5,Married,Mobile,No
CUST-02621,,Male,63,87.34,5477.08,Month-to-Month,Electronic Check,Fiber Optic,Yes,No Internet,1,4.0,2,5.6,62.0,90.26,1,Married,Desktop,No
CUST-02622,53.0,Female,23,86.68,2062.24,One Year,Bank Transfer,Fiber Optic,No,No,1,4.0,3,9.1,2.0,274.45,2,Single,Desktop,Yes
CUST-02623,43.0,Female,2,69.48,135.49,Two Year,Credit Card,Fiber Optic,No Internet,Yes,1,3.0,2,30.3,17.0,299.65,1,Single,Mobile,No
CUST-02624,61.0,Male,51,104.79,5379.02,Two Year,Electronic Check,DSL,No,No Internet,3,5.0,2,7.9,21.0,184.26,0,Single,Tablet,No
CUST-02625,47.0,Male,7,117.68,883.53,Month-to-Month,Electronic Check,DSL,Yes,No Internet,0,4.0,1,8.4,35.0,167.99,2,Single,Desktop,No
CUST-02626,29.0,Female,6,95.9,631.16,One Year,Bank Transfer,DSL,No,No Internet,2,4.0,4,6.2,43.0,275.25,3,Single,Desktop,No
CUST-02627,61.0,Male,8,79.25,652.04,Month-to-Month,Credit Card,None,No Internet,Yes,2,4.0,4,4.5,52.0,53.51,2,Married,Mobile,No
CUST-02628,51.0,Female,20,25.9,558.97,Month-to-Month,Electronic Check,Fiber Optic,Yes,Yes,4,4.0,2,9.6,27.0,189.88,2,Married,Mobile,No
CUST-02629,35.0,Female,18,90.67,1719.14,Month-to-Month,Mailed Check,DSL,Yes,No,3,3.0,1,20.0,64.0,241.89,0,Single,Desktop,Yes
CUST-02630,35.0,Male,16,88.86,1447.44,Month-to-Month,Credit Card,DSL,No Internet,No,1,3.0,3,6.9,24.0,221.84,3,Single,Tablet,No
CUST-02631,46.0,Male,30,95.56,2830.32,One Year,Credit Card,Fiber Optic,No Internet,No Internet,1,2.0,1,3.9,0.0,224.51,0,Divorced,Mobile,No
CUST-02632,48.0,Male,9,30.46,303.29,Two Year,Credit Card,Fiber Optic,No,No Internet,4,3.0,1,16.2,18.0,241.5,1,Single,Mobile,No
CUST-02633,44.0,Male,36,83.37,2999.46,Month-to-Month,Electronic Check,DSL,Yes,No Internet,1,4.0,5,24.8,5.0,63.71,3,Single,Desktop,No
CUST-02634,46.0,Male,4,47.57,72.88,Month-to-Month,Electronic Check,DSL,Yes,Yes,1,5.0,1,1.0,25.0,166.63,2,Married,Tablet,No
CUST-02635,65.0,Female,36,94.03,3408.18,Month-to-Month,Credit Card,DSL,Yes,No,2,2.0,2,15.0,34.0,32.95,2,Single,Desktop,No
CUST-02636,57.0,Male,26,42.04,1098.87,One Year,Credit Card,Fiber Optic,No,No Internet,3,4.0,3,34.7,34.0,27.23,3,Married,Desktop,No
CUST-02637,44.0,Female,27,86.4,2390.62,Two Year,Mailed Check,DSL,No,No,3,3.0,1,1.4,20.0,245.34,4,Married,Tablet,No
CUST-02638,55.0,Female,15,47.5,675.0,Two Year,Electronic Check,Fiber Optic,Yes,Yes,1,5.0,1,34.4,37.0,243.58,2,Married,Mobile,No
CUST-02639,27.0,Male,26,18.9,416.11,One Year,Mailed Check,None,Yes,No,1,4.0,2,1.9,3.0,54.72,2,Single,Desktop,No
CUST-02640,47.0,Male,1,81.34,89.77,Month-to-Month,Electronic Check,DSL,No Internet,Yes,0,3.0,1,86.3,88.0,169.67,2,Married,Mobile,Yes
CUST-02641,67.0,Male,45,29.33,1338.86,One Year,Bank Transfer,DSL,No,No Internet,3,3.0,2,10.8,55.0,11.7,4,Married,Mobile,No
CUST-02642,,Male,1,83.93,88.62,Month-to-Month,Credit Card,DSL,No,Yes,2,2.0,2,19.6,57.0,111.24,1,Single,Mobile,No
CUST-02643,30.0,Female,3,110.56,332.72,Two Year,Electronic Check,Fiber Optic,Yes,No,1,4.0,2,1.0,1.0,44.17,1,Single,Mobile,No
CUST-02644,32.0,Male,20,114.92,2244.96,Month-to-Month,Bank Transfer,Fiber Optic,No Internet,No Internet,1,4.0,3,1.6,7.0,111.73,0,Married,Mobile,No
CUST-02645,26.0,Female,32,,1323.93,One Year,Bank Transfer,Fiber Optic,No,No Internet,1,5.0,5,49.6,3.0,173.99,0,Divorced,Mobile,No
CUST-02646,31.0,Male,1,98.93,81.51,Month-to-Month,Bank Transfer,DSL,No,No,4,4.0,3,67.0,60.0,241.4,2,Divorced,Desktop,Yes
CUST-02647,36.0,Male,60,53.36,,Month-to-Month,Mailed Check,Fiber Optic,No Internet,No Internet,3,2.0,5,4.9,41.0,153.98,5,Married,Mobile,Yes
CUST-02648,22.0,Female,72,108.05,7798.57,One Year,Credit Card,Fiber Optic,Yes,No Internet,1,4.0,2,6.3,3.0,279.45,5,Single,Desktop,No
CUST-02649,,Female,22,96.75,2114.6,One Year,Credit Card,DSL,No,No Internet,1,5.0,2,1.0,15.0,30.33,1,Married,Desktop,No
CUST-02650,,Male,15,25.39,467.04,One Year,Electronic Check,DSL,No,No,1,5.0,1,46.9,21.0,161.66,2,Divorced,Tablet,No
CUST-02651,29.0,Male,32,58.71,1865.27,One Year,Mailed Check,Fiber Optic,Yes,No,1,4.0,4,37.5,37.0,272.14,2,Married,Mobile,No
CUST-02652,63.0,Female,9,51.73,493.46,Month-to-Month,Mailed Check,DSL,No,No,3,3.0,2,1.8,10.0,70.3,4,Married,Desktop,No
CUST-02653,49.0,Male,16,96.52,1535.97,Two Year,Electronic Check,Fiber Optic,No Internet,No,1,4.0,3,6.8,10.0,231.27,2,Single,Mobile,No
CUST-02654,56.0,Male,59,59.03,3564.33,Two Year,Credit Card,Fiber Optic,Yes,No Internet,1,3.0,3,51.0,22.0,76.55,1,Married,Mobile,No
CUST-02655,32.0,Female,72,86.46,6229.46,Month-to-Month,Bank Transfer,DSL,No,No,1,3.0,1,2.0,22.0,293.31,6,Married,Desktop,No
CUST-02656,53.0,Female,62,78.24,4856.7,Two Year,Mailed Check,None,No,No Internet,1,1.0,4,31.0,3.0,227.08,1,Single,Desktop,No
CUST-02657,26.0,Female,7,115.56,801.93,Two Year,Bank Transfer,Fiber Optic,No,Yes,1,2.0,2,3.4,37.0,195.99,3,Married,Mobile,No
CUST-02658,54.0,Female,6,111.78,680.51,One Year,Electronic Check,DSL,No,No,3,3.0,1,1.1,5.0,261.92,0,Married,Desktop,Yes
CUST-02659,44.0,Female,8,60.77,546.14,Month-to-Month,Credit Card,Fiber Optic,Yes,No,4,,5,2.3,56.0,176.31,0,Single,Mobile,No
CUST-02660,49.0,Female,13,90.36,1216.97,One Year,Credit Card,Fiber Optic,Yes,No,2,2.0,3,18.6,44.0,87.68,3,Divorced,Mobile,No
CUST-02661,25.0,Female,9,100.95,909.95,Month-to-Month,Electronic Check,DSL,No Internet,No,0,2.0,3,2.2,118.0,95.41,1,Single,Mobile,Yes
CUST-02662,29.0,Female,11,107.89,1271.86,One Year,Electronic Check,DSL,No Internet,No Internet,1,4.0,5,1.0,5.0,176.64,4,Divorced,Mobile,No
CUST-02663,50.0,Female,23,24.81,614.28,One Year,Mailed Check,Fiber Optic,No,Yes,1,4.0,3,22.4,86.0,158.42,0,Single,Mobile,No
CUST-02664,28.0,Male,34,48.21,1617.23,Two Year,Electronic Check,Fiber Optic,No,Yes,0,3.0,1,16.0,39.0,272.4,4,Married,Mobile,No
CUST-02665,48.0,Male,31,50.02,1481.6,One Year,Electronic Check,Fiber Optic,No,No Internet,1,1.0,5,31.6,63.0,162.58,0,Divorced,Mobile,No
CUST-02666,22.0,Female,40,61.44,2436.85,Month-to-Month,Electronic Check,DSL,No,No Internet,1,3.0,3,12.9,1.0,153.23,3,Single,Mobile,Yes
CUST-02667,53.0,Female,1,34.93,55.6,One Year,Electronic Check,None,No,,0,5.0,2,1.0,11.0,134.51,3,Married,Mobile,No
CUST-02668,24.0,Male,1,67.62,97.48,Month-to-Month,Credit Card,Fiber Optic,Yes,No,5,1.0,4,1.0,0.0,38.61,1,Married,Mobile,Yes
CUST-02669,49.0,Female,37,84.32,3187.8,Month-to-Month,Mailed Check,Fiber Optic,No Internet,Yes,0,2.0,1,23.1,6.0,36.18,3,Married,Desktop,No
CUST-02670,50.0,Male,18,67.74,1164.59,Month-to-Month,Bank Transfer,Fiber Optic,No,,0,4.0,3,33.1,64.0,200.37,3,Married,Desktop,Yes
CUST-02671,32.0,Female,20,84.58,1669.64,Month-to-Month,Mailed Check,Fiber Optic,No Internet,No,1,3.0,1,24.2,15.0,137.64,4,Married,Desktop,No
CUST-02672,50.0,Female,1,24.64,0.0,Two Year,Electronic Check,None,No,No,0,4.0,1,7.0,33.0,,4,Married,Mobile,No
CUST-02673,45.0,Female,7,105.6,672.26,One Year,Credit Card,DSL,No,No,1,4.0,2,16.3,19.0,278.12,2,Single,Mobile,No
CUST-02674,34.0,Male,24,111.91,2654.45,One Year,Credit Card,Fiber Optic,No Internet,No,2,3.0,2,1.2,19.0,234.89,2,Divorced,Mobile,No
CUST-02675,27.0,Female,47,79.79,3768.46,Month-to-Month,Bank Transfer,Fiber Optic,No,Yes,1,3.0,3,19.0,31.0,113.86,1,Divorced,Tablet,No
CUST-02676,18.0,Male,59,106.14,6300.83,One Year,Credit Card,None,No,No,0,3.0,3,4.3,17.0,233.38,0,Married,Tablet,No
CUST-02677,46.0,Male,16,31.14,450.82,One Year,Bank Transfer,Fiber Optic,No,No,2,2.0,3,40.8,0.0,292.11,0,Married,Desktop,No
CUST-02678,20.0,Male,18,97.74,1718.86,Month-to-Month,Electronic Check,Fiber Optic,No,No Internet,1,3.0,1,6.2,48.0,49.02,2,Married,Mobile,Yes
CUST-02679,43.0,Female,42,29.91,1167.23,Two Year,Bank Transfer,None,No,No Internet,1,5.0,4,6.2,9.0,269.04,0,Single,Mobile,No
CUST-02680,38.0,Male,18,58.8,1069.12,Month-to-Month,Credit Card,None,No,No,1,2.0,4,5.1,33.0,106.28,1,Married,Mobile,No
CUST-02681,51.0,Male,17,50.38,819.85,One Year,Mailed Check,DSL,No,Yes,1,3.0,1,15.1,32.0,220.75,0,Single,Desktop,No
CUST-02682,37.0,Female,56,76.56,4370.51,Month-to-Month,Bank Transfer,DSL,No,Yes,0,3.0,2,1.5,4.0,203.84,3,Married,Tablet,No
CUST-02683,37.0,Female,37,48.15,1802.04,Month-to-Month,Mailed Check,Fiber Optic,Yes,No,0,,2,1.0,5.0,212.13,2,Married,Tablet,No
CUST-02684,52.0,Female,57,81.73,4650.04,Two Year,Credit Card,None,No Internet,Yes,1,1.0,5,17.9,17.0,267.58,3,Married,Desktop,No
CUST-02685,46.0,Female,5,54.74,241.64,One Year,Electronic Check,Fiber Optic,No,No,1,2.0,4,43.7,12.0,189.14,1,Married,Desktop,Yes
CUST-02686,46.0,Male,17,104.08,1694.63,One Year,Credit Card,DSL,No,Yes,2,3.0,1,20.4,9.0,57.21,3,Single,Mobile,No
CUST-02687,48.0,Female,44,81.39,3512.77,Two Year,Electronic Check,Fiber Optic,Yes,No Internet,2,4.0,5,4.3,11.0,200.68,3,Married,Desktop,No
CUST-02688,20.0,Female,2,39.53,47.95,Month-to-Month,Electronic Check,DSL,No,No,3,2.0,1,6.7,8.0,101.56,0,Divorced,Desktop,No
CUST-02689,52.0,Male,37,51.61,1874.62,One Year,Mailed Check,Fiber Optic,Yes,Yes,2,3.0,2,3.4,3.0,286.31,2,Single,Desktop,Yes
CUST-02690,50.0,Male,4,102.74,361.0,Month-to-Month,Bank Transfer,Fiber Optic,No,No Internet,2,1.0,2,17.3,2.0,93.98,1,Married,Mobile,Yes
CUST-02691,27.0,Male,39,56.65,2228.2,One Year,Credit Card,Fiber Optic,Yes,No,2,4.0,2,4.1,63.0,72.33,2,Divorced,Mobile,No
CUST-02692,38.0,Male,22,71.58,1600.47,Month-to-Month,Mailed Check,None,No,Yes,3,1.0,3,12.7,50.0,4.67,3,Divorced,Mobile,No
CUST-02693,41.0,Female,5,82.89,391.52,Month-to-Month,Bank Transfer,Fiber Optic,No,No Internet,1,4.0,3,27.4,20.0,258.62,2,Married,Mobile,No
CUST-02694,40.0,Female,15,52.78,888.46,Two Year,Credit Card,DSL,No,Yes,3,3.0,1,10.9,11.0,274.82,5,Married,Desktop,No
CUST-02695,46.0,Female,27,47.4,1192.46,Month-to-Month,Bank Transfer,Fiber Optic,Yes,No Internet,1,2.0,5,13.5,34.0,20.29,2,Single,Desktop,Yes
CUST-02696,62.0,Female,24,65.53,1575.63,Month-to-Month,Credit Card,DSL,Yes,No,1,2.0,1,51.7,3.0,124.39,3,Divorced,Desktop,Yes
CUST-02697,57.0,Male,13,,502.44,Month-to-Month,Credit Card,Fiber Optic,Yes,Yes,2,1.0,2,5.8,3.0,125.58,1,Single,Desktop,No
CUST-02698,23.0,Female,55,,2525.56,Month-to-Month,Bank Transfer,Fiber Optic,No,No,0,4.0,4,23.9,4.0,240.08,3,Married,Tablet,No
CUST-02699,50.0,Male,17,24.21,376.69,Month-to-Month,Credit Card,Fiber Optic,Yes,No,1,4.0,4,17.4,35.0,103.11,5,Single,Desktop,Yes
CUST-02700,60.0,Female,16,48.4,774.05,Month-to-Month,Bank Transfer,None,Yes,No,1,5.0,3,1.8,51.0,103.02,0,Divorced,Desktop,No
CUST-02701,47.0,Male,1,50.07,38.79,One Year,Bank Transfer,Fiber Optic,No,No Internet,1,4.0,2,68.7,23.0,99.52,2,Married,Desktop,Yes
CUST-02702,57.0,Female,61,114.18,6945.39,One Year,Electronic Check,None,No,Yes,2,5.0,3,17.5,5.0,128.76,1,Divorced,Mobile,No
CUST-02703,70.0,Male,4,76.97,242.94,One Year,Mailed Check,DSL,No,No,1,5.0,3,1.0,12.0,192.8,3,Married,Tablet,Yes
CUST-02704,56.0,Male,18,96.74,1660.41,Two Year,Credit Card,Fiber Optic,No Internet,No Internet,2,4.0,3,19.2,51.0,290.57,2,Married,Mobile,No
CUST-02705,45.0,Male,39,22.54,864.63,One Year,Electronic Check,DSL,No,No,2,3.0,3,2.2,21.0,,1,Married,Mobile,No
CUST-02706,56.0,Female,5,28.65,123.15,Month-to-Month,Mailed Check,DSL,No,No,1,5.0,3,5.2,17.0,116.85,0,Divorced,Desktop,Yes
CUST-02707,,Female,17,99.45,1680.8,Month-to-Month,Electronic Check,Fiber Optic,No,No,2,3.0,1,6.4,32.0,5.28,0,Single,Mobile,Yes
CUST-02708,42.0,Male,6,80.35,476.67,One Year,Mailed Check,DSL,No,No,1,3.0,2,5.6,13.0,48.06,1,Married,Desktop,No
CUST-02709,37.0,Female,34,37.1,1235.27,One Year,Bank Transfer,DSL,No,No,0,4.0,3,20.5,0.0,284.42,1,Married,Tablet,No
CUST-02710,,Female,19,58.48,1100.5,Month-to-Month,Electronic Check,DSL,No Internet,Yes,1,5.0,1,21.0,84.0,77.92,1,Divorced,Desktop,Yes
CUST-02711,30.0,Female,46,71.87,3263.34,Month-to-Month,Electronic Check,Fiber Optic,No,Yes,1,3.0,2,11.3,37.0,60.53,2,Married,Desktop,Yes
CUST-02712,63.0,Female,53,102.36,5501.28,One Year,Bank Transfer,DSL,No,No,3,2.0,2,12.6,95.0,51.67,0,Married,Desktop,Yes
CUST-02713,48.0,Male,25,24.04,,One Year,Electronic Check,Fiber Optic,No,Yes,2,2.0,3,5.6,56.0,176.43,1,Married,Mobile,No
CUST-02714,22.0,Male,31,77.67,2389.22,One Year,Bank Transfer,Fiber Optic,No,No,4,3.0,2,1.0,14.0,118.49,0,Single,Desktop,No
CUST-02715,47.0,Female,19,89.7,1668.11,Month-to-Month,Credit Card,Fiber Optic,No,No,0,3.0,3,6.5,14.0,175.18,4,Single,Desktop,No
CUST-02716,18.0,Female,11,115.79,1236.66,One Year,Credit Card,DSL,Yes,Yes,2,3.0,3,1.0,4.0,292.2,3,Divorced,Desktop,No
CUST-02717,50.0,Female,25,98.72,2469.23,One Year,Electronic Check,Fiber Optic,No Internet,No,2,4.0,4,30.0,49.0,22.37,2,Single,Mobile,Yes
CUST-02718,54.0,Female,57,45.62,2595.23,Two Year,Electronic Check,Fiber Optic,No,No,0,4.0,3,15.4,29.0,40.42,1,Married,Tablet,No
CUST-02719,33.0,Male,12,88.96,1044.55,One Year,Bank Transfer,Fiber Optic,No,No Internet,0,3.0,2,58.1,8.0,172.08,4,Married,Desktop,No
CUST-02720,43.0,Female,9,94.33,834.8,One Year,Bank Transfer,Fiber Optic,No Internet,No Internet,2,2.0,2,3.0,96.0,49.19,3,Divorced,Mobile,No
CUST-02721,69.0,Male,11,90.97,964.68,One Year,Credit Card,DSL,No Internet,No,1,4.0,1,16.1,43.0,199.02,1,Single,Mobile,Yes
CUST-02722,34.0,Female,13,100.01,1320.22,Month-to-Month,Bank Transfer,Fiber Optic,No,No,2,4.0,3,3.1,64.0,244.26,3,Divorced,Tablet,Yes
CUST-02723,27.0,Male,1,108.37,211.13,Month-to-Month,Mailed Check,DSL,No,No Internet,3,4.0,4,15.3,5.0,218.32,4,Married,Mobile,Yes
CUST-02724,62.0,Female,16,27.84,401.7,Two Year,Mailed Check,Fiber Optic,No,No Internet,4,5.0,2,10.2,26.0,95.21,2,Single,Desktop,No
CUST-02725,69.0,Female,16,28.48,475.38,One Year,Electronic Check,DSL,No,No,3,3.0,2,16.4,140.0,251.45,1,Single,Mobile,Yes
CUST-02726,42.0,Male,21,97.64,2052.69,One Year,Mailed Check,None,Yes,No,0,1.0,2,19.4,12.0,153.09,2,Single,Desktop,No
CUST-02727,56.0,Male,10,43.24,465.83,Two Year,Mailed Check,Fiber Optic,No Internet,Yes,1,3.0,4,11.1,15.0,234.93,2,Married,Desktop,No
CUST-02728,60.0,Female,22,23.85,,Two Year,Credit Card,None,No,Yes,1,5.0,4,10.2,23.0,288.56,0,Married,Desktop,No
CUST-02729,31.0,Female,50,58.12,2916.27,One Year,Bank Transfer,None,No,No,0,3.0,4,1.1,1.0,139.56,2,Married,Tablet,No
CUST-02730,35.0,Male,72,99.99,7197.29,Month-to-Month,Credit Card,None,No,No,1,4.0,3,6.8,7.0,139.52,3,Single,Desktop,No
CUST-02731,59.0,Female,21,30.66,622.14,Month-to-Month,Bank Transfer,DSL,No,No,1,3.0,2,5.4,11.0,74.76,3,Divorced,Mobile,No
CUST-02732,65.0,Female,1,85.18,46.93,Two Year,Electronic Check,Fiber Optic,No Internet,Yes,4,3.0,1,14.7,0.0,36.89,3,Married,Desktop,No
CUST-02733,49.0,Male,72,18.36,1317.08,Month-to-Month,Credit Card,Fiber Optic,No,No,3,5.0,5,4.8,11.0,220.52,1,Single,Desktop,No
CUST-02734,29.0,Male,29,28.97,775.9,Two Year,Mailed Check,Fiber Optic,No,No,0,3.0,1,4.0,23.0,224.46,1,Single,Desktop,Yes
CUST-02735,69.0,Female,9,53.09,448.12,Month-to-Month,Electronic Check,DSL,No,No,2,4.0,2,28.3,0.0,148.29,4,Married,Mobile,No
CUST-02736,34.0,Female,3,26.36,134.42,One Year,Electronic Check,DSL,No Internet,No,1,4.0,3,26.4,22.0,227.04,3,Married,Desktop,No
CUST-02737,37.0,Female,3,102.59,312.7,One Year,Credit Card,Fiber Optic,No,No,0,4.0,2,6.0,48.0,73.11,3,Married,Tablet,No
CUST-02738,46.0,Female,4,104.41,462.27,Month-to-Month,Credit Card,None,No Internet,Yes,2,3.0,3,1.3,4.0,1.04,0,Single,Mobile,Yes
CUST-02739,63.0,Male,1,93.56,167.04,Two Year,Electronic Check,Fiber Optic,Yes,No,3,5.0,3,10.3,97.0,9.79,2,Single,Mobile,No
CUST-02740,53.0,Male,55,42.25,2314.9,One Year,Electronic Check,DSL,,No,4,4.0,3,9.0,16.0,167.52,2,Single,Mobile,Yes
CUST-02741,47.0,Male,18,70.32,1276.13,Month-to-Month,Mailed Check,None,Yes,No Internet,2,3.0,2,30.6,17.0,15.32,4,Divorced,Tablet,Yes
CUST-02742,48.0,Male,28,36.42,1004.67,Month-to-Month,Electronic Check,Fiber Optic,Yes,Yes,2,1.0,1,11.9,21.0,248.84,2,Married,Desktop,No
CUST-02743,42.0,Female,42,46.13,1896.83,One Year,Credit Card,None,Yes,No,0,1.0,2,42.9,14.0,214.12,1,Single,Mobile,No
CUST-02744,49.0,Female,37,69.6,2527.55,Month-to-Month,Credit Card,None,Yes,No,1,3.0,2,9.9,31.0,262.68,3,Single,Mobile,Yes
CUST-02745,18.0,Male,51,91.5,4708.66,Two Year,Mailed Check,Fiber Optic,No Internet,No,0,2.0,4,16.5,5.0,206.6,1,Divorced,Tablet,No
CUST-02746,37.0,Male,72,27.47,1988.27,Month-to-Month,Credit Card,Fiber Optic,Yes,No,2,1.0,2,9.8,75.0,18.58,1,Single,Mobile,No
CUST-02747,45.0,Female,13,47.67,712.04,Month-to-Month,Electronic Check,Fiber Optic,No,No,1,4.0,3,5.8,60.0,96.0,5,Single,Mobile,Yes
CUST-02748,25.0,Female,72,110.66,8016.12,Month-to-Month,Bank Transfer,Fiber Optic,No Internet,No,1,5.0,3,1.0,31.0,107.08,0,Divorced,Mobile,Yes
CUST-02749,47.0,Female,30,60.91,1790.74,Month-to-Month,Bank Transfer,DSL,Yes,Yes,1,,2,23.6,46.0,174.13,0,Single,Mobile,No
CUST-02750,,Female,1,111.89,153.91,Month-to-Month,Bank Transfer,Fiber Optic,No,No,4,4.0,2,35.0,36.0,288.84,2,Divorced,Mobile,No
CUST-02751,66.0,Female,27,117.14,3147.53,Two Year,Mailed Check,DSL,Yes,Yes,0,2.0,4,19.8,19.0,230.96,4,Married,Desktop,No
CUST-02752,64.0,Female,27,,1968.93,Month-to-Month,Mailed Check,Fiber Optic,,No Internet,2,2.0,4,4.8,5.0,75.64,2,Single,Tablet,No
CUST-02753,35.0,Male,56,46.8,2596.48,Month-to-Month,Mailed Check,Fiber Optic,No Internet,No Internet,1,3.0,4,25.5,11.0,29.25,4,Divorced,Mobile,Yes
CUST-02754,39.0,Male,11,97.08,1015.26,Month-to-Month,Bank Transfer,DSL,No Internet,No Internet,2,5.0,2,14.2,64.0,269.12,1,Divorced,Desktop,Yes
CUST-02755,40.0,Male,21,33.93,672.74,One Year,Credit Card,None,No Internet,No Internet,2,5.0,2,17.2,32.0,,4,Single,Mobile,No
CUST-02756,35.0,Female,1,43.2,5.97,One Year,Mailed Check,Fiber Optic,No Internet,Yes,2,4.0,4,1.0,60.0,43.58,1,Single,Mobile,No
CUST-02757,44.0,Female,9,96.49,826.4,One Year,Credit Card,Fiber Optic,Yes,No,0,1.0,1,13.1,63.0,250.92,4,Single,Desktop,No
CUST-02758,31.0,Female,1,61.36,32.73,Month-to-Month,Bank Transfer,DSL,No,Yes,2,3.0,3,12.4,22.0,189.74,2,Divorced,Mobile,Yes
CUST-02759,26.0,Male,17,38.15,691.38,One Year,Credit Card,Fiber Optic,No,Yes,1,3.0,2,16.3,17.0,266.88,1,Divorced,Desktop,No
CUST-02760,50.0,Male,40,83.11,3414.2,One Year,Bank Transfer,DSL,No Internet,Yes,1,5.0,3,22.2,16.0,228.4,2,Married,Desktop,No
CUST-02761,50.0,Male,5,91.28,389.89,One Year,Bank Transfer,DSL,Yes,No,1,4.0,4,7.8,17.0,156.33,2,Divorced,Tablet,Yes
CUST-02762,30.0,Male,17,30.51,581.85,Month-to-Month,Mailed Check,DSL,No,No,2,4.0,2,2.5,87.0,169.14,1,Single,Desktop,Yes
CUST-02763,54.0,Female,5,45.7,204.61,One Year,Mailed Check,DSL,Yes,No Internet,1,4.0,1,38.6,4.0,156.99,1,Single,Desktop,No
CUST-02764,33.0,Female,3,40.13,137.78,Month-to-Month,Bank Transfer,Fiber Optic,Yes,No,0,4.0,3,22.5,4.0,16.4,1,Married,Mobile,No
CUST-02765,45.0,Female,17,55.99,869.12,Month-to-Month,Credit Card,Fiber Optic,No,No,1,4.0,1,11.7,14.0,280.41,0,Divorced,Mobile,No
CUST-02766,53.0,Female,1,94.34,120.54,Month-to-Month,Electronic Check,Fiber Optic,Yes,No,1,4.0,1,6.6,48.0,296.29,1,Single,Mobile,No
CUST-02767,41.0,Female,21,89.37,1776.5,Month-to-Month,Bank Transfer,Fiber Optic,No,No Internet,1,5.0,4,62.0,57.0,91.32,5,Single,Mobile,No
CUST-02768,48.0,Female,1,84.25,99.95,Month-to-Month,Mailed Check,None,No,No Internet,0,1.0,4,1.5,52.0,245.83,3,Divorced,Mobile,No
CUST-02769,34.0,Male,2,18.63,50.12,One Year,Credit Card,DSL,Yes,No,5,5.0,3,40.9,26.0,299.26,3,Married,Mobile,Yes
CUST-02770,39.0,Female,19,32.21,621.54,Two Year,Credit Card,Fiber Optic,Yes,,0,4.0,3,7.8,58.0,5.82,1,Single,Mobile,No
CUST-02771,39.0,Female,21,40.33,810.18,One Year,Electronic Check,None,No Internet,Yes,1,3.0,5,1.5,6.0,96.7,1,Married,Desktop,No
CUST-02772,31.0,Female,1,45.2,72.68,Month-to-Month,Electronic Check,DSL,No,No,3,5.0,1,7.2,27.0,170.99,4,Married,Desktop,Yes
CUST-02773,39.0,Male,20,32.64,672.35,One Year,Bank Transfer,Fiber Optic,No,No,2,5.0,1,20.8,11.0,118.33,0,Married,Mobile,No
CUST-02774,20.0,Male,43,59.03,2527.79,One Year,Credit Card,Fiber Optic,No Internet,No,3,3.0,3,8.3,9.0,290.35,0,Married,Mobile,No
CUST-02775,35.0,Male,30,25.52,799.19,Month-to-Month,Bank Transfer,DSL,Yes,No,1,5.0,2,10.2,3.0,57.54,1,Married,Desktop,No
CUST-02776,38.0,Female,3,93.0,274.22,One Year,Bank Transfer,DSL,Yes,No,1,2.0,1,26.0,13.0,117.91,0,Divorced,Desktop,No
CUST-02777,38.0,Male,21,96.77,2058.61,One Year,Credit Card,Fiber Optic,Yes,No Internet,2,3.0,2,14.3,1.0,219.9,1,Married,Mobile,Yes
CUST-02778,38.0,Female,26,75.43,1954.89,Month-to-Month,Mailed Check,Fiber Optic,No,No,1,3.0,3,16.5,13.0,239.09,3,Married,Desktop,Yes
CUST-02779,41.0,Female,1,26.97,37.81,Month-to-Month,Credit Card,DSL,No,No,1,2.0,1,2.5,19.0,30.3,1,Single,Desktop,Yes
CUST-02780,48.0,Male,46,107.01,4951.2,Month-to-Month,Bank Transfer,Fiber Optic,Yes,Yes,1,5.0,2,4.4,13.0,66.24,4,Married,Desktop,No
CUST-02781,54.0,Female,56,114.56,6395.46,Two Year,Electronic Check,Fiber Optic,Yes,No,1,3.0,2,7.9,44.0,39.63,1,Married,Mobile,No
CUST-02782,32.0,Female,45,38.24,1659.11,Month-to-Month,Credit Card,DSL,No Internet,No,2,4.0,1,1.7,9.0,150.01,2,Single,Mobile,Yes
CUST-02783,,Male,41,88.46,3640.66,Month-to-Month,Mailed Check,Fiber Optic,No,No Internet,2,3.0,2,4.9,2.0,159.76,2,Divorced,Mobile,No
CUST-02784,27.0,Female,32,102.19,3329.55,Month-to-Month,Electronic Check,Fiber Optic,No Internet,No,1,4.0,4,26.9,6.0,221.17,3,Married,Desktop,Yes
CUST-02785,35.0,Male,24,71.98,1742.48,Two Year,Credit Card,DSL,Yes,No,0,3.0,3,,51.0,262.08,0,Married,Mobile,No
CUST-02786,37.0,Male,27,50.33,1374.82,Month-to-Month,Mailed Check,Fiber Optic,No,No,1,4.0,2,1.0,30.0,41.24,1,Divorced,Mobile,Yes
CUST-02787,31.0,Female,39,65.86,2566.43,One Year,Bank Transfer,DSL,No Internet,Yes,1,4.0,1,17.4,25.0,159.04,2,Single,Desktop,No
CUST-02788,23.0,Female,26,69.23,,One Year,Electronic Check,DSL,No Internet,No,2,3.0,1,7.3,23.0,144.18,5,Married,Mobile,No
CUST-02789,35.0,Female,9,58.06,513.24,One Year,Mailed Check,DSL,No,Yes,2,5.0,1,22.2,41.0,268.65,2,Divorced,Mobile,No
CUST-02790,44.0,Female,11,110.98,1198.09,Two Year,Mailed Check,None,Yes,Yes,2,3.0,3,40.3,6.0,158.4,2,Married,Desktop,No
CUST-02791,50.0,Female,54,92.39,5044.32,Month-to-Month,Bank Transfer,None,Yes,No,2,4.0,3,4.7,7.0,69.13,0,Married,Desktop,No
CUST-02792,34.0,Female,1,42.13,,Two Year,Credit Card,Fiber Optic,No,No,3,4.0,3,1.0,4.0,277.81,2,Single,Mobile,No
CUST-02793,36.0,Female,28,76.56,2188.15,Two Year,Credit Card,Fiber Optic,No,No Internet,3,3.0,2,9.1,12.0,279.3,1,Married,Mobile,No
CUST-02794,29.0,Female,72,86.87,6309.94,Two Year,Electronic Check,DSL,No,No Internet,3,5.0,1,50.0,9.0,37.72,2,Married,Desktop,No
CUST-02795,41.0,Male,29,32.02,956.92,One Year,Mailed Check,Fiber Optic,Yes,No,1,4.0,3,11.8,74.0,255.89,1,Married,Desktop,No
CUST-02796,30.0,Female,72,53.84,3814.02,Two Year,Credit Card,DSL,No,Yes,2,5.0,5,7.1,0.0,251.12,4,Married,Mobile,No
CUST-02797,50.0,Male,27,108.55,2932.21,Month-to-Month,Credit Card,Fiber Optic,No,No,1,4.0,2,,19.0,176.83,1,Married,Desktop,Yes
CUST-02798,18.0,Female,1,74.72,64.62,Month-to-Month,Electronic Check,None,No Internet,No,0,4.0,3,2.7,39.0,141.86,3,Married,Desktop,No
CUST-02799,36.0,Male,42,39.7,1642.6,Month-to-Month,Bank Transfer,DSL,No,No,1,3.0,3,20.9,71.0,55.44,2,Single,Tablet,Yes
CUST-02800,46.0,Female,8,30.28,249.38,Month-to-Month,Credit Card,Fiber Optic,,No,2,5.0,4,17.1,101.0,63.04,1,Single,Tablet,Yes
CUST-02801,,Male,14,69.82,1015.94,One Year,Credit Card,Fiber Optic,No,Yes,2,1.0,1,19.3,2.0,78.89,0,Divorced,Desktop,No
CUST-02802,79.0,Male,8,72.77,559.23,Month-to-Month,Bank Transfer,DSL,Yes,No,2,5.0,5,5.4,6.0,24.2,3,Single,Tablet,No
CUST-02803,46.0,Female,7,51.44,351.51,Month-to-Month,Mailed Check,Fiber Optic,No,No,0,,4,25.2,207.0,213.58,1,Divorced,Desktop,Yes
CUST-02804,27.0,Male,13,81.04,1041.47,One Year,Mailed Check,Fiber Optic,Yes,No,2,4.0,4,33.5,11.0,14.91,2,Single,Desktop,No
CUST-02805,40.0,Female,11,24.87,331.76,Two Year,Bank Transfer,Fiber Optic,No,No,3,3.0,5,46.7,1.0,28.8,2,Married,Desktop,No
CUST-02806,18.0,Male,24,32.51,767.38,One Year,Mailed Check,DSL,No,Yes,1,3.0,3,15.3,81.0,49.55,0,Single,Desktop,No
CUST-02807,40.0,Male,40,72.63,2843.48,Two Year,Credit Card,Fiber Optic,No,Yes,1,2.0,1,6.4,15.0,206.68,1,Married,Desktop,No
CUST-02808,30.0,Male,8,24.18,114.77,One Year,Mailed Check,None,No,No,4,5.0,4,7.4,10.0,34.8,1,Single,Desktop,No
CUST-02809,54.0,Female,5,106.09,548.59,Two Year,Credit Card,Fiber Optic,Yes,Yes,1,1.0,1,12.5,4.0,53.26,4,Married,Desktop,No
CUST-02810,34.0,Male,26,32.21,799.43,Month-to-Month,Electronic Check,Fiber Optic,No,Yes,2,3.0,3,12.9,16.0,281.05,0,Married,Mobile,Yes
CUST-02811,40.0,Female,26,85.39,2253.58,Two Year,Bank Transfer,DSL,No Internet,Yes,1,3.0,2,23.6,13.0,85.16,1,Married,Desktop,No
CUST-02812,33.0,Male,55,57.12,3075.04,Month-to-Month,Credit Card,DSL,No,No,2,5.0,1,1.3,77.0,208.21,0,Single,Mobile,No
CUST-02813,66.0,Male,1,57.98,31.03,Two Year,Mailed Check,None,No,No,1,3.0,2,12.5,7.0,279.87,0,Married,Mobile,No
CUST-02814,,Male,46,94.49,4280.01,One Year,Credit Card,DSL,No,No,2,2.0,3,6.4,2.0,12.44,0,Married,Mobile,No
CUST-02815,67.0,Male,17,67.95,1176.88,One Year,Mailed Check,None,No,Yes,1,3.0,1,26.9,9.0,139.96,2,Married,Mobile,Yes
CUST-02816,53.0,Female,23,90.57,2115.55,One Year,Credit Card,DSL,No,No,2,3.0,1,6.5,23.0,160.55,1,Married,Mobile,No
CUST-02817,48.0,Female,2,68.52,153.97,Two Year,Credit Card,DSL,Yes,No,1,1.0,2,9.5,11.0,228.23,1,Divorced,Desktop,No
CUST-02818,,Female,13,77.29,950.47,Two Year,Mailed Check,DSL,No,No,2,4.0,1,3.9,11.0,289.24,2,Married,Mobile,No
CUST-02819,47.0,Male,6,94.07,527.13,Month-to-Month,Electronic Check,Fiber Optic,No,No,0,3.0,5,5.3,15.0,12.25,2,Single,Tablet,Yes
CUST-02820,18.0,Male,7,78.73,562.83,Month-to-Month,Bank Transfer,Fiber Optic,No Internet,No,1,3.0,4,12.2,61.0,114.11,3,Married,Mobile,No
CUST-02821,38.0,Male,16,79.56,1188.57,Month-to-Month,Credit Card,None,Yes,Yes,2,2.0,3,8.3,32.0,129.27,3,Married,Mobile,Yes
CUST-02822,53.0,Female,40,96.92,3864.74,Month-to-Month,Electronic Check,Fiber Optic,Yes,No,2,3.0,1,3.4,22.0,290.01,2,Married,Desktop,Yes
CUST-02823,41.0,Male,32,112.91,3688.97,Month-to-Month,Bank Transfer,DSL,No Internet,No,1,5.0,3,9.6,15.0,228.04,1,Married,Mobile,No
CUST-02824,22.0,Female,21,55.67,1160.07,One Year,Bank Transfer,Fiber Optic,No,No,2,4.0,3,2.7,2.0,280.59,0,Married,Tablet,No
CUST-02825,41.0,Male,18,75.71,1288.35,Month-to-Month,Electronic Check,Fiber Optic,No Internet,No,0,1.0,3,32.0,64.0,40.62,2,Divorced,Mobile,Yes
CUST-02826,65.0,Male,13,26.63,315.82,One Year,Electronic Check,Fiber Optic,No,No Internet,3,4.0,5,38.7,4.0,7.41,3,Single,Desktop,No
CUST-02827,59.0,Male,72,53.88,3847.83,Month-to-Month,Mailed Check,DSL,No,No Internet,1,1.0,4,3.9,6.0,291.31,0,Married,Desktop,Yes
CUST-02828,41.0,Male,19,59.2,1231.82,One Year,Electronic Check,DSL,No,No,2,4.0,2,1.0,17.0,99.28,2,Divorced,Mobile,No
CUST-02829,,Female,7,101.52,793.92,Month-to-Month,Bank Transfer,Fiber Optic,Yes,Yes,3,4.0,3,39.3,4.0,197.11,2,Married,Tablet,Yes
CUST-02830,36.0,Male,6,69.34,452.59,One Year,Bank Transfer,Fiber Optic,No,No,2,3.0,2,5.6,30.0,47.13,1,Married,Mobile,Yes
CUST-02831,18.0,Female,22,91.11,1987.27,One Year,Bank Transfer,Fiber Optic,Yes,No,1,,5,3.1,20.0,166.01,2,Married,Tablet,No
CUST-02832,29.0,Male,17,19.9,398.33,Month-to-Month,Credit Card,DSL,No,No,3,5.0,3,37.8,20.0,282.33,1,Divorced,Mobile,Yes
CUST-02833,63.0,Female,1,64.45,7.78,Month-to-Month,Bank Transfer,None,No Internet,No Internet,1,1.0,3,32.1,102.0,210.82,2,Divorced,Mobile,Yes
CUST-02834,38.0,Male,42,108.13,4595.29,Month-to-Month,Electronic Check,DSL,No,Yes,3,2.0,2,1.0,33.0,135.52,1,Single,Tablet,Yes
CUST-02835,,Female,29,40.43,1218.87,Two Year,Mailed Check,DSL,Yes,No,0,5.0,2,3.5,39.0,276.7,0,Divorced,Mobile,No
CUST-02836,37.0,Female,26,21.15,542.33,One Year,Electronic Check,Fiber Optic,No Internet,Yes,0,5.0,1,25.1,28.0,37.79,2,Married,Mobile,No
CUST-02837,68.0,Female,1,61.34,118.3,One Year,Electronic Check,Fiber Optic,Yes,Yes,0,3.0,2,4.7,9.0,140.79,8,Married,Desktop,No
CUST-02838,64.0,Male,10,88.44,862.04,Month-to-Month,Bank Transfer,DSL,No,,1,4.0,2,16.6,1.0,171.85,1,Divorced,Mobile,Yes
CUST-02839,73.0,Female,65,63.45,4061.0,Month-to-Month,Electronic Check,None,No Internet,No,4,2.0,1,1.0,24.0,4.1,2,Married,Mobile,No
CUST-02840,39.0,Male,47,64.0,3056.9,Month-to-Month,Electronic Check,Fiber Optic,Yes,No,3,5.0,4,27.6,17.0,5.41,1,Married,Mobile,No
CUST-02841,46.0,Male,8,84.98,675.58,Month-to-Month,Electronic Check,DSL,No Internet,Yes,3,3.0,1,8.2,3.0,185.47,2,Divorced,Desktop,Yes
CUST-02842,20.0,Male,4,43.44,203.85,Month-to-Month,Credit Card,Fiber Optic,No,No,1,4.0,4,9.5,58.0,196.34,2,Married,Desktop,Yes
CUST-02843,62.0,Male,14,93.19,1395.7,Month-to-Month,Electronic Check,Fiber Optic,No,No,2,2.0,1,24.8,20.0,294.53,0,Single,Mobile,Yes
CUST-02844,25.0,Female,10,33.31,296.99,One Year,Electronic Check,Fiber Optic,No Internet,Yes,1,4.0,1,9.1,18.0,93.14,1,Married,Tablet,Yes
CUST-02845,45.0,Male,27,57.58,1547.49,Month-to-Month,Credit Card,None,No,Yes,3,4.0,5,1.6,16.0,102.85,2,Divorced,Mobile,Yes
CUST-02846,26.0,Female,72,83.6,6097.68,Month-to-Month,Credit Card,Fiber Optic,No,Yes,3,3.0,5,10.5,40.0,178.34,0,Married,Desktop,Yes
CUST-02847,33.0,Female,10,100.84,1041.84,One Year,Electronic Check,Fiber Optic,No,No,0,5.0,1,9.2,1.0,222.6,2,Married,Desktop,Yes
CUST-02848,30.0,Female,1,97.15,62.16,One Year,Electronic Check,Fiber Optic,Yes,No,1,2.0,1,9.0,7.0,156.01,0,Single,Desktop,Yes
CUST-02849,33.0,Female,54,90.17,4821.43,One Year,Electronic Check,Fiber Optic,No,No,2,5.0,1,3.2,69.0,185.34,4,Married,Tablet,No
CUST-02850,34.0,Male,1,53.91,27.51,Month-to-Month,Credit Card,Fiber Optic,Yes,Yes,1,4.0,2,2.7,1.0,61.89,3,Divorced,Mobile,Yes
CUST-02851,34.0,Female,72,30.23,2139.64,Two Year,Credit Card,Fiber Optic,Yes,No Internet,0,5.0,2,22.6,28.0,214.8,4,Single,Tablet,No
CUST-02852,53.0,Male,26,39.68,1043.55,Two Year,Credit Card,None,Yes,No,1,4.0,2,14.5,8.0,120.81,4,Divorced,Mobile,No
CUST-02853,26.0,Female,68,104.48,7108.56,Month-to-Month,Bank Transfer,Fiber Optic,Yes,No,1,3.0,4,1.0,23.0,173.21,0,Married,Mobile,Yes
CUST-02854,45.0,Female,5,103.73,532.61,Month-to-Month,Bank Transfer,Fiber Optic,Yes,Yes,1,3.0,4,27.1,22.0,,0,Single,Mobile,Yes
CUST-02855,59.0,Female,1,113.16,71.12,Two Year,Mailed Check,Fiber Optic,Yes,No,2,4.0,5,1.9,,2.2,2,Married,Tablet,No
CUST-02856,34.0,Male,16,25.6,406.06,Two Year,Electronic Check,Fiber Optic,No,No,0,3.0,2,20.1,5.0,172.88,3,Married,Mobile,No
CUST-02857,31.0,Male,14,71.68,900.74,Month-to-Month,Mailed Check,DSL,Yes,No,0,1.0,1,1.5,30.0,282.78,1,Married,Desktop,Yes
CUST-02858,38.0,Male,9,82.87,753.08,Month-to-Month,Credit Card,None,No,No,0,3.0,3,53.3,45.0,29.77,2,Divorced,Desktop,Yes
CUST-02859,58.0,Male,72,89.07,6471.81,Two Year,Credit Card,DSL,No,No,1,4.0,4,34.6,5.0,32.59,3,Single,Mobile,No
CUST-02860,44.0,Male,41,82.39,3306.75,Month-to-Month,Credit Card,Fiber Optic,No Internet,No,2,4.0,1,3.0,46.0,59.81,3,Married,Mobile,No
CUST-02861,34.0,Female,26,95.0,2494.17,Two Year,Bank Transfer,Fiber Optic,No,No Internet,0,3.0,4,1.0,3.0,29.96,2,Married,Mobile,No
CUST-02862,48.0,Male,4,53.95,185.25,Month-to-Month,Credit Card,Fiber Optic,No Internet,No,0,3.0,1,1.0,9.0,256.08,3,Married,Desktop,No
CUST-02863,26.0,Female,31,35.94,,Two Year,Electronic Check,Fiber Optic,No,Yes,1,4.0,2,24.8,13.0,264.37,0,Single,Tablet,No
CUST-02864,51.0,Female,31,38.46,1200.19,Month-to-Month,Credit Card,DSL,Yes,No,0,3.0,2,1.2,11.0,142.17,3,Single,Mobile,No
CUST-02865,,Female,13,19.2,269.84,Month-to-Month,Credit Card,Fiber Optic,No,No,3,4.0,4,22.6,39.0,237.37,1,Married,Desktop,Yes
CUST-02866,37.0,Male,62,53.03,3291.1,Two Year,Bank Transfer,None,No,Yes,3,3.0,1,25.7,9.0,91.03,0,Married,Tablet,No
CUST-02867,30.0,Male,4,27.17,175.1,Month-to-Month,Bank Transfer,Fiber Optic,No,No,1,2.0,1,5.5,41.0,151.17,3,Single,Tablet,Yes
CUST-02868,29.0,Male,7,50.15,368.42,Month-to-Month,Electronic Check,DSL,No,No,1,2.0,3,19.9,1.0,161.34,4,Married,Desktop,No
CUST-02869,49.0,Male,1,80.82,45.55,Two Year,Electronic Check,None,No,No,3,3.0,5,25.7,11.0,91.89,4,Married,Mobile,No
CUST-02870,59.0,Female,38,107.45,4088.04,Month-to-Month,Credit Card,Fiber Optic,Yes,No Internet,2,2.0,1,22.8,73.0,,1,Single,Desktop,Yes
CUST-02871,33.0,Male,23,101.96,2326.64,Month-to-Month,Electronic Check,Fiber Optic,No Internet,No,2,5.0,2,3.2,14.0,252.93,1,Married,Desktop,Yes
CUST-02872,48.0,Female,9,43.27,397.55,Month-to-Month,Electronic Check,Fiber Optic,,No,0,4.0,4,8.9,19.0,283.53,3,Married,Mobile,Yes
CUST-02873,18.0,Female,4,31.41,104.65,One Year,Bank Transfer,Fiber Optic,No,No,0,2.0,4,1.1,41.0,91.42,0,Single,Mobile,No
CUST-02874,33.0,Female,1,37.31,3.47,One Year,Credit Card,DSL,No Internet,No,1,3.0,5,,1.0,277.51,2,Married,Mobile,No
CUST-02875,41.0,Male,4,115.1,470.36,Two Year,Electronic Check,None,No,Yes,1,3.0,4,8.8,36.0,188.18,1,Married,Desktop,Yes
CUST-02876,29.0,Male,14,72.95,1024.09,One Year,Credit Card,DSL,No,,1,4.0,2,34.9,1.0,180.09,1,Married,Tablet,No
CUST-02877,28.0,Female,6,36.25,270.7,Month-to-Month,Credit Card,Fiber Optic,No Internet,No Internet,2,5.0,1,1.0,24.0,36.86,1,Married,Desktop,No
CUST-02878,32.0,Female,7,102.07,693.74,Month-to-Month,Credit Card,Fiber Optic,No,,0,3.0,4,11.3,28.0,213.14,3,Single,Mobile,Yes
CUST-02879,46.0,Male,50,57.52,2776.96,Two Year,Bank Transfer,None,No,No,4,3.0,3,19.8,4.0,92.1,1,Married,Mobile,No
CUST-02880,39.0,Male,17,107.92,1816.45,One Year,Electronic Check,DSL,No Internet,No,1,3.0,2,9.4,57.0,127.93,1,Married,Mobile,No
CUST-02881,18.0,Male,31,44.07,1284.85,Two Year,Mailed Check,Fiber Optic,Yes,No,1,3.0,3,4.1,25.0,42.46,1,Married,Mobile,No
CUST-02882,18.0,Female,1,57.32,78.1,Two Year,Electronic Check,Fiber Optic,No,No Internet,3,1.0,2,14.1,5.0,69.16,2,Married,Mobile,No
CUST-02883,33.0,Male,10,68.49,601.21,Month-to-Month,Mailed Check,Fiber Optic,No,Yes,1,4.0,3,65.3,59.0,186.57,1,Married,Mobile,Yes
CUST-02884,48.0,Female,15,107.26,1559.48,One Year,Electronic Check,None,No,Yes,1,5.0,1,1.0,52.0,184.25,1,Single,Mobile,No
CUST-02885,18.0,Male,4,104.88,401.4,One Year,Credit Card,DSL,Yes,No Internet,1,4.0,3,3.3,33.0,,3,Married,Mobile,No
CUST-02886,35.0,Female,3,75.44,303.52,Month-to-Month,Bank Transfer,Fiber Optic,No,No,1,5.0,5,10.1,15.0,189.18,2,Married,Mobile,No
CUST-02887,34.0,Female,49,40.18,1915.18,Month-to-Month,Bank Transfer,DSL,No,No,1,2.0,3,13.7,20.0,260.15,2,Single,Tablet,Yes
CUST-02888,61.0,Female,67,58.34,3909.4,Two Year,Electronic Check,Fiber Optic,Yes,No,2,4.0,3,14.7,36.0,9.64,1,Single,Mobile,No
CUST-02889,36.0,Male,1,115.56,144.56,One Year,Electronic Check,DSL,No Internet,Yes,1,5.0,1,1.0,10.0,61.72,3,Single,Desktop,No
CUST-02890,47.0,Male,10,78.78,862.0,One Year,Electronic Check,None,Yes,Yes,3,1.0,1,2.0,27.0,88.85,1,Divorced,Mobile,No
CUST-02891,43.0,Male,72,96.11,6958.81,One Year,Credit Card,DSL,No,No Internet,2,5.0,3,43.4,29.0,173.15,0,Married,Desktop,No
CUST-02892,18.0,Female,2,62.99,180.68,One Year,Electronic Check,Fiber Optic,,Yes,1,1.0,3,1.2,7.0,199.77,1,Divorced,Mobile,Yes
CUST-02893,52.0,Female,24,71.2,1752.02,Month-to-Month,Credit Card,DSL,No,No,0,5.0,1,8.1,4.0,166.0,5,Divorced,Mobile,No
CUST-02894,45.0,Female,72,60.9,4324.34,One Year,Credit Card,Fiber Optic,No,No,2,2.0,5,12.9,5.0,209.32,4,Single,Mobile,Yes
CUST-02895,49.0,Male,72,88.29,6374.86,Month-to-Month,Bank Transfer,Fiber Optic,No Internet,No Internet,1,3.0,3,5.7,0.0,133.94,1,Divorced,Desktop,No
CUST-02896,80.0,Female,15,103.15,1589.68,Two Year,Electronic Check,DSL,No,No Internet,1,1.0,3,4.4,41.0,239.06,3,Married,Mobile,No
CUST-02897,18.0,Male,4,68.74,227.13,One Year,Credit Card,DSL,No,Yes,1,1.0,2,5.1,49.0,21.69,0,Divorced,Desktop,No
CUST-02898,66.0,Female,5,66.09,301.46,Two Year,Bank Transfer,DSL,No,No,1,5.0,4,5.0,48.0,185.96,2,Married,Desktop,No
CUST-02899,37.0,Male,52,52.03,2665.4,Month-to-Month,Bank Transfer,DSL,No,No Internet,5,1.0,4,7.2,,12.98,2,Divorced,Mobile,Yes
CUST-02900,46.0,Female,58,35.71,2109.81,Two Year,Credit Card,DSL,No,No Internet,1,4.0,3,1.9,2.0,69.29,2,Married,Tablet,No
CUST-02901,41.0,Male,22,111.92,2458.78,Two Year,Electronic Check,Fiber Optic,No,No,1,5.0,1,28.8,80.0,18.53,1,Married,Mobile,Yes
CUST-02902,36.0,Male,34,49.61,1670.7,One Year,Credit Card,Fiber Optic,Yes,Yes,1,5.0,1,21.4,20.0,178.27,0,Married,Mobile,No
CUST-02903,34.0,Female,32,98.07,3074.16,Month-to-Month,Electronic Check,Fiber Optic,Yes,No,2,5.0,2,1.0,14.0,63.13,1,Single,Mobile,Yes
CUST-02904,46.0,Male,26,89.53,,Month-to-Month,Bank Transfer,DSL,No,No,2,5.0,1,21.5,4.0,27.6,1,Divorced,Mobile,Yes
CUST-02905,,Female,42,97.09,4049.4,One Year,Bank Transfer,DSL,No,No Internet,1,1.0,2,26.4,19.0,232.01,3,Single,Mobile,No
CUST-02906,52.0,Female,27,111.68,3027.53,One Year,Mailed Check,Fiber Optic,No,No,1,5.0,1,38.3,34.0,0.17,1,Married,Mobile,No
CUST-02907,36.0,Female,18,80.34,1388.97,Month-to-Month,Electronic Check,Fiber Optic,No,Yes,0,1.0,2,14.2,2.0,164.72,2,Divorced,Mobile,No
CUST-02908,26.0,Male,6,107.8,655.7,One Year,Electronic Check,DSL,No,Yes,2,2.0,5,28.7,114.0,275.83,1,Single,Mobile,Yes
CUST-02909,35.0,Female,32,,1090.69,One Year,Credit Card,Fiber Optic,No,No Internet,3,2.0,3,21.4,74.0,,2,Single,Mobile,Yes
CUST-02910,59.0,Female,15,80.67,1147.59,Month-to-Month,Credit Card,DSL,No,No,1,,1,1.0,65.0,181.15,2,Married,Mobile,Yes
CUST-02911,34.0,Male,8,95.23,695.48,Month-to-Month,Electronic Check,DSL,No,No,7,2.0,3,25.0,15.0,30.95,2,Married,Tablet,Yes
CUST-02912,47.0,Female,38,45.16,1657.23,Month-to-Month,Bank Transfer,Fiber Optic,Yes,No,3,3.0,1,13.0,58.0,237.06,0,Married,Tablet,No
CUST-02913,31.0,Male,28,92.08,2567.92,Month-to-Month,Mailed Check,DSL,No,No Internet,2,4.0,5,15.8,4.0,100.61,4,Single,Mobile,Yes
CUST-02914,52.0,Male,66,95.85,6332.15,Month-to-Month,Bank Transfer,None,No,Yes,1,3.0,2,32.4,72.0,46.03,2,Married,Desktop,Yes
CUST-02915,51.0,Male,4,101.12,417.97,Two Year,Bank Transfer,None,No,No,4,2.0,2,1.0,57.0,296.53,1,Divorced,Mobile,Yes
CUST-02916,67.0,Male,25,49.29,1247.63,Month-to-Month,Bank Transfer,Fiber Optic,No,No Internet,0,3.0,1,1.7,26.0,27.33,2,Married,Desktop,Yes
CUST-02917,39.0,Male,6,86.16,,Month-to-Month,Electronic Check,DSL,Yes,No,2,3.0,2,12.8,32.0,215.48,1,Married,Mobile,No
CUST-02918,51.0,Female,56,48.43,2765.0,Month-to-Month,Credit Card,DSL,Yes,Yes,2,4.0,2,7.9,12.0,105.89,3,Married,Tablet,No
CUST-02919,43.0,Female,2,91.9,,Two Year,Mailed Check,Fiber Optic,Yes,Yes,2,4.0,3,8.1,89.0,252.4,1,Divorced,Desktop,Yes
CUST-02920,60.0,Male,25,64.3,1630.01,Month-to-Month,Bank Transfer,Fiber Optic,Yes,Yes,0,5.0,1,5.6,2.0,164.19,3,Married,Desktop,No
CUST-02921,31.0,Female,37,77.75,2868.54,Two Year,Electronic Check,None,No,No Internet,3,5.0,2,25.6,66.0,267.15,1,Divorced,Tablet,No
CUST-02922,52.0,Female,10,59.58,614.58,Month-to-Month,Bank Transfer,DSL,No Internet,Yes,1,1.0,2,1.6,9.0,166.31,2,Married,Mobile,No
CUST-02923,39.0,Female,72,34.2,2451.68,Month-to-Month,Electronic Check,Fiber Optic,Yes,No Internet,5,2.0,1,11.4,49.0,97.08,1,Single,Mobile,Yes
CUST-02924,41.0,Female,45,35.8,1630.68,One Year,Credit Card,Fiber Optic,Yes,Yes,3,5.0,1,9.2,1.0,288.16,2,Divorced,Mobile,No
CUST-02925,43.0,Female,8,25.76,205.71,One Year,Electronic Check,None,No Internet,Yes,1,4.0,1,12.0,8.0,136.78,2,Married,Mobile,Yes
CUST-02926,45.0,Male,1,79.81,120.5,One Year,Bank Transfer,Fiber Optic,No,No Internet,3,4.0,4,1.0,6.0,255.08,1,Divorced,Desktop,No
CUST-02927,40.0,Male,8,102.86,781.95,Two Year,Bank Transfer,Fiber Optic,No,No Internet,1,3.0,3,16.8,114.0,252.0,2,Single,Desktop,No
CUST-02928,45.0,Male,7,20.08,52.07,Month-to-Month,Credit Card,None,No Internet,Yes,1,4.0,5,1.0,7.0,168.78,2,Married,Mobile,No
CUST-02929,64.0,Female,52,24.62,1231.57,One Year,Electronic Check,DSL,No,,0,2.0,2,11.3,13.0,150.28,3,Single,Desktop,No
CUST-02930,55.0,Male,72,63.75,4643.45,One Year,Credit Card,DSL,No,No,0,4.0,4,4.6,10.0,88.6,0,Single,Tablet,No
CUST-02931,54.0,Female,1,91.77,84.04,Two Year,Credit Card,Fiber Optic,No,Yes,2,5.0,4,5.6,127.0,168.26,2,Single,Mobile,Yes
CUST-02932,35.0,Male,15,33.77,511.15,Month-to-Month,Credit Card,Fiber Optic,Yes,No Internet,1,3.0,2,20.1,28.0,172.39,2,Married,Mobile,Yes
CUST-02933,29.0,Female,19,45.17,805.55,Month-to-Month,Credit Card,DSL,No,No,1,3.0,3,63.9,13.0,72.08,2,Married,Desktop,Yes
CUST-02934,55.0,Male,2,41.2,85.68,One Year,Electronic Check,DSL,Yes,No,0,4.0,3,9.7,71.0,241.42,1,Married,Mobile,No
CUST-02935,54.0,Male,11,57.91,585.87,Two Year,Credit Card,DSL,No,Yes,1,5.0,2,16.6,36.0,101.25,0,Single,Desktop,No
CUST-02936,62.0,Male,9,40.5,320.71,Month-to-Month,Credit Card,Fiber Optic,Yes,Yes,1,5.0,2,4.3,36.0,226.22,3,Married,Tablet,No
CUST-02937,33.0,Male,18,53.26,938.56,Month-to-Month,Bank Transfer,Fiber Optic,No,No,1,4.0,1,12.1,19.0,296.4,2,Divorced,Mobile,Yes
CUST-02938,38.0,Male,25,90.85,2293.5,Month-to-Month,Bank Transfer,None,No,Yes,1,4.0,4,1.6,20.0,298.64,3,Divorced,Mobile,No
CUST-02939,19.0,Female,29,79.1,2321.49,One Year,Bank Transfer,Fiber Optic,Yes,No,2,5.0,2,28.5,39.0,258.99,3,Married,Desktop,No
CUST-02940,36.0,Male,3,26.12,107.31,Month-to-Month,Bank Transfer,Fiber Optic,Yes,,1,3.0,2,9.1,0.0,257.09,1,Single,Desktop,No
CUST-02941,55.0,Male,40,81.77,3191.4,Month-to-Month,Bank Transfer,Fiber Optic,No,Yes,1,5.0,2,6.7,17.0,241.79,2,Single,Desktop,No
CUST-02942,35.0,Female,27,65.71,1773.84,One Year,Bank Transfer,Fiber Optic,No,No,0,3.0,1,10.8,119.0,209.18,0,Divorced,Desktop,Yes
CUST-02943,50.0,Male,52,111.46,5786.08,Month-to-Month,Electronic Check,Fiber Optic,No Internet,No Internet,3,4.0,1,36.6,31.0,55.19,3,Married,Desktop,Yes
CUST-02944,39.0,Female,14,46.93,580.41,Month-to-Month,Credit Card,DSL,No Internet,No,0,5.0,3,22.5,14.0,32.39,4,Single,Mobile,No
CUST-02945,46.0,Female,53,90.62,4803.66,Month-to-Month,Mailed Check,None,Yes,No Internet,2,3.0,4,2.5,5.0,171.63,1,Married,Desktop,No
CUST-02946,25.0,Male,48,91.09,4359.8,Month-to-Month,Credit Card,None,No,Yes,3,2.0,2,21.9,13.0,202.98,2,Married,Mobile,No
CUST-02947,43.0,Male,13,40.15,,Month-to-Month,Electronic Check,DSL,No,No,1,5.0,2,7.5,19.0,120.17,0,Divorced,Desktop,Yes
CUST-02948,18.0,Male,11,108.32,,Month-to-Month,Bank Transfer,None,No,Yes,3,4.0,2,7.5,29.0,284.62,3,Married,Desktop,Yes
CUST-02949,39.0,Female,64,67.12,4268.21,Month-to-Month,Credit Card,DSL,No Internet,No Internet,1,,2,21.3,122.0,75.33,2,Married,Tablet,No
CUST-02950,19.0,Female,30,85.89,2622.99,One Year,Electronic Check,Fiber Optic,No,No,1,1.0,2,9.2,20.0,75.49,3,Married,Desktop,Yes
CUST-02951,58.0,Female,63,32.59,1942.11,Month-to-Month,Electronic Check,Fiber Optic,No,No,1,3.0,2,1.1,13.0,260.66,5,Single,Mobile,No
CUST-02952,52.0,Female,38,43.78,1660.43,One Year,Bank Transfer,DSL,No,No Internet,3,2.0,3,4.3,8.0,152.67,1,Single,Desktop,No
CUST-02953,48.0,Male,22,76.61,,Month-to-Month,Bank Transfer,DSL,Yes,No Internet,1,4.0,2,33.8,43.0,10.79,1,Married,Mobile,Yes
CUST-02954,63.0,Female,2,49.9,54.19,Month-to-Month,Credit Card,Fiber Optic,No,No Internet,2,4.0,5,13.4,18.0,58.77,1,Single,Desktop,No
CUST-02955,28.0,Female,8,67.97,570.0,Two Year,Mailed Check,Fiber Optic,Yes,No,0,5.0,2,29.7,38.0,169.53,1,Divorced,Tablet,No
CUST-02956,66.0,Female,72,55.4,3925.09,Month-to-Month,Electronic Check,DSL,Yes,No,2,3.0,1,5.5,10.0,97.79,1,Married,Tablet,Yes
CUST-02957,55.0,Female,9,82.06,667.35,Month-to-Month,Bank Transfer,DSL,Yes,No,1,3.0,5,17.5,13.0,146.82,2,Single,Mobile,No
CUST-02958,38.0,Female,2,66.71,252.52,Two Year,Electronic Check,None,No,No,1,1.0,1,23.1,93.0,238.19,3,Divorced,Desktop,No
CUST-02959,57.0,Male,29,18.46,467.38,One Year,Bank Transfer,Fiber Optic,No Internet,No,0,1.0,2,3.0,7.0,148.51,1,Married,Tablet,No
CUST-02960,26.0,Male,31,82.97,2654.6,One Year,Electronic Check,DSL,Yes,No,2,5.0,2,1.0,11.0,139.55,1,Single,Desktop,No
CUST-02961,30.0,Female,8,60.21,473.07,One Year,Bank Transfer,Fiber Optic,No,No,0,2.0,1,15.1,21.0,52.81,6,Married,Tablet,No
CUST-02962,33.0,Male,8,52.17,391.12,Month-to-Month,Bank Transfer,DSL,Yes,No Internet,1,3.0,5,12.9,22.0,43.89,4,Married,Mobile,Yes
CUST-02963,34.0,Female,15,27.41,439.49,Two Year,Credit Card,DSL,Yes,Yes,0,4.0,2,,2.0,129.5,4,Married,Desktop,No
CUST-02964,27.0,Male,1,40.04,106.87,Two Year,Mailed Check,None,No Internet,No,0,5.0,3,7.9,106.0,62.88,5,Single,Mobile,No
CUST-02965,59.0,Female,37,40.38,1436.76,Month-to-Month,Electronic Check,None,Yes,No,0,2.0,4,12.4,10.0,120.13,0,Married,Mobile,Yes
CUST-02966,38.0,Female,9,111.54,978.35,Two Year,Electronic Check,DSL,Yes,Yes,4,3.0,3,3.6,1.0,169.66,3,Married,Mobile,No
CUST-02967,46.0,Male,46,61.25,2859.84,Month-to-Month,Bank Transfer,None,Yes,Yes,0,2.0,3,1.5,8.0,33.76,0,Single,Mobile,Yes
CUST-02968,34.0,Female,38,22.21,858.38,One Year,Credit Card,None,Yes,Yes,1,2.0,3,24.2,15.0,58.94,2,Single,Mobile,No
CUST-02969,18.0,Female,25,31.88,852.1,Month-to-Month,Electronic Check,Fiber Optic,No,No Internet,1,3.0,2,38.9,7.0,257.14,1,Single,Tablet,Yes
CUST-02970,45.0,Female,9,25.9,258.86,One Year,Electronic Check,Fiber Optic,Yes,No Internet,0,4.0,3,8.9,5.0,190.04,3,Married,Mobile,No
CUST-02971,18.0,Male,17,76.89,1397.54,Month-to-Month,Mailed Check,DSL,No,Yes,1,4.0,1,2.2,21.0,223.45,0,Married,Mobile,Yes
CUST-02972,41.0,Male,14,36.66,522.17,One Year,Credit Card,DSL,No,No,1,3.0,1,8.2,47.0,146.59,5,Single,Desktop,Yes
CUST-02973,22.0,Male,9,67.86,621.83,Month-to-Month,Electronic Check,Fiber Optic,No,No,2,4.0,5,4.9,36.0,206.67,1,Divorced,Mobile,Yes
CUST-02974,69.0,Male,45,55.01,2491.54,Month-to-Month,Electronic Check,None,No Internet,No,3,1.0,1,10.1,16.0,129.99,4,Married,Desktop,No
CUST-02975,54.0,Female,15,98.39,1468.73,One Year,Credit Card,Fiber Optic,Yes,No,1,5.0,2,,3.0,38.87,2,Married,Mobile,No
CUST-02976,43.0,Female,42,50.05,2144.5,Two Year,Bank Transfer,DSL,No,No Internet,1,5.0,1,30.3,92.0,131.19,2,Married,Mobile,No
CUST-02977,59.0,Female,2,,139.51,Month-to-Month,Credit Card,DSL,No,No Internet,1,4.0,5,1.0,12.0,187.83,4,Single,Desktop,Yes
CUST-02978,30.0,Female,3,90.13,309.8,Two Year,Electronic Check,Fiber Optic,Yes,Yes,2,3.0,1,8.4,3.0,75.87,1,Married,Tablet,No
CUST-02979,49.0,Female,72,61.34,4463.7,Month-to-Month,Mailed Check,Fiber Optic,No Internet,No,1,5.0,3,16.2,12.0,211.15,0,Married,Tablet,No
CUST-02980,44.0,Male,21,97.32,2065.14,Two Year,Mailed Check,DSL,No,Yes,1,5.0,3,15.8,35.0,40.06,2,Single,Mobile,No
CUST-02981,45.0,Female,17,84.17,1455.98,One Year,Electronic Check,Fiber Optic,Yes,No,6,1.0,1,5.3,8.0,69.51,3,Single,Desktop,Yes
CUST-02982,59.0,Male,17,59.05,953.33,Two Year,Bank Transfer,Fiber Optic,Yes,No Internet,2,3.0,3,10.4,6.0,217.61,1,Divorced,Desktop,No
CUST-02983,52.0,Female,5,68.4,314.48,One Year,Electronic Check,DSL,No,No,3,2.0,5,10.3,9.0,70.44,3,Married,Desktop,No
CUST-02984,46.0,Male,30,114.72,3483.77,One Year,Mailed Check,DSL,No Internet,No,1,2.0,2,2.1,24.0,188.71,2,Single,Mobile,No
CUST-02985,18.0,Male,2,84.16,239.5,Month-to-Month,Electronic Check,DSL,No,No Internet,2,1.0,2,7.0,62.0,211.76,4,Married,Mobile,Yes
CUST-02986,28.0,Female,20,108.5,2072.98,Two Year,Bank Transfer,None,No,No,2,4.0,2,1.9,4.0,63.7,0,Single,Mobile,No
CUST-02987,40.0,Female,20,35.88,689.21,Two Year,Mailed Check,Fiber Optic,Yes,Yes,1,3.0,1,,4.0,151.55,4,Single,Mobile,No
CUST-02988,43.0,Female,58,66.32,3847.74,Month-to-Month,Electronic Check,Fiber Optic,No,No,1,3.0,5,1.0,16.0,282.63,2,Single,Tablet,No
CUST-02989,26.0,Female,17,108.87,1806.83,Month-to-Month,Mailed Check,Fiber Optic,No Internet,No,2,1.0,2,8.6,4.0,177.54,0,Divorced,Desktop,No
CUST-02990,75.0,Male,3,50.26,109.65,One Year,Mailed Check,Fiber Optic,No,Yes,0,1.0,2,19.6,116.0,11.13,0,Divorced,Mobile,No
CUST-02991,63.0,Female,20,114.77,2319.15,Two Year,Bank Transfer,DSL,Yes,Yes,1,4.0,2,62.5,63.0,58.6,2,Single,Tablet,No
CUST-02992,50.0,Male,2,27.71,134.49,Month-to-Month,Mailed Check,Fiber Optic,Yes,No Internet,3,4.0,1,12.7,2.0,246.07,2,Single,Desktop,Yes
CUST-02993,43.0,Female,5,108.27,439.76,Two Year,Electronic Check,Fiber Optic,No,Yes,3,3.0,1,5.3,71.0,143.35,1,Married,Mobile,No
CUST-02994,39.0,Female,1,62.52,54.0,Month-to-Month,Credit Card,DSL,Yes,No,2,1.0,3,3.5,10.0,20.97,2,Married,Mobile,Yes
CUST-02995,28.0,Male,17,25.37,454.45,Two Year,Electronic Check,DSL,No,No,1,4.0,2,17.8,11.0,107.67,3,Single,Mobile,No
CUST-02996,43.0,Female,2,105.95,250.91,One Year,Bank Transfer,Fiber Optic,Yes,No Internet,1,5.0,5,1.0,12.0,214.29,1,Single,Mobile,No
CUST-02997,45.0,Female,15,43.19,663.81,Month-to-Month,Credit Card,Fiber Optic,No Internet,No Internet,2,,2,4.6,2.0,223.22,1,Single,Desktop,No
CUST-02998,24.0,Male,64,20.23,1382.79,Month-to-Month,Mailed Check,DSL,No,No Internet,1,2.0,2,17.5,45.0,176.33,1,Married,Mobile,Yes
CUST-02999,46.0,Female,30,31.58,948.85,One Year,Credit Card,Fiber Optic,No,Yes,3,4.0,5,8.8,6.0,225.48,1,Divorced,Desktop,No
CUST-03000,39.0,Female,1,83.91,149.51,One Year,Mailed Check,None,No,No,1,1.0,1,10.4,6.0,127.26,2,Married,Tablet,No
CUST-03001,18.0,Female,6,115.78,662.36,Two Year,Credit Card,DSL,Yes,No,3,2.0,3,55.6,43.0,142.94,5,Single,Mobile,No
CUST-03002,29.0,Male,26,29.15,760.8,One Year,Bank Transfer,Fiber Optic,Yes,No Internet,3,3.0,1,7.8,1.0,129.03,2,Single,Desktop,No
CUST-03003,36.0,Male,54,64.19,3405.62,One Year,Bank Transfer,Fiber Optic,No Internet,Yes,2,3.0,5,13.6,12.0,87.78,0,Married,Mobile,No
CUST-03004,68.0,Female,1,36.06,81.1,Two Year,Electronic Check,DSL,No,Yes,1,5.0,2,,24.0,195.05,1,Married,Mobile,No
CUST-03005,49.0,Male,40,92.5,3693.98,One Year,Credit Card,Fiber Optic,Yes,Yes,0,4.0,4,17.4,3.0,198.84,2,Married,Tablet,No
CUST-03006,23.0,Female,19,29.81,584.28,Two Year,Mailed Check,None,No,No,2,3.0,4,10.8,16.0,259.28,0,Married,Mobile,No
CUST-03007,48.0,Male,18,41.98,739.97,Two Year,Electronic Check,None,Yes,No,2,5.0,4,5.9,13.0,95.68,0,Married,Desktop,No
CUST-03008,20.0,Female,72,37.64,2739.4,Two Year,Electronic Check,DSL,Yes,No,2,3.0,3,56.2,11.0,192.57,3,Single,Desktop,No
CUST-03009,57.0,Female,33,73.25,2437.12,Month-to-Month,Credit Card,None,Yes,Yes,0,4.0,5,5.2,9.0,102.8,5,Divorced,Desktop,No
CUST-03010,35.0,Male,45,105.32,4689.67,One Year,Bank Transfer,Fiber Optic,Yes,No,1,4.0,3,1.8,12.0,271.52,2,Single,Tablet,No
CUST-03011,40.0,Male,10,69.11,644.26,Month-to-Month,Mailed Check,DSL,No,No,0,4.0,3,39.0,14.0,97.3,4,Married,Desktop,No
CUST-03012,60.0,Female,19,23.82,451.19,Month-to-Month,Credit Card,DSL,No Internet,No,2,,1,5.8,4.0,236.45,1,Single,Tablet,Yes
CUST-03013,23.0,Female,22,74.34,1668.46,Month-to-Month,Credit Card,None,No,No,3,5.0,2,13.3,6.0,249.98,3,Single,Desktop,Yes
CUST-03014,22.0,Male,9,97.75,972.89,Two Year,Bank Transfer,Fiber Optic,No,No,0,3.0,3,15.6,72.0,107.82,2,Single,Mobile,No
CUST-03015,33.0,Female,20,31.22,639.55,Month-to-Month,Mailed Check,None,Yes,Yes,0,,1,4.5,86.0,63.77,3,Single,Mobile,Yes
CUST-03016,56.0,Male,6,,202.0,Month-to-Month,Bank Transfer,DSL,Yes,No Internet,0,4.0,5,8.3,147.0,22.11,1,Married,Tablet,Yes
CUST-03017,20.0,Male,3,36.78,29.7,Month-to-Month,Bank Transfer,Fiber Optic,No,Yes,0,5.0,1,2.5,19.0,273.2,3,Married,Mobile,No
CUST-03018,18.0,Female,11,92.61,1119.36,Month-to-Month,Electronic Check,DSL,No Internet,No Internet,3,3.0,3,32.4,4.0,196.19,1,Married,Mobile,Yes
CUST-03019,35.0,Male,32,77.17,2499.72,One Year,Mailed Check,DSL,Yes,No,4,4.0,1,13.2,34.0,245.96,3,Married,Mobile,No
CUST-03020,49.0,Female,59,72.06,4249.06,Month-to-Month,Credit Card,None,No,No,2,2.0,1,33.1,82.0,185.53,0,Single,Desktop,No
CUST-03021,58.0,Male,14,42.95,593.07,Month-to-Month,Credit Card,DSL,No Internet,Yes,0,4.0,3,4.5,0.0,47.9,1,Married,Desktop,No
CUST-03022,35.0,Male,24,51.22,1173.92,One Year,Credit Card,Fiber Optic,No,No Internet,0,4.0,2,15.1,0.0,91.07,5,Divorced,Mobile,No
CUST-03023,36.0,Male,2,114.59,188.12,Month-to-Month,Credit Card,None,Yes,No,2,3.0,1,3.7,28.0,101.25,4,Single,Tablet,Yes
CUST-03024,58.0,Female,56,42.06,2450.88,Month-to-Month,Bank Transfer,None,Yes,No,1,3.0,2,5.1,1.0,129.15,1,Divorced,Desktop,No
CUST-03025,18.0,Female,20,108.16,2113.75,Two Year,Credit Card,Fiber Optic,No Internet,No Internet,2,,2,6.7,14.0,15.69,3,Single,Mobile,No
CUST-03026,36.0,Female,36,76.05,2687.39,Two Year,Bank Transfer,Fiber Optic,Yes,Yes,2,2.0,4,12.0,14.0,201.04,1,Single,Tablet,No
CUST-03027,44.0,Male,37,30.33,1087.1,Month-to-Month,Bank Transfer,Fiber Optic,No,No Internet,1,4.0,3,12.2,3.0,81.18,2,Married,Desktop,No
CUST-03028,48.0,Male,7,64.73,393.2,Month-to-Month,Bank Transfer,DSL,No,No,0,5.0,3,3.4,41.0,144.03,3,Married,Mobile,Yes
CUST-03029,34.0,Female,18,112.85,2032.07,Two Year,Mailed Check,DSL,No,No,0,4.0,5,1.0,3.0,17.9,3,Single,Mobile,No
CUST-03030,42.0,Male,72,59.86,4364.37,Month-to-Month,Credit Card,DSL,Yes,No Internet,2,4.0,3,22.2,9.0,209.12,4,Married,Mobile,No
CUST-03031,18.0,Female,2,104.34,178.16,One Year,Bank Transfer,Fiber Optic,,No,1,5.0,1,11.2,38.0,164.35,2,Single,Desktop,No
CUST-03032,32.0,Male,27,43.64,1109.61,One Year,Credit Card,DSL,Yes,No,1,4.0,5,5.6,28.0,271.54,0,Married,Tablet,Yes
CUST-03033,48.0,Female,72,75.09,5421.07,One Year,Bank Transfer,DSL,No,No,1,3.0,1,1.0,19.0,59.17,3,Divorced,Mobile,No
CUST-03034,28.0,Male,8,102.39,816.33,Two Year,Electronic Check,Fiber Optic,No,No,0,4.0,1,1.7,1.0,287.31,3,Single,Desktop,No
CUST-03035,42.0,Female,47,110.07,5223.43,Month-to-Month,Electronic Check,Fiber Optic,Yes,Yes,1,3.0,2,8.3,43.0,271.75,4,Single,Mobile,No
CUST-03036,48.0,Male,65,66.58,4304.97,Month-to-Month,Bank Transfer,Fiber Optic,No,Yes,0,5.0,1,9.9,52.0,88.72,1,Married,Tablet,No
CUST-03037,37.0,Male,32,81.97,2610.03,One Year,Mailed Check,DSL,No Internet,Yes,2,5.0,1,7.1,3.0,269.4,2,Divorced,Tablet,No
CUST-03038,44.0,Male,6,18.3,102.32,Two Year,Electronic Check,Fiber Optic,No Internet,Yes,2,5.0,2,12.5,128.0,87.59,0,Single,Desktop,No
CUST-03039,28.0,Male,9,43.32,394.33,Two Year,Credit Card,None,Yes,No,1,1.0,3,25.2,12.0,100.8,4,Divorced,Mobile,No
CUST-03040,39.0,Male,1,45.87,,One Year,Credit Card,DSL,No,Yes,1,3.0,2,17.0,16.0,272.7,2,Married,Desktop,No
CUST-03041,50.0,Female,42,27.35,1120.97,Two Year,Electronic Check,DSL,No,No,3,4.0,1,30.3,16.0,236.28,1,Married,Mobile,No
CUST-03042,44.0,Female,45,45.97,1976.13,Month-to-Month,Mailed Check,Fiber Optic,No,No,1,3.0,4,14.3,30.0,132.35,4,Single,Desktop,Yes
CUST-03043,33.0,Female,24,50.11,1174.37,Month-to-Month,Bank Transfer,None,No,No Internet,1,4.0,2,1.7,25.0,34.11,0,Divorced,Mobile,Yes
CUST-03044,45.0,Female,10,,1184.56,Month-to-Month,Credit Card,DSL,No Internet,No,4,4.0,4,2.4,24.0,138.98,0,Single,Desktop,No
CUST-03045,52.0,Female,1,84.86,127.37,Month-to-Month,Mailed Check,DSL,No,No,2,4.0,1,7.4,45.0,253.27,3,Divorced,Tablet,Yes
CUST-03046,18.0,Male,33,60.6,1976.24,One Year,Credit Card,DSL,No,No,2,3.0,2,5.0,78.0,177.58,4,Single,Mobile,No
CUST-03047,58.0,Male,31,116.81,3686.08,Two Year,Electronic Check,Fiber Optic,Yes,Yes,1,4.0,4,15.8,51.0,14.55,4,Single,Tablet,No
CUST-03048,37.0,Male,58,33.32,1931.12,One Year,Credit Card,None,No Internet,Yes,1,4.0,1,14.7,38.0,122.54,4,Single,Mobile,No
CUST-03049,47.0,Female,31,65.61,1967.02,One Year,Credit Card,Fiber Optic,No,No,2,4.0,5,9.3,1.0,209.97,1,Married,Desktop,No
CUST-03050,58.0,Male,42,82.71,3391.2,Month-to-Month,Bank Transfer,Fiber Optic,No,Yes,1,5.0,2,15.5,8.0,264.41,2,Single,Mobile,Yes
CUST-03051,22.0,Male,32,23.56,814.83,One Year,Electronic Check,Fiber Optic,No Internet,No,2,5.0,5,36.3,3.0,293.09,5,Married,Mobile,No
CUST-03052,32.0,Female,23,89.7,2044.45,Month-to-Month,Credit Card,DSL,No,No,0,2.0,3,10.2,57.0,251.02,5,Divorced,Desktop,No
CUST-03053,37.0,Male,13,27.99,303.17,One Year,Electronic Check,Fiber Optic,No,No,1,5.0,5,6.4,31.0,261.49,0,Single,Mobile,No
CUST-03054,31.0,Female,55,32.03,1648.69,Month-to-Month,Credit Card,DSL,No Internet,Yes,2,3.0,1,9.7,1.0,64.51,4,Married,Mobile,No
CUST-03055,66.0,Female,25,33.97,829.46,One Year,Bank Transfer,DSL,Yes,No,1,4.0,3,2.4,38.0,257.98,1,Single,Mobile,No
CUST-03056,30.0,Male,12,110.89,1350.92,Month-to-Month,Bank Transfer,DSL,No Internet,Yes,0,5.0,4,1.5,12.0,277.91,2,Single,Mobile,Yes
CUST-03057,34.0,Male,2,86.32,137.76,One Year,Electronic Check,Fiber Optic,Yes,No,1,4.0,5,7.9,23.0,190.26,1,Single,Mobile,No
CUST-03058,44.0,Female,8,83.54,615.66,Month-to-Month,Electronic Check,Fiber Optic,No,No,1,2.0,1,38.5,26.0,146.24,1,Married,Desktop,No
CUST-03059,25.0,Female,18,73.55,1296.43,Month-to-Month,Credit Card,Fiber Optic,Yes,No,2,3.0,1,29.8,5.0,243.41,1,Divorced,Tablet,No
CUST-03060,36.0,Male,7,47.28,393.12,Month-to-Month,Credit Card,DSL,Yes,No Internet,1,5.0,3,17.0,15.0,185.13,2,Married,Tablet,No
CUST-03061,46.0,Female,6,80.09,410.89,One Year,Mailed Check,DSL,No,No,2,3.0,1,19.0,16.0,248.29,3,Married,Mobile,No
CUST-03062,37.0,Female,17,59.01,971.08,One Year,Bank Transfer,DSL,Yes,Yes,1,5.0,1,29.6,28.0,135.43,1,Single,Desktop,No
CUST-03063,40.0,Male,4,32.54,190.7,Two Year,Bank Transfer,DSL,No Internet,No Internet,1,4.0,2,37.1,66.0,53.49,1,Married,Desktop,No
CUST-03064,34.0,Male,38,86.96,3329.19,One Year,Credit Card,Fiber Optic,Yes,No,2,5.0,2,16.2,28.0,275.28,2,Single,Mobile,No
CUST-03065,20.0,Female,15,30.96,473.36,Month-to-Month,Mailed Check,DSL,Yes,No,2,3.0,3,7.3,34.0,290.51,3,Married,Tablet,No
CUST-03066,46.0,Male,20,37.07,708.98,One Year,Mailed Check,Fiber Optic,No Internet,No,1,3.0,1,2.4,32.0,291.82,0,Married,Desktop,No
CUST-03067,66.0,Female,3,99.77,,Month-to-Month,Credit Card,Fiber Optic,No,No,2,3.0,2,1.0,2.0,286.69,1,Married,Mobile,Yes
CUST-03068,42.0,Male,9,84.01,729.2,Month-to-Month,Electronic Check,DSL,No,No,1,4.0,2,15.7,10.0,148.1,2,Married,Tablet,Yes
CUST-03069,45.0,Female,12,,930.23,One Year,Mailed Check,Fiber Optic,Yes,Yes,0,1.0,3,7.6,15.0,188.68,3,Single,Mobile,No
CUST-03070,51.0,Female,39,59.82,2278.98,Month-to-Month,Bank Transfer,DSL,No,No Internet,3,3.0,2,1.2,17.0,264.21,4,Married,Mobile,No
CUST-03071,24.0,Female,35,57.63,2056.25,Month-to-Month,Bank Transfer,Fiber Optic,No,No,0,5.0,2,4.9,55.0,6.99,1,Single,Desktop,Yes
CUST-03072,65.0,Male,6,87.03,519.16,One Year,Bank Transfer,None,No Internet,Yes,1,4.0,3,9.5,22.0,48.7,3,Divorced,Desktop,No
CUST-03073,44.0,Male,22,92.0,2039.73,One Year,Credit Card,Fiber Optic,No,No,0,2.0,3,23.0,50.0,49.5,3,Single,Desktop,No
CUST-03074,64.0,Female,6,69.02,421.7,One Year,Electronic Check,DSL,No Internet,No,1,3.0,1,5.7,71.0,66.17,1,Married,Mobile,Yes
CUST-03075,31.0,Male,72,,,Month-to-Month,Bank Transfer,None,No,No Internet,1,4.0,3,16.0,35.0,121.65,3,Married,Mobile,No
CUST-03076,67.0,Male,72,113.57,8164.3,Two Year,Bank Transfer,Fiber Optic,No,No,1,4.0,3,1.0,3.0,139.0,0,Single,Mobile,No
CUST-03077,52.0,Female,19,59.24,1101.48,One Year,Credit Card,Fiber Optic,No,No,4,3.0,2,49.2,6.0,117.31,4,Married,Mobile,No
CUST-03078,,Male,28,100.06,2760.92,Two Year,Electronic Check,Fiber Optic,No,No,1,4.0,4,53.5,52.0,263.64,2,Single,Desktop,No
CUST-03079,45.0,Male,38,72.33,2677.84,One Year,Electronic Check,DSL,Yes,No Internet,1,2.0,1,11.3,24.0,77.45,2,Single,Mobile,No
CUST-03080,38.0,Male,30,69.18,2019.3,One Year,Electronic Check,Fiber Optic,No,No,2,3.0,5,16.1,21.0,221.64,0,Single,Mobile,Yes
CUST-03081,58.0,Female,28,23.5,639.73,Month-to-Month,Mailed Check,Fiber Optic,No,No,2,4.0,2,21.7,104.0,292.5,1,Single,Tablet,No
CUST-03082,43.0,Female,72,75.4,5348.65,One Year,Credit Card,None,No,No,1,4.0,3,52.8,13.0,196.8,1,Married,Mobile,No
CUST-03083,18.0,Male,21,108.06,2200.15,One Year,Electronic Check,DSL,No,No Internet,0,5.0,1,11.8,1.0,13.42,4,Single,Mobile,No
CUST-03084,26.0,Male,24,96.01,2356.35,Month-to-Month,Electronic Check,Fiber Optic,No,No,3,3.0,3,21.1,8.0,34.16,1,Divorced,Mobile,No
CUST-03085,39.0,Male,45,96.63,4359.56,One Year,Credit Card,None,No Internet,Yes,2,2.0,2,3.2,10.0,251.63,4,Single,Mobile,No
CUST-03086,46.0,Female,26,33.99,861.15,One Year,Credit Card,DSL,No,Yes,2,1.0,5,,21.0,108.24,2,Married,Mobile,No
CUST-03087,41.0,Male,31,53.84,1782.62,One Year,Bank Transfer,None,Yes,Yes,2,3.0,2,18.7,0.0,121.22,2,Single,Desktop,No
CUST-03088,59.0,Female,6,41.32,165.51,Month-to-Month,Mailed Check,DSL,Yes,No Internet,3,3.0,3,38.6,133.0,265.47,2,Married,Mobile,Yes
CUST-03089,18.0,Male,11,49.59,594.27,Month-to-Month,Electronic Check,DSL,Yes,No Internet,2,3.0,1,12.6,1.0,211.67,3,Married,Mobile,Yes
CUST-03090,44.0,Female,3,75.95,222.28,Month-to-Month,Electronic Check,DSL,Yes,No,2,4.0,1,11.5,7.0,213.56,2,Married,Mobile,Yes
CUST-03091,18.0,Male,16,54.48,910.93,One Year,Credit Card,Fiber Optic,Yes,No,3,3.0,5,12.7,33.0,201.83,1,Single,Mobile,No
CUST-03092,52.0,Female,14,74.07,,Month-to-Month,Mailed Check,DSL,No,No,2,2.0,2,31.7,113.0,189.89,2,Married,Desktop,No
CUST-03093,40.0,Male,72,61.85,4359.59,Month-to-Month,Bank Transfer,Fiber Optic,Yes,Yes,1,4.0,4,24.1,21.0,226.54,1,Married,Mobile,Yes
CUST-03094,47.0,Male,22,46.66,1031.29,Two Year,Electronic Check,DSL,Yes,No,0,5.0,1,24.3,12.0,210.21,1,Divorced,Mobile,Yes
CUST-03095,29.0,Female,37,27.54,1035.76,Month-to-Month,Electronic Check,DSL,No Internet,No Internet,0,2.0,3,1.7,5.0,28.57,2,Single,Mobile,Yes
CUST-03096,59.0,Female,9,107.18,855.02,One Year,Credit Card,Fiber Optic,No Internet,Yes,2,2.0,3,21.4,70.0,66.14,0,Divorced,Desktop,Yes
CUST-03097,56.0,Male,42,19.14,901.08,Two Year,Electronic Check,DSL,No,No,6,3.0,5,21.9,1.0,32.63,2,Married,Mobile,No
CUST-03098,,Female,22,18.17,415.3,One Year,Credit Card,DSL,Yes,Yes,0,2.0,2,2.1,2.0,242.38,4,Single,Desktop,No
CUST-03099,40.0,Female,28,100.68,2852.64,One Year,Credit Card,Fiber Optic,No Internet,Yes,2,3.0,1,9.6,1.0,178.59,1,Married,Tablet,No
CUST-03100,50.0,Female,8,117.68,883.16,Two Year,Electronic Check,Fiber Optic,No,No,3,5.0,2,1.5,18.0,289.5,2,Married,Desktop,Yes
CUST-03101,32.0,Male,19,90.71,1758.02,Two Year,Credit Card,DSL,Yes,No,4,5.0,4,7.6,80.0,215.44,2,Single,Desktop,No
CUST-03102,53.0,Female,24,19.53,523.2,One Year,Bank Transfer,Fiber Optic,No,No,1,,1,15.4,24.0,148.6,0,Married,Mobile,No
CUST-03103,65.0,Female,21,40.67,866.75,Month-to-Month,Credit Card,DSL,Yes,No,0,1.0,1,3.7,13.0,279.79,2,Married,Desktop,Yes
CUST-03104,56.0,Male,59,115.18,6795.15,Month-to-Month,Bank Transfer,Fiber Optic,No Internet,No Internet,2,3.0,4,2.1,8.0,289.73,0,Married,Mobile,No
CUST-03105,31.0,Female,54,98.86,5293.76,Two Year,Credit Card,None,No Internet,No Internet,2,4.0,4,15.3,21.0,188.21,1,Single,Desktop,No
CUST-03106,47.0,Male,72,74.68,5366.15,Two Year,Electronic Check,None,Yes,No,5,4.0,1,26.3,17.0,187.82,5,Single,Mobile,No
CUST-03107,23.0,Male,26,41.69,1058.34,Two Year,Credit Card,DSL,No,No,0,,3,2.5,2.0,174.01,1,Married,Desktop,No
CUST-03108,50.0,Female,72,19.44,1428.28,One Year,Electronic Check,Fiber Optic,No,Yes,0,2.0,1,35.2,0.0,25.4,2,Single,Desktop,No
CUST-03109,48.0,Female,42,20.09,801.29,Month-to-Month,Electronic Check,Fiber Optic,No Internet,No,1,3.0,3,20.0,27.0,229.56,1,Single,Desktop,No
CUST-03110,18.0,Male,7,79.2,582.63,Month-to-Month,Bank Transfer,None,No,Yes,2,2.0,2,17.0,58.0,262.94,3,Married,Desktop,Yes
CUST-03111,25.0,Male,13,20.18,220.39,Month-to-Month,Mailed Check,None,Yes,No Internet,1,5.0,1,1.9,28.0,167.28,5,Married,Desktop,Yes
CUST-03112,38.0,Female,6,117.36,691.04,One Year,Credit Card,Fiber Optic,Yes,No,3,4.0,3,39.8,11.0,58.06,4,Single,Tablet,No
CUST-03113,37.0,Male,1,36.34,67.14,Month-to-Month,Credit Card,None,Yes,No Internet,3,3.0,4,9.6,4.0,243.73,3,Single,Desktop,No
CUST-03114,25.0,Female,4,89.07,321.09,Month-to-Month,Credit Card,None,No Internet,No,2,5.0,1,11.5,40.0,268.57,1,Single,Mobile,Yes
CUST-03115,47.0,Female,1,33.51,66.04,Two Year,Bank Transfer,Fiber Optic,No Internet,No Internet,1,5.0,1,10.8,36.0,241.86,6,Single,Mobile,No
CUST-03116,45.0,Male,30,72.01,2187.95,Month-to-Month,Mailed Check,Fiber Optic,No,No Internet,1,3.0,2,11.4,56.0,63.51,2,Single,Desktop,Yes
CUST-03117,39.0,Female,13,26.06,325.23,Two Year,Credit Card,Fiber Optic,Yes,Yes,1,4.0,5,26.0,122.0,65.06,3,Married,Mobile,No
CUST-03118,31.0,Female,8,94.68,815.53,Month-to-Month,Electronic Check,Fiber Optic,No,No,3,3.0,4,1.6,3.0,137.46,1,Married,Mobile,Yes
CUST-03119,56.0,Male,34,76.49,2604.55,Two Year,Electronic Check,Fiber Optic,No,Yes,2,3.0,4,,9.0,47.24,2,Married,Mobile,No
CUST-03120,65.0,Female,42,26.62,1173.15,Month-to-Month,Credit Card,Fiber Optic,Yes,No Internet,1,4.0,2,14.3,12.0,206.24,2,Divorced,Mobile,No
CUST-03121,35.0,Female,72,102.86,7495.59,Month-to-Month,Mailed Check,DSL,No,No,0,5.0,1,1.9,23.0,212.44,3,Married,Mobile,No
CUST-03122,33.0,Female,24,72.7,1732.73,One Year,Mailed Check,None,Yes,Yes,1,4.0,1,13.0,1.0,295.95,2,Divorced,Mobile,No
CUST-03123,48.0,Female,14,110.16,1574.49,Two Year,Mailed Check,None,No,No Internet,0,3.0,4,10.7,9.0,113.6,1,Single,Tablet,No
CUST-03124,36.0,Male,8,109.66,845.4,Month-to-Month,Bank Transfer,DSL,No,No,0,4.0,1,3.8,47.0,217.7,3,Married,Desktop,No
CUST-03125,40.0,Male,6,110.05,608.66,One Year,Credit Card,Fiber Optic,No,No,0,5.0,2,4.5,1.0,149.0,2,Married,Tablet,No
CUST-03126,52.0,Male,5,25.78,119.13,Two Year,Bank Transfer,Fiber Optic,No,No,3,4.0,2,1.4,51.0,48.7,1,Married,Mobile,No
CUST-03127,18.0,Male,12,30.1,293.07,Month-to-Month,Electronic Check,Fiber Optic,No,No Internet,0,3.0,2,18.3,6.0,273.62,3,Single,Mobile,Yes
CUST-03128,60.0,Male,72,116.77,8360.56,Two Year,Bank Transfer,Fiber Optic,No,No Internet,1,5.0,2,2.4,10.0,17.98,2,Single,Tablet,No
CUST-03129,43.0,Female,1,66.76,96.33,Month-to-Month,Electronic Check,Fiber Optic,Yes,No,1,1.0,2,23.3,37.0,12.65,2,Divorced,Desktop,No
CUST-03130,36.0,Female,5,41.82,183.42,Month-to-Month,Electronic Check,Fiber Optic,No,No,1,3.0,2,33.1,43.0,79.46,1,Married,Desktop,No
CUST-03131,40.0,Female,5,94.97,510.38,Month-to-Month,Credit Card,None,No Internet,Yes,0,5.0,2,4.1,7.0,299.87,5,Divorced,Desktop,No
CUST-03132,41.0,Female,30,44.43,1347.87,Month-to-Month,Bank Transfer,Fiber Optic,No,No,3,4.0,4,4.5,15.0,6.24,0,Single,Desktop,No
CUST-03133,18.0,Female,10,90.72,999.76,Month-to-Month,Mailed Check,Fiber Optic,No,Yes,1,4.0,3,2.0,8.0,126.92,2,Married,Desktop,Yes
CUST-03134,62.0,Female,14,101.73,1450.44,Month-to-Month,Credit Card,Fiber Optic,No,No,1,2.0,1,11.7,21.0,155.6,2,Single,Mobile,Yes
CUST-03135,42.0,Female,3,96.43,345.0,Month-to-Month,Bank Transfer,None,Yes,No,1,4.0,1,50.0,31.0,94.4,2,Divorced,Desktop,Yes
CUST-03136,48.0,Male,12,45.4,564.89,One Year,Credit Card,DSL,Yes,No,1,5.0,1,4.2,9.0,211.67,4,Married,Desktop,No
CUST-03137,55.0,Female,2,58.16,131.89,One Year,Bank Transfer,Fiber Optic,No,,2,,2,2.6,18.0,111.96,1,Divorced,Mobile,Yes
CUST-03138,,Female,18,59.33,1126.18,One Year,Bank Transfer,None,No,No,3,3.0,3,14.0,23.0,198.45,3,Single,Mobile,Yes
CUST-03139,48.0,Male,2,67.13,167.7,Month-to-Month,Credit Card,Fiber Optic,No Internet,Yes,1,3.0,1,29.1,,103.2,1,Single,Desktop,No
CUST-03140,38.0,Female,37,34.74,1295.88,Two Year,Credit Card,None,No,No,5,3.0,1,30.6,21.0,44.95,1,Divorced,Tablet,No
CUST-03141,53.0,Female,20,63.25,1275.28,Month-to-Month,Electronic Check,DSL,No,No,1,4.0,2,6.4,4.0,168.73,2,Single,Mobile,Yes
CUST-03142,18.0,Male,30,69.08,2099.31,Month-to-Month,Bank Transfer,None,No,No,1,3.0,3,23.2,1.0,165.82,4,Married,Desktop,No
CUST-03143,40.0,Female,13,71.17,891.64,One Year,Credit Card,Fiber Optic,No,No,3,3.0,2,13.5,1.0,79.03,4,Divorced,Mobile,No
CUST-03144,33.0,Male,11,99.99,1064.2,One Year,Mailed Check,None,No,No,2,3.0,2,19.8,108.0,108.38,0,Single,Desktop,No
CUST-03145,,Male,2,69.73,210.73,Month-to-Month,Electronic Check,Fiber Optic,No,No,3,4.0,4,16.9,2.0,130.55,0,Married,Desktop,Yes
CUST-03146,48.0,Female,17,41.08,791.58,Month-to-Month,Credit Card,DSL,No,Yes,1,3.0,2,2.0,14.0,168.74,1,Married,Tablet,No
CUST-03147,32.0,Female,17,84.31,1386.83,Two Year,Mailed Check,Fiber Optic,Yes,No,3,4.0,2,6.6,47.0,192.72,2,Married,Tablet,No
CUST-03148,32.0,Female,15,97.73,1432.5,One Year,Credit Card,Fiber Optic,No Internet,No,0,4.0,1,21.6,57.0,37.27,1,Married,Mobile,No
CUST-03149,40.0,Female,32,49.94,1655.21,Month-to-Month,Credit Card,Fiber Optic,No,Yes,3,4.0,3,21.4,9.0,43.59,1,Married,Mobile,Yes
CUST-03150,29.0,Male,42,82.53,3492.94,Two Year,Mailed Check,Fiber Optic,No,Yes,0,5.0,2,2.0,30.0,109.94,2,Divorced,Desktop,No
CUST-03151,53.0,Female,33,32.69,1112.59,Month-to-Month,Credit Card,Fiber Optic,No,Yes,2,5.0,1,9.3,38.0,124.77,2,Single,Desktop,Yes
CUST-03152,36.0,Female,3,52.19,201.4,One Year,Mailed Check,DSL,No,Yes,1,5.0,1,30.5,74.0,99.56,2,Married,Desktop,No
CUST-03153,18.0,Female,23,108.92,2493.12,Month-to-Month,Electronic Check,Fiber Optic,No,Yes,1,5.0,1,23.5,65.0,193.97,5,Married,Mobile,No
CUST-03154,36.0,Male,2,109.13,234.76,Month-to-Month,Bank Transfer,DSL,No Internet,Yes,1,1.0,1,13.0,17.0,289.1,0,Married,Desktop,No
CUST-03155,27.0,Female,28,75.53,2127.45,Month-to-Month,Credit Card,DSL,No,Yes,1,4.0,2,3.5,23.0,181.55,4,Single,Tablet,No
CUST-03156,19.0,Female,11,88.24,,One Year,Credit Card,Fiber Optic,No Internet,No Internet,5,3.0,2,5.9,48.0,52.15,0,Single,Mobile,Yes
CUST-03157,24.0,Female,3,103.4,325.95,Month-to-Month,Credit Card,Fiber Optic,No,No,2,4.0,2,15.9,27.0,98.47,3,Married,Mobile,Yes
CUST-03158,43.0,Female,47,113.86,5413.31,One Year,Mailed Check,None,No Internet,No,1,5.0,2,,13.0,163.52,0,Single,Tablet,No
CUST-03159,60.0,Male,22,66.99,1457.07,Two Year,Bank Transfer,Fiber Optic,No,Yes,2,1.0,2,14.3,90.0,94.0,2,Single,Mobile,No
CUST-03160,46.0,Female,10,74.16,749.23,One Year,Credit Card,None,No,No Internet,2,4.0,2,7.5,182.0,138.64,3,Married,Mobile,Yes
CUST-03161,33.0,Female,1,59.56,69.9,Month-to-Month,Electronic Check,DSL,Yes,No,1,5.0,3,12.9,81.0,173.58,4,Single,Tablet,No
CUST-03162,48.0,Male,18,25.2,439.37,Month-to-Month,Credit Card,None,No,No,2,4.0,1,1.0,12.0,211.81,1,Married,Desktop,Yes
CUST-03163,35.0,Female,61,60.28,3710.93,Month-to-Month,Credit Card,None,No,No,0,3.0,3,,8.0,70.51,3,Divorced,Mobile,No
CUST-03164,32.0,Female,21,97.06,2004.26,Month-to-Month,Credit Card,Fiber Optic,No,No,1,1.0,1,27.9,20.0,141.05,3,Divorced,Mobile,Yes
CUST-03165,25.0,Male,72,98.49,7157.91,Two Year,Electronic Check,DSL,No,No Internet,0,4.0,3,1.0,46.0,122.36,3,Married,Desktop,No
CUST-03166,18.0,Female,3,107.24,353.03,Two Year,Credit Card,Fiber Optic,Yes,Yes,2,1.0,2,7.6,9.0,28.79,0,Single,Tablet,No
CUST-03167,36.0,Male,20,23.15,416.16,Month-to-Month,Bank Transfer,DSL,No,No,3,4.0,2,28.3,15.0,180.59,3,Divorced,Mobile,No
CUST-03168,44.0,Male,38,70.72,2772.26,Month-to-Month,Credit Card,Fiber Optic,No,Yes,2,5.0,3,13.6,4.0,233.79,2,Single,Desktop,No
CUST-03169,40.0,Female,17,28.74,496.99,Two Year,Electronic Check,DSL,No,No,1,3.0,3,9.9,36.0,255.07,2,Married,Mobile,No
CUST-03170,36.0,Male,2,38.07,39.99,One Year,Bank Transfer,Fiber Optic,No,Yes,4,4.0,2,1.4,40.0,22.0,3,Divorced,Tablet,No
CUST-03171,28.0,Male,20,108.02,2215.63,One Year,Credit Card,DSL,No,No,2,4.0,5,20.0,20.0,169.37,4,Divorced,Desktop,No
CUST-03172,50.0,Male,22,67.68,1513.69,Month-to-Month,Bank Transfer,DSL,No,Yes,1,1.0,4,17.5,40.0,296.16,2,Married,Tablet,Yes
CUST-03173,23.0,Male,31,93.85,2820.75,Month-to-Month,Electronic Check,DSL,No,No,4,5.0,1,13.4,31.0,226.56,2,Married,Mobile,No
CUST-03174,52.0,Female,34,24.44,804.68,Two Year,Credit Card,DSL,No Internet,No,3,2.0,3,1.0,79.0,176.93,1,Married,Tablet,No
CUST-03175,27.0,Female,35,59.68,2102.75,Month-to-Month,Electronic Check,Fiber Optic,No,No Internet,4,3.0,3,15.4,26.0,8.95,3,Married,Desktop,Yes
CUST-03176,31.0,Female,26,85.42,2112.94,Two Year,Bank Transfer,DSL,No,Yes,0,5.0,1,1.0,13.0,18.78,3,Single,Mobile,No
CUST-03177,21.0,Female,5,31.34,160.95,Month-to-Month,Electronic Check,Fiber Optic,Yes,No,4,4.0,1,25.9,39.0,15.96,1,Single,Mobile,No
CUST-03178,34.0,Male,12,50.58,614.86,Two Year,Electronic Check,Fiber Optic,No Internet,No,3,3.0,5,30.5,1.0,238.2,3,Single,Desktop,No
CUST-03179,55.0,Female,35,24.45,796.58,One Year,Mailed Check,DSL,No,No Internet,2,2.0,5,11.4,19.0,163.02,3,Single,Mobile,No
CUST-03180,49.0,Female,72,83.13,5998.89,Month-to-Month,Bank Transfer,DSL,No,No Internet,2,3.0,2,28.3,101.0,91.84,2,Single,Desktop,Yes
CUST-03181,55.0,Female,1,115.09,115.46,Month-to-Month,Credit Card,Fiber Optic,Yes,No Internet,0,5.0,1,7.7,36.0,262.62,0,Married,Mobile,Yes
CUST-03182,49.0,Female,18,100.7,1753.04,One Year,Electronic Check,None,No Internet,Yes,3,2.0,1,5.1,197.0,243.49,4,Divorced,Desktop,No
CUST-03183,26.0,Female,8,115.46,969.66,Month-to-Month,Electronic Check,Fiber Optic,No Internet,Yes,1,5.0,3,9.9,14.0,233.45,1,Married,Mobile,No
CUST-03184,37.0,Female,6,,657.25,One Year,Mailed Check,Fiber Optic,No,No,1,3.0,3,12.3,14.0,232.15,1,Single,Mobile,No
CUST-03185,31.0,Male,16,103.52,1641.83,Month-to-Month,Credit Card,Fiber Optic,No,No,2,4.0,2,21.8,1.0,57.41,3,Divorced,Desktop,No
CUST-03186,60.0,Female,22,75.72,1655.91,Month-to-Month,Electronic Check,None,No Internet,No,3,4.0,1,13.8,13.0,262.69,1,Single,Mobile,No
CUST-03187,25.0,Male,1,69.83,106.14,One Year,Bank Transfer,None,,No,1,3.0,2,29.1,4.0,59.05,4,Married,Desktop,No
CUST-03188,54.0,Male,36,58.63,2100.65,One Year,Electronic Check,Fiber Optic,No,Yes,3,1.0,2,41.2,15.0,258.96,4,Married,Mobile,No
CUST-03189,54.0,Male,41,99.81,3995.66,Month-to-Month,Mailed Check,DSL,No,Yes,4,2.0,2,11.1,0.0,267.47,1,Married,Desktop,Yes
CUST-03190,67.0,Male,72,36.21,2631.47,Month-to-Month,Bank Transfer,Fiber Optic,No,No,1,4.0,2,19.0,17.0,213.72,3,Married,Mobile,No
CUST-03191,36.0,Male,4,23.62,53.82,One Year,Electronic Check,DSL,No,No Internet,1,5.0,1,9.9,83.0,212.67,1,Single,Desktop,No
CUST-03192,51.0,Male,21,112.79,2349.1,One Year,Bank Transfer,Fiber Optic,No,No,2,5.0,2,35.5,43.0,,1,Married,Desktop,No
CUST-03193,73.0,Female,13,18.38,311.83,Month-to-Month,Credit Card,Fiber Optic,No,Yes,1,2.0,2,1.0,8.0,93.94,1,Single,Mobile,Yes
CUST-03194,33.0,Female,9,115.68,1034.42,Month-to-Month,Bank Transfer,Fiber Optic,No Internet,No Internet,1,5.0,3,19.0,9.0,171.77,3,Single,Desktop,Yes
CUST-03195,20.0,Female,20,90.89,1817.89,Month-to-Month,Credit Card,Fiber Optic,No Internet,No,0,3.0,1,10.3,11.0,171.71,1,Married,Desktop,No
CUST-03196,18.0,Male,36,50.85,1856.08,One Year,Credit Card,DSL,No,No,3,5.0,4,1.0,2.0,101.88,0,Married,Mobile,No
CUST-03197,,Female,1,87.78,113.05,One Year,Credit Card,None,No,Yes,5,4.0,4,20.5,144.0,268.96,1,Single,Desktop,Yes
CUST-03198,18.0,Female,72,99.79,7138.92,Month-to-Month,Bank Transfer,DSL,No,No,2,5.0,3,7.5,33.0,39.36,3,Married,Desktop,No
CUST-03199,36.0,Male,39,42.54,1656.05,One Year,Bank Transfer,DSL,No,No,2,3.0,3,11.2,40.0,116.87,4,Single,Tablet,No
CUST-03200,48.0,Female,33,95.09,3139.78,Month-to-Month,Electronic Check,Fiber Optic,No,No Internet,2,,2,18.7,35.0,77.55,3,Married,Mobile,Yes
CUST-03201,44.0,Female,34,98.44,3360.56,One Year,Bank Transfer,None,No,No,2,4.0,3,4.4,18.0,278.7,4,Married,Mobile,No
CUST-03202,47.0,Male,11,42.94,486.8,Month-to-Month,Bank Transfer,Fiber Optic,No,No,0,3.0,3,5.1,50.0,42.84,1,Married,Mobile,Yes
CUST-03203,45.0,Female,33,22.19,861.64,One Year,Credit Card,Fiber Optic,No,No,1,5.0,2,6.6,8.0,141.23,1,Single,Tablet,No
CUST-03204,59.0,Female,11,38.41,363.72,One Year,Mailed Check,Fiber Optic,No Internet,Yes,1,3.0,5,20.7,14.0,12.63,2,Single,Desktop,No
CUST-03205,28.0,Male,54,38.06,2104.24,Two Year,Credit Card,DSL,No Internet,No,3,5.0,3,60.1,11.0,233.54,1,Married,Tablet,No
CUST-03206,32.0,Male,4,24.52,157.25,Two Year,Mailed Check,Fiber Optic,Yes,No,1,5.0,5,6.8,91.0,198.36,1,Married,Mobile,No
CUST-03207,,Male,8,90.6,749.44,One Year,Bank Transfer,Fiber Optic,No,No,0,4.0,2,14.2,1.0,252.82,1,Single,Mobile,No
CUST-03208,53.0,Male,19,56.0,1031.48,Two Year,Credit Card,None,No,No,1,1.0,1,5.9,2.0,87.85,2,Married,Mobile,No
CUST-03209,54.0,Female,9,106.44,1041.19,Month-to-Month,Bank Transfer,DSL,No,No Internet,3,3.0,2,31.4,93.0,165.88,4,Married,Mobile,No
CUST-03210,48.0,Female,13,43.22,452.26,Month-to-Month,Credit Card,DSL,No Internet,No,2,5.0,3,41.1,34.0,287.52,3,Married,Mobile,No
CUST-03211,58.0,Male,16,63.32,978.96,Two Year,Credit Card,Fiber Optic,No,Yes,0,4.0,4,3.2,30.0,75.82,0,Single,Mobile,Yes
CUST-03212,25.0,Female,46,81.9,3825.98,Two Year,Bank Transfer,Fiber Optic,No Internet,No,1,5.0,3,15.9,51.0,271.14,2,Married,Desktop,No
CUST-03213,65.0,Male,17,105.75,1779.24,One Year,Electronic Check,Fiber Optic,No,No Internet,4,3.0,2,35.5,74.0,284.27,1,Married,Mobile,Yes
CUST-03214,63.0,Male,10,70.46,784.42,Month-to-Month,Credit Card,DSL,Yes,No,2,5.0,1,9.7,67.0,113.42,1,Married,Desktop,No
CUST-03215,52.0,Male,6,55.35,256.51,Two Year,Electronic Check,DSL,No,No,0,5.0,1,6.1,66.0,99.5,2,Married,Mobile,Yes
CUST-03216,66.0,Female,12,104.7,1200.79,Month-to-Month,Electronic Check,None,No,No,1,5.0,1,35.4,54.0,84.97,1,Single,Tablet,No
CUST-03217,18.0,Male,17,49.02,806.76,Month-to-Month,Electronic Check,Fiber Optic,No,Yes,0,3.0,3,4.5,3.0,252.82,2,Divorced,Desktop,Yes
CUST-03218,34.0,Male,32,25.94,850.95,One Year,Credit Card,Fiber Optic,Yes,No,1,3.0,4,,30.0,205.12,3,Single,Mobile,No
CUST-03219,31.0,Male,3,62.5,176.4,Month-to-Month,Credit Card,Fiber Optic,Yes,No,0,2.0,1,31.9,20.0,62.81,0,Married,Desktop,Yes
CUST-03220,52.0,Female,6,96.51,554.54,Month-to-Month,Credit Card,Fiber Optic,No,Yes,1,4.0,2,15.1,45.0,256.53,3,Single,Mobile,No
CUST-03221,27.0,Female,11,21.08,302.9,Two Year,Electronic Check,Fiber Optic,No,No,0,4.0,2,3.1,93.0,57.45,0,Married,Tablet,No
CUST-03222,52.0,Male,10,76.59,841.57,Month-to-Month,Electronic Check,Fiber Optic,No Internet,Yes,7,3.0,1,15.4,13.0,146.94,4,Married,Mobile,Yes
CUST-03223,61.0,Male,11,77.45,831.23,Two Year,Bank Transfer,DSL,No,No,1,2.0,2,31.3,42.0,34.31,2,Married,Desktop,No
CUST-03224,51.0,Female,37,110.85,4015.96,Two Year,Credit Card,Fiber Optic,Yes,Yes,0,4.0,5,1.4,7.0,194.5,2,Single,Desktop,No
CUST-03225,45.0,Female,9,46.65,311.98,Two Year,Credit Card,DSL,No,No Internet,0,3.0,3,4.4,16.0,197.93,2,Married,Mobile,No
CUST-03226,28.0,Male,16,45.88,746.04,Two Year,Electronic Check,Fiber Optic,No,No,1,3.0,1,13.9,38.0,108.69,2,Married,Mobile,No
CUST-03227,30.0,Female,23,62.05,1459.95,One Year,Bank Transfer,Fiber Optic,No,No,2,3.0,1,1.8,2.0,31.21,5,Single,Desktop,No
CUST-03228,59.0,Female,6,53.69,325.29,One Year,Mailed Check,DSL,Yes,No,2,3.0,2,35.4,59.0,163.76,2,Married,Mobile,No
CUST-03229,52.0,Male,30,91.63,2745.35,Two Year,Mailed Check,Fiber Optic,Yes,Yes,0,,5,13.5,74.0,276.21,2,Single,Mobile,No
CUST-03230,41.0,Female,19,82.18,1521.19,Month-to-Month,Electronic Check,DSL,Yes,Yes,3,4.0,3,13.2,61.0,237.29,1,Married,Tablet,Yes
CUST-03231,36.0,Female,14,93.89,1347.21,Month-to-Month,Credit Card,None,No,No,2,1.0,2,1.0,0.0,172.26,2,Married,Mobile,Yes
CUST-03232,18.0,Female,39,100.0,3983.91,One Year,Credit Card,DSL,No,No,3,2.0,1,8.2,48.0,22.57,2,Married,Mobile,No
CUST-03233,27.0,Male,6,110.3,550.96,One Year,Credit Card,None,Yes,No,1,4.0,2,3.3,68.0,196.74,0,Married,Desktop,No
CUST-03234,68.0,Male,51,61.09,3111.71,One Year,Mailed Check,Fiber Optic,No,No,1,4.0,1,24.8,123.0,103.22,0,Married,Desktop,Yes
CUST-03235,24.0,Male,19,116.47,2164.41,One Year,Bank Transfer,DSL,No Internet,Yes,0,3.0,1,6.1,1.0,221.42,1,Divorced,Mobile,No
CUST-03236,44.0,Male,22,39.57,,One Year,Electronic Check,DSL,No,No,1,2.0,1,7.7,24.0,12.17,4,Divorced,Mobile,No
CUST-03237,56.0,Female,49,89.44,4326.06,One Year,Mailed Check,DSL,No,Yes,1,1.0,3,15.4,64.0,144.6,2,Married,Mobile,No
CUST-03238,24.0,Female,40,71.4,2874.98,Month-to-Month,Electronic Check,DSL,Yes,Yes,4,3.0,1,19.0,39.0,106.9,2,Single,Desktop,No
CUST-03239,44.0,Female,22,99.69,2213.43,Month-to-Month,Electronic Check,DSL,Yes,No,3,3.0,3,23.4,57.0,4.34,2,Single,Desktop,Yes
CUST-03240,55.0,Female,33,65.68,2240.45,One Year,Credit Card,DSL,No,No,2,5.0,3,2.9,35.0,141.08,2,Married,Desktop,No
CUST-03241,42.0,Male,13,96.39,1253.51,Month-to-Month,Credit Card,DSL,No,No Internet,3,1.0,1,4.6,0.0,45.55,4,Married,Mobile,No
CUST-03242,80.0,Female,19,111.02,2021.47,Two Year,Bank Transfer,Fiber Optic,No,Yes,0,3.0,4,1.5,63.0,6.57,1,Divorced,Desktop,Yes
CUST-03243,18.0,Female,1,91.23,79.32,Two Year,Mailed Check,Fiber Optic,No Internet,No,2,,1,29.1,28.0,184.52,0,Divorced,Desktop,No
CUST-03244,56.0,Male,2,95.61,121.9,One Year,Mailed Check,Fiber Optic,No,No,0,5.0,3,5.7,8.0,296.05,1,Divorced,Mobile,No
CUST-03245,39.0,Female,42,24.72,977.9,Two Year,Credit Card,DSL,No,No Internet,1,2.0,1,2.0,34.0,203.22,1,Married,Desktop,Yes
CUST-03246,52.0,Male,1,38.5,67.53,One Year,Credit Card,None,No,No,1,1.0,4,5.6,21.0,264.65,2,Single,Desktop,No
CUST-03247,48.0,Female,4,115.43,471.43,Month-to-Month,Electronic Check,Fiber Optic,Yes,No Internet,0,3.0,3,1.0,37.0,37.86,3,Single,Desktop,Yes
CUST-03248,31.0,Female,38,87.32,3347.54,One Year,Bank Transfer,Fiber Optic,No Internet,No,2,4.0,3,27.2,19.0,88.85,1,Divorced,Tablet,No
CUST-03249,45.0,Male,1,74.14,56.27,Month-to-Month,Credit Card,DSL,No,No,0,5.0,2,5.1,3.0,230.51,6,Married,Mobile,No
CUST-03250,18.0,Female,7,54.7,422.43,Month-to-Month,Bank Transfer,Fiber Optic,Yes,No,2,3.0,2,6.5,72.0,53.66,7,Married,Desktop,Yes
CUST-03251,,Female,21,22.44,450.57,Month-to-Month,Mailed Check,Fiber Optic,Yes,No Internet,0,3.0,2,42.3,34.0,178.72,1,Married,Mobile,No
CUST-03252,46.0,Male,21,54.91,1208.94,One Year,Mailed Check,None,No Internet,No,2,3.0,3,3.1,37.0,141.56,2,Divorced,Desktop,Yes
CUST-03253,50.0,Male,36,67.89,2461.27,One Year,Electronic Check,None,No,No,4,2.0,1,3.4,43.0,180.86,1,Married,Mobile,Yes
CUST-03254,56.0,Male,16,39.15,616.05,Month-to-Month,Electronic Check,Fiber Optic,Yes,No,1,5.0,4,12.3,21.0,289.82,1,Married,Mobile,Yes
CUST-03255,47.0,Female,17,,610.87,Month-to-Month,Credit Card,Fiber Optic,Yes,No,0,4.0,2,53.8,37.0,229.78,2,Single,Mobile,No
CUST-03256,44.0,Female,31,,2133.15,One Year,Electronic Check,Fiber Optic,No,No,2,3.0,2,34.7,7.0,296.73,5,Married,Mobile,No
CUST-03257,29.0,Female,16,76.59,1305.25,Month-to-Month,Credit Card,DSL,Yes,No,3,3.0,1,13.5,18.0,36.66,1,Divorced,Mobile,No
CUST-03258,32.0,Female,22,41.99,936.05,Month-to-Month,Credit Card,Fiber Optic,Yes,No,0,5.0,1,25.1,35.0,139.06,2,Married,Mobile,No
CUST-03259,58.0,Female,54,76.74,4143.88,One Year,Credit Card,DSL,No,Yes,4,4.0,2,10.0,49.0,73.99,0,Married,Mobile,Yes
CUST-03260,62.0,Male,12,108.03,1284.44,Month-to-Month,Bank Transfer,Fiber Optic,No,No,1,4.0,5,8.6,103.0,199.81,1,Married,Mobile,Yes
CUST-03261,38.0,Female,11,65.32,760.68,Month-to-Month,Mailed Check,DSL,No Internet,No,2,4.0,2,7.7,59.0,4.25,2,Single,Mobile,No
CUST-03262,42.0,Male,1,103.74,139.14,Month-to-Month,Mailed Check,DSL,Yes,Yes,1,4.0,1,9.1,1.0,268.04,1,Married,Desktop,No
CUST-03263,29.0,Male,22,110.73,2422.37,One Year,Electronic Check,Fiber Optic,No Internet,No Internet,3,2.0,2,18.4,5.0,180.31,1,Married,Mobile,Yes
CUST-03264,58.0,Female,1,27.24,0.0,Two Year,Electronic Check,DSL,No,Yes,1,2.0,1,25.8,34.0,201.23,5,Married,Tablet,No
CUST-03265,51.0,Male,16,27.58,396.18,Two Year,Credit Card,Fiber Optic,No,No,1,5.0,2,12.9,2.0,238.29,1,Married,Desktop,No
CUST-03266,69.0,Female,39,65.6,2549.19,One Year,Bank Transfer,Fiber Optic,Yes,No Internet,2,2.0,2,30.5,160.0,223.73,4,Single,Desktop,No
CUST-03267,29.0,Female,19,76.81,1526.84,Month-to-Month,Electronic Check,None,No Internet,Yes,3,3.0,1,15.3,19.0,206.18,1,Married,Mobile,Yes
CUST-03268,36.0,Male,7,60.59,411.62,Month-to-Month,Bank Transfer,Fiber Optic,No Internet,Yes,3,5.0,3,24.3,34.0,284.3,2,Single,Tablet,No
CUST-03269,45.0,Male,37,50.65,1844.34,Month-to-Month,Credit Card,Fiber Optic,No Internet,No,1,3.0,4,17.5,1.0,71.24,0,Divorced,Tablet,No
CUST-03270,51.0,Female,7,82.1,486.66,One Year,Electronic Check,None,Yes,Yes,3,,5,22.3,16.0,28.5,1,Married,Mobile,Yes
CUST-03271,38.0,Female,31,18.21,640.19,One Year,Credit Card,DSL,No Internet,No Internet,2,4.0,2,1.0,8.0,189.42,0,Single,Desktop,No
CUST-03272,29.0,Male,22,114.81,2554.27,One Year,Credit Card,Fiber Optic,No,Yes,2,3.0,2,30.3,3.0,19.32,2,Single,Mobile,No
CUST-03273,54.0,Male,4,41.21,204.64,Month-to-Month,Bank Transfer,Fiber Optic,Yes,No Internet,0,3.0,3,32.6,33.0,166.26,2,Married,Mobile,No
CUST-03274,52.0,Female,56,109.71,6191.84,Month-to-Month,Credit Card,DSL,Yes,Yes,0,3.0,3,27.6,112.0,209.8,2,Divorced,Desktop,No
CUST-03275,29.0,Female,5,28.9,,Month-to-Month,Electronic Check,DSL,No,No Internet,2,3.0,2,19.6,10.0,202.2,0,Single,Mobile,Yes
CUST-03276,60.0,Male,72,41.81,3014.55,One Year,Electronic Check,Fiber Optic,No Internet,No Internet,2,3.0,3,23.2,79.0,101.29,2,Single,Mobile,No
CUST-03277,58.0,Male,1,41.49,115.92,Month-to-Month,Credit Card,DSL,No Internet,No,0,4.0,4,3.0,0.0,203.46,0,Married,Desktop,No
CUST-03278,43.0,Female,7,117.62,832.32,One Year,Mailed Check,DSL,No,,4,5.0,1,1.0,32.0,100.48,3,Married,Desktop,No
CUST-03279,43.0,Female,5,18.46,121.68,Month-to-Month,Electronic Check,Fiber Optic,No,Yes,3,3.0,1,5.1,22.0,241.72,1,Divorced,Desktop,Yes
CUST-03280,49.0,Female,1,81.96,125.49,One Year,Credit Card,DSL,No,Yes,1,3.0,2,8.8,13.0,261.59,2,Divorced,Desktop,No
CUST-03281,29.0,Female,31,104.97,3286.22,Month-to-Month,Electronic Check,Fiber Optic,No,No,2,5.0,3,4.7,16.0,199.75,2,Married,Desktop,Yes
CUST-03282,42.0,Female,28,85.23,2380.03,Month-to-Month,Bank Transfer,DSL,Yes,No,0,3.0,3,30.7,27.0,188.23,2,Single,Mobile,No
CUST-03283,18.0,Male,37,54.27,2006.3,Month-to-Month,Electronic Check,DSL,No,No Internet,1,4.0,3,50.0,24.0,86.28,1,Married,Desktop,No
CUST-03284,54.0,Female,7,113.83,835.69,Month-to-Month,Electronic Check,Fiber Optic,No,No,2,4.0,2,22.1,21.0,139.58,1,Single,Mobile,Yes
CUST-03285,20.0,Male,14,107.35,1541.7,Month-to-Month,Credit Card,Fiber Optic,No,No,0,1.0,3,9.7,122.0,69.05,1,Single,Desktop,No
CUST-03286,63.0,Female,25,61.4,,Two Year,Electronic Check,None,,No,3,2.0,1,2.4,43.0,211.29,1,Married,Tablet,No
CUST-03287,37.0,Male,13,75.33,1006.84,Month-to-Month,Mailed Check,Fiber Optic,No,No Internet,3,4.0,1,30.8,5.0,195.11,3,Married,Desktop,Yes
CUST-03288,39.0,Male,28,114.75,,Month-to-Month,Bank Transfer,None,Yes,No,1,5.0,2,,74.0,32.77,1,Married,Desktop,Yes
CUST-03289,33.0,Female,24,116.26,2767.93,One Year,Credit Card,DSL,No Internet,No Internet,1,4.0,5,2.7,20.0,269.34,0,Single,Mobile,No
CUST-03290,37.0,Female,2,62.98,96.9,One Year,Credit Card,Fiber Optic,No,Yes,0,4.0,3,1.0,0.0,296.3,2,Divorced,Mobile,Yes
CUST-03291,61.0,Male,36,102.74,3737.67,Month-to-Month,Credit Card,Fiber Optic,No Internet,Yes,1,4.0,2,34.4,46.0,42.49,2,Married,Mobile,No
CUST-03292,18.0,Female,30,48.2,1417.29,One Year,Credit Card,Fiber Optic,Yes,No Internet,2,3.0,2,25.9,13.0,82.66,3,Divorced,Tablet,No
CUST-03293,59.0,Male,25,55.18,1378.46,One Year,Bank Transfer,None,No,No,3,4.0,4,40.8,,246.45,2,Married,Desktop,No
CUST-03294,46.0,Male,4,34.48,206.87,Month-to-Month,Credit Card,Fiber Optic,No Internet,Yes,2,1.0,2,6.6,23.0,118.48,1,Single,Desktop,No
CUST-03295,25.0,Female,7,38.92,333.47,One Year,Credit Card,Fiber Optic,Yes,No Internet,3,5.0,1,16.1,9.0,17.3,0,Single,Desktop,No
CUST-03296,26.0,Male,11,83.69,935.68,Month-to-Month,Electronic Check,None,Yes,No Internet,2,4.0,2,29.9,41.0,273.53,2,Divorced,Mobile,Yes
CUST-03297,65.0,Female,7,69.08,468.75,Month-to-Month,Mailed Check,DSL,No,Yes,1,2.0,2,6.3,9.0,157.6,3,Married,Mobile,Yes
CUST-03298,28.0,Male,6,41.11,240.49,Two Year,Mailed Check,DSL,No,No Internet,2,3.0,4,9.7,0.0,9.29,1,Single,Desktop,No
CUST-03299,25.0,Female,39,58.29,2316.69,Month-to-Month,Credit Card,Fiber Optic,Yes,No,1,1.0,2,11.4,3.0,130.41,1,Married,Mobile,No
CUST-03300,57.0,Female,24,55.32,1325.86,Month-to-Month,Electronic Check,DSL,No Internet,Yes,0,3.0,1,1.0,32.0,250.33,3,Single,Mobile,Yes
CUST-03301,46.0,Male,20,116.74,2306.89,Two Year,Mailed Check,Fiber Optic,No,No,1,3.0,2,26.4,7.0,118.32,4,Married,Mobile,No
CUST-03302,28.0,Male,6,103.36,680.95,One Year,Mailed Check,None,No,No Internet,6,4.0,1,43.2,8.0,39.09,5,Married,Mobile,Yes
CUST-03303,45.0,Female,60,56.8,3417.08,One Year,Mailed Check,DSL,Yes,No,1,3.0,4,8.1,4.0,12.35,1,Single,Tablet,No
CUST-03304,27.0,Female,5,109.39,518.09,One Year,Electronic Check,Fiber Optic,Yes,No Internet,1,5.0,3,14.2,8.0,233.81,2,Married,Mobile,No
CUST-03305,57.0,Male,38,52.26,2009.83,One Year,Credit Card,DSL,Yes,Yes,0,2.0,2,11.7,42.0,153.09,4,Married,Tablet,No
CUST-03306,56.0,Female,72,84.79,6153.44,One Year,Credit Card,DSL,No,No,1,4.0,2,6.4,21.0,96.13,2,Married,Desktop,No
CUST-03307,49.0,Male,31,114.66,3504.08,Month-to-Month,Bank Transfer,DSL,No,Yes,2,5.0,2,1.3,7.0,247.9,2,Married,Mobile,Yes
CUST-03308,47.0,Male,72,57.03,4096.14,Month-to-Month,Credit Card,Fiber Optic,Yes,Yes,0,3.0,3,11.0,8.0,33.99,1,Married,Mobile,No
CUST-03309,66.0,Female,25,85.99,2137.42,Month-to-Month,Mailed Check,DSL,No Internet,No,1,3.0,1,4.2,14.0,49.12,2,Single,Mobile,No
CUST-03310,41.0,Male,5,47.59,260.56,Month-to-Month,Bank Transfer,Fiber Optic,No,No,1,3.0,1,15.8,168.0,,0,Married,Mobile,Yes
CUST-03311,25.0,Female,5,44.63,254.75,Month-to-Month,Mailed Check,Fiber Optic,Yes,No,1,4.0,3,11.6,5.0,11.75,2,Married,Mobile,No
CUST-03312,48.0,Female,9,75.42,651.21,One Year,Electronic Check,Fiber Optic,No,No Internet,1,5.0,4,13.4,48.0,256.16,3,Divorced,Tablet,No
CUST-03313,71.0,Female,1,115.93,41.29,Month-to-Month,Bank Transfer,DSL,Yes,No,2,1.0,3,13.8,60.0,137.44,2,Married,Mobile,Yes
CUST-03314,27.0,Female,27,63.31,1760.96,Month-to-Month,Credit Card,DSL,No,Yes,2,3.0,3,32.5,93.0,178.15,1,Married,Mobile,No
CUST-03315,36.0,Female,7,111.76,726.32,One Year,Credit Card,Fiber Optic,No,No Internet,1,4.0,4,2.4,27.0,13.88,6,Divorced,Desktop,No
CUST-03316,47.0,Female,40,109.44,4391.16,One Year,Electronic Check,None,No Internet,Yes,4,1.0,1,24.6,3.0,259.89,2,Married,Desktop,No
CUST-03317,41.0,Female,10,43.38,427.2,Two Year,Electronic Check,Fiber Optic,No,No,4,2.0,3,46.4,0.0,290.86,3,Single,Mobile,No
CUST-03318,28.0,Female,15,58.18,880.82,One Year,Mailed Check,Fiber Optic,Yes,Yes,1,1.0,4,19.2,17.0,266.32,2,Married,Mobile,No
CUST-03319,57.0,Female,72,82.33,6010.32,Two Year,Credit Card,None,Yes,No Internet,0,3.0,3,2.2,12.0,205.27,0,Single,Tablet,No
CUST-03320,74.0,Male,6,69.8,570.71,One Year,Credit Card,DSL,Yes,No,1,2.0,3,28.5,59.0,237.59,1,Married,Tablet,No
CUST-03321,44.0,Female,30,27.6,746.33,One Year,Credit Card,Fiber Optic,No Internet,No,1,3.0,3,23.5,27.0,254.58,1,Divorced,Tablet,No
CUST-03322,29.0,Female,33,117.37,3922.41,Two Year,Credit Card,Fiber Optic,No,No,3,4.0,3,29.8,55.0,64.99,1,Single,Mobile,No
CUST-03323,20.0,Female,5,93.27,458.54,Two Year,Electronic Check,DSL,No Internet,Yes,2,5.0,2,10.0,25.0,42.98,2,Married,Mobile,No
CUST-03324,45.0,Female,16,61.77,1040.71,One Year,Credit Card,None,No,No,2,3.0,1,25.7,7.0,61.28,2,Married,Tablet,No
CUST-03325,57.0,Female,10,79.82,,One Year,Bank Transfer,Fiber Optic,No Internet,Yes,2,1.0,3,2.5,6.0,266.45,2,Single,Tablet,No
CUST-03326,48.0,Female,35,26.76,1007.09,Month-to-Month,Bank Transfer,DSL,Yes,No Internet,2,1.0,1,12.9,15.0,100.97,3,Married,Mobile,Yes
CUST-03327,41.0,Male,23,67.53,1567.44,Two Year,Bank Transfer,DSL,No Internet,No Internet,3,5.0,2,12.0,0.0,45.97,3,Divorced,Desktop,No
CUST-03328,33.0,Female,15,,1621.72,One Year,Electronic Check,Fiber Optic,Yes,No Internet,2,5.0,3,34.1,20.0,299.88,3,Divorced,Desktop,No
CUST-03329,26.0,Male,36,107.66,3922.14,Two Year,Bank Transfer,Fiber Optic,No,No,2,2.0,2,29.8,9.0,50.47,2,Single,Tablet,No
CUST-03330,53.0,Female,6,51.74,316.34,Month-to-Month,Bank Transfer,None,No,Yes,0,1.0,3,,1.0,34.89,0,Married,Desktop,No
CUST-03331,54.0,Female,33,71.14,2335.93,Month-to-Month,Electronic Check,Fiber Optic,Yes,Yes,0,4.0,2,2.9,19.0,250.21,2,Married,Mobile,Yes
CUST-03332,20.0,Male,48,87.74,4187.71,Month-to-Month,Credit Card,Fiber Optic,No,No,2,,4,24.7,30.0,253.56,2,Divorced,Desktop,No
CUST-03333,64.0,Male,50,52.0,2650.32,Two Year,Electronic Check,DSL,No Internet,No,2,4.0,2,14.3,3.0,164.93,2,Married,Mobile,No
CUST-03334,50.0,Female,36,24.49,961.81,Two Year,Mailed Check,DSL,No,No Internet,1,4.0,2,25.4,28.0,82.53,0,Married,Mobile,No
CUST-03335,61.0,Male,12,68.54,762.71,Month-to-Month,Electronic Check,Fiber Optic,No,No,2,4.0,1,41.8,85.0,92.3,4,Single,Mobile,Yes
CUST-03336,23.0,Male,72,78.16,5658.62,One Year,Bank Transfer,None,No,No Internet,4,3.0,2,9.0,14.0,91.06,1,Married,Tablet,No
CUST-03337,22.0,Female,11,18.58,185.76,Month-to-Month,Electronic Check,Fiber Optic,Yes,No,0,3.0,1,20.5,120.0,259.67,1,Married,Mobile,No
CUST-03338,39.0,Male,24,27.56,588.08,Month-to-Month,Electronic Check,Fiber Optic,No Internet,No,3,1.0,3,54.2,45.0,5.13,5,Married,Desktop,No
CUST-03339,49.0,Female,4,38.73,162.31,Month-to-Month,Bank Transfer,Fiber Optic,Yes,Yes,3,4.0,3,3.6,,213.1,0,Single,Tablet,No
CUST-03340,67.0,Female,72,52.81,3760.66,One Year,Electronic Check,Fiber Optic,No Internet,No,1,5.0,1,28.2,87.0,286.56,1,Single,Mobile,Yes
CUST-03341,51.0,Male,29,72.11,2012.3,Two Year,Bank Transfer,DSL,No,No,0,3.0,2,2.3,21.0,225.71,2,Married,Desktop,No
CUST-03342,38.0,Male,33,47.38,1524.45,Month-to-Month,Electronic Check,Fiber Optic,No,No,1,5.0,1,1.0,27.0,147.26,2,Married,Mobile,Yes
CUST-03343,27.0,Female,1,45.62,0.0,One Year,Credit Card,Fiber Optic,No Internet,No,1,4.0,3,28.2,28.0,24.68,4,Single,Tablet,No
CUST-03344,59.0,Female,34,104.93,,One Year,Mailed Check,Fiber Optic,No,Yes,4,3.0,4,48.2,14.0,9.16,2,Single,Desktop,No
CUST-03345,28.0,Female,35,32.51,1071.56,Month-to-Month,Electronic Check,Fiber Optic,No,No,0,4.0,4,1.0,17.0,62.47,4,Single,Mobile,No
CUST-03346,64.0,Female,26,67.55,1736.54,Two Year,Bank Transfer,DSL,No,Yes,2,,1,27.9,21.0,183.68,3,Single,Mobile,No
CUST-03347,38.0,Female,8,113.28,870.58,Two Year,Bank Transfer,Fiber Optic,Yes,No,2,2.0,1,18.0,101.0,136.26,3,Divorced,Mobile,No
CUST-03348,64.0,Male,16,80.5,1306.78,Month-to-Month,Bank Transfer,Fiber Optic,No,No,0,2.0,3,18.0,7.0,180.55,0,Married,Tablet,No
CUST-03349,51.0,Male,2,89.72,209.12,One Year,Credit Card,DSL,Yes,,1,1.0,2,9.2,73.0,25.73,2,Married,Mobile,No
CUST-03350,40.0,Male,15,61.12,929.81,Month-to-Month,Credit Card,Fiber Optic,No,No,3,4.0,2,8.1,111.0,248.33,3,Single,Desktop,Yes
CUST-03351,34.0,Male,6,19.99,108.17,One Year,Bank Transfer,Fiber Optic,Yes,No,0,5.0,4,7.0,16.0,203.72,2,Single,Mobile,No
CUST-03352,37.0,Female,10,82.61,812.98,One Year,Bank Transfer,None,No Internet,No,0,3.0,2,7.2,8.0,191.32,1,Single,Tablet,No
CUST-03353,47.0,Female,4,81.19,282.91,Month-to-Month,Bank Transfer,None,No,No,3,3.0,1,41.5,18.0,,1,Married,Mobile,Yes
CUST-03354,43.0,Male,6,29.04,133.59,Two Year,Credit Card,Fiber Optic,No Internet,No,1,4.0,3,25.4,3.0,163.81,1,Married,Tablet,No
CUST-03355,33.0,Female,1,64.22,99.4,One Year,Electronic Check,DSL,Yes,No Internet,2,4.0,2,,51.0,76.64,1,Married,Mobile,Yes
CUST-03356,39.0,Male,60,109.53,6483.81,Two Year,Credit Card,Fiber Optic,No,No,1,3.0,2,20.2,11.0,279.75,1,Single,Mobile,No
CUST-03357,43.0,Male,18,38.51,689.14,Month-to-Month,Credit Card,Fiber Optic,No Internet,No,1,2.0,2,16.0,10.0,140.03,0,Married,Mobile,No
CUST-03358,18.0,Female,12,64.11,753.14,Two Year,Credit Card,Fiber Optic,Yes,No Internet,2,3.0,1,28.1,33.0,92.25,4,Married,Desktop,No
CUST-03359,48.0,Male,18,64.11,1183.94,One Year,Bank Transfer,DSL,No Internet,Yes,5,4.0,1,1.4,24.0,285.2,0,Single,Tablet,No
CUST-03360,28.0,Male,23,99.08,2207.59,Month-to-Month,Credit Card,Fiber Optic,No,No,0,4.0,3,18.1,26.0,61.71,3,Married,Mobile,Yes
CUST-03361,25.0,Male,61,100.46,6128.68,Month-to-Month,Credit Card,Fiber Optic,Yes,,0,2.0,3,4.2,19.0,147.88,2,Married,Mobile,No
CUST-03362,18.0,Male,4,93.93,392.87,Two Year,Bank Transfer,DSL,No,No Internet,5,4.0,3,4.1,17.0,51.25,3,Divorced,Mobile,Yes
CUST-03363,18.0,Female,8,54.55,341.16,One Year,Credit Card,None,Yes,No,2,1.0,1,18.3,11.0,28.29,3,Single,Tablet,No
CUST-03364,23.0,Female,72,25.2,1760.68,Month-to-Month,Bank Transfer,Fiber Optic,No Internet,No,1,5.0,2,33.8,9.0,15.58,2,Single,Mobile,Yes
CUST-03365,32.0,Male,11,52.95,577.86,Two Year,Bank Transfer,Fiber Optic,Yes,Yes,2,4.0,1,10.9,152.0,4.71,2,Single,Mobile,No
CUST-03366,69.0,Male,1,85.98,111.69,Month-to-Month,Mailed Check,Fiber Optic,No,No Internet,1,4.0,4,9.4,15.0,212.83,2,Married,Desktop,Yes
CUST-03367,34.0,Female,3,88.27,273.93,Month-to-Month,Electronic Check,DSL,No,No,0,4.0,3,25.3,21.0,116.36,1,Married,Mobile,No
CUST-03368,44.0,Female,1,114.5,142.52,One Year,Mailed Check,Fiber Optic,No,Yes,0,3.0,1,1.0,15.0,276.57,3,Married,Desktop,No
CUST-03369,47.0,Male,72,63.36,4507.95,One Year,Bank Transfer,DSL,Yes,No,0,3.0,1,18.4,38.0,187.98,1,Single,Mobile,No
CUST-03370,43.0,Male,7,81.24,489.24,Month-to-Month,Electronic Check,Fiber Optic,No,Yes,2,4.0,5,1.0,5.0,242.04,3,Married,Mobile,No
CUST-03371,40.0,Female,61,71.92,4391.35,One Year,Mailed Check,Fiber Optic,Yes,Yes,2,4.0,1,4.2,1.0,84.75,3,Married,Mobile,No
CUST-03372,25.0,Female,72,33.06,2318.85,One Year,Bank Transfer,DSL,No,No,2,2.0,4,16.5,109.0,63.82,1,Married,Desktop,Yes
CUST-03373,62.0,Male,21,64.12,1303.25,One Year,Electronic Check,Fiber Optic,No Internet,No,1,5.0,5,7.2,23.0,,1,Divorced,Desktop,Yes
CUST-03374,67.0,Female,1,72.48,119.09,One Year,Bank Transfer,Fiber Optic,Yes,No Internet,2,2.0,2,5.2,23.0,248.24,3,Divorced,Mobile,No
CUST-03375,18.0,Male,2,113.07,235.59,Month-to-Month,Bank Transfer,Fiber Optic,Yes,No,2,3.0,2,10.5,18.0,143.75,1,Married,Mobile,Yes
CUST-03376,27.0,Female,15,54.65,791.34,Two Year,Credit Card,Fiber Optic,No,No Internet,4,2.0,3,28.4,1.0,165.11,1,Single,Mobile,Yes
CUST-03377,38.0,Female,12,116.01,1357.22,Month-to-Month,Electronic Check,DSL,Yes,No Internet,2,5.0,2,8.3,33.0,107.56,0,Divorced,Desktop,Yes
CUST-03378,28.0,Female,22,,1620.11,Two Year,Mailed Check,Fiber Optic,Yes,No,1,3.0,1,11.4,25.0,177.72,1,Married,Mobile,Yes
CUST-03379,49.0,Male,13,42.25,559.85,Month-to-Month,Credit Card,DSL,Yes,No Internet,0,5.0,3,2.6,4.0,151.68,0,Married,Desktop,No
CUST-03380,31.0,Male,65,37.17,2355.32,Month-to-Month,Electronic Check,Fiber Optic,No,No Internet,1,4.0,2,8.8,22.0,138.74,2,Single,Mobile,No
CUST-03381,72.0,Male,18,32.17,481.67,Month-to-Month,Credit Card,DSL,Yes,No Internet,1,2.0,1,1.0,7.0,164.64,0,Divorced,Desktop,Yes
CUST-03382,58.0,Female,28,63.29,,One Year,Credit Card,DSL,No,Yes,1,4.0,2,27.3,30.0,125.63,0,Divorced,Mobile,No
CUST-03383,44.0,Male,54,20.19,1029.14,Month-to-Month,Electronic Check,Fiber Optic,No,No Internet,2,5.0,2,3.5,33.0,236.23,2,Divorced,Mobile,No
CUST-03384,56.0,Male,3,62.5,213.88,One Year,Credit Card,DSL,No,Yes,1,4.0,1,37.9,10.0,20.42,0,Married,Desktop,No
CUST-03385,57.0,Male,6,116.84,776.57,Two Year,Bank Transfer,None,No Internet,No,1,2.0,5,6.6,2.0,106.24,2,Divorced,Desktop,No
CUST-03386,34.0,Female,2,85.01,177.4,Month-to-Month,Credit Card,Fiber Optic,No,No,0,3.0,1,27.1,47.0,225.96,3,Married,Mobile,No
CUST-03387,30.0,Male,3,93.98,251.92,Month-to-Month,Electronic Check,None,No,No Internet,2,2.0,4,7.4,30.0,109.69,0,Married,Mobile,Yes
CUST-03388,43.0,Male,17,29.9,,Two Year,Bank Transfer,Fiber Optic,Yes,No,1,2.0,1,2.5,27.0,140.87,2,Married,Tablet,No
CUST-03389,54.0,Male,9,65.31,515.79,Month-to-Month,Mailed Check,DSL,No,No,1,3.0,1,10.5,27.0,117.67,4,Married,Mobile,Yes
CUST-03390,43.0,Female,13,46.62,624.89,Month-to-Month,Electronic Check,Fiber Optic,No Internet,No,0,4.0,1,4.5,38.0,105.08,1,Married,Mobile,No
CUST-03391,19.0,Female,72,107.41,7806.07,Month-to-Month,Credit Card,DSL,No,Yes,1,3.0,2,5.9,7.0,164.9,3,Divorced,Mobile,No
CUST-03392,30.0,Female,4,36.13,124.75,Month-to-Month,Bank Transfer,Fiber Optic,Yes,No,2,3.0,3,5.7,15.0,49.07,2,Married,Mobile,Yes
CUST-03393,40.0,Female,18,63.87,1121.87,Month-to-Month,Mailed Check,Fiber Optic,No Internet,No,2,3.0,4,6.4,7.0,130.76,0,Divorced,Tablet,No
CUST-03394,40.0,Female,2,76.8,188.47,One Year,Electronic Check,Fiber Optic,No,No,1,5.0,3,10.3,2.0,226.36,2,Married,Mobile,No
CUST-03395,69.0,Male,9,69.4,590.3,Month-to-Month,Electronic Check,DSL,Yes,Yes,1,4.0,1,2.0,71.0,2.81,2,Single,Desktop,Yes
CUST-03396,22.0,Female,17,101.02,1731.06,One Year,Electronic Check,Fiber Optic,No,Yes,0,5.0,1,4.5,1.0,180.85,3,Married,Mobile,No
CUST-03397,49.0,Male,70,41.15,2882.59,Month-to-Month,Bank Transfer,Fiber Optic,,Yes,2,3.0,1,15.0,1.0,294.61,1,Married,Mobile,No
CUST-03398,62.0,Male,11,55.74,592.67,One Year,Electronic Check,Fiber Optic,No,No Internet,3,2.0,3,21.1,11.0,120.83,4,Single,Desktop,Yes
CUST-03399,73.0,Female,1,97.21,96.43,Month-to-Month,Electronic Check,DSL,No,No,0,5.0,1,4.2,11.0,161.74,2,Married,Mobile,Yes
CUST-03400,36.0,Male,11,70.81,867.07,Two Year,Credit Card,Fiber Optic,Yes,No,2,4.0,1,4.6,1.0,42.08,2,Single,Mobile,No
CUST-03401,48.0,Male,3,58.21,204.86,One Year,Mailed Check,Fiber Optic,No,No,0,3.0,3,9.8,43.0,,1,Married,Mobile,Yes
CUST-03402,,Male,6,20.94,180.27,Month-to-Month,Credit Card,Fiber Optic,No Internet,No,3,4.0,1,59.5,3.0,125.36,2,Single,Mobile,Yes
CUST-03403,44.0,Female,23,93.34,2100.89,Month-to-Month,Bank Transfer,Fiber Optic,Yes,Yes,2,2.0,1,12.0,2.0,230.71,1,Divorced,Desktop,No
CUST-03404,40.0,Male,1,115.22,170.02,Month-to-Month,Credit Card,Fiber Optic,Yes,Yes,0,1.0,1,25.2,2.0,37.76,2,Single,Desktop,Yes
CUST-03405,48.0,Female,14,80.03,1152.37,Month-to-Month,Electronic Check,DSL,No,No,1,5.0,2,37.6,31.0,22.68,2,Divorced,Desktop,No
CUST-03406,18.0,Female,22,103.65,2205.32,One Year,Bank Transfer,None,No Internet,No,1,5.0,1,15.2,5.0,84.29,4,Divorced,Desktop,No
CUST-03407,51.0,Female,13,69.69,932.96,Month-to-Month,Credit Card,Fiber Optic,Yes,No Internet,0,3.0,3,11.0,25.0,52.36,0,Married,Desktop,No
CUST-03408,43.0,Male,1,41.17,15.51,Two Year,Mailed Check,Fiber Optic,No Internet,Yes,1,4.0,3,21.7,6.0,245.16,3,Single,Tablet,No
CUST-03409,38.0,Female,72,19.44,1322.39,Month-to-Month,Bank Transfer,Fiber Optic,No Internet,No Internet,0,4.0,2,5.8,54.0,227.36,3,Married,Mobile,Yes
CUST-03410,70.0,Male,10,83.34,839.89,One Year,Bank Transfer,DSL,No,,2,4.0,3,54.0,6.0,289.98,0,Single,Mobile,No
CUST-03411,32.0,Male,36,67.31,2450.11,Month-to-Month,Bank Transfer,Fiber Optic,Yes,No,3,3.0,2,9.7,16.0,20.0,2,Married,Desktop,No
CUST-03412,36.0,Male,9,96.21,873.47,Month-to-Month,Credit Card,Fiber Optic,Yes,Yes,1,4.0,5,39.5,24.0,86.23,2,Single,Mobile,No
CUST-03413,69.0,Female,15,87.47,1306.59,Two Year,Bank Transfer,DSL,Yes,No Internet,0,4.0,2,21.4,63.0,291.14,1,Single,Mobile,No
CUST-03414,30.0,Male,11,116.8,1268.27,Two Year,Bank Transfer,DSL,Yes,No,0,2.0,3,3.6,7.0,31.98,2,Single,Tablet,No
CUST-03415,34.0,Male,10,69.03,813.63,One Year,Bank Transfer,Fiber Optic,No Internet,No,1,4.0,2,3.7,29.0,146.95,3,Married,Mobile,No
CUST-03416,39.0,Male,1,60.72,1.59,One Year,Mailed Check,DSL,Yes,No,2,3.0,2,6.5,0.0,196.75,1,Married,Mobile,No
CUST-03417,53.0,Male,10,,510.35,Two Year,Credit Card,None,Yes,No,2,,3,7.0,44.0,68.26,0,Divorced,Mobile,No
CUST-03418,44.0,Female,52,65.69,3416.65,One Year,Electronic Check,DSL,No,Yes,1,3.0,2,1.0,22.0,232.85,0,Married,Desktop,No
CUST-03419,23.0,Female,28,105.29,2905.4,Month-to-Month,Credit Card,None,No Internet,Yes,0,4.0,3,29.0,87.0,255.66,2,Single,Desktop,No
CUST-03420,34.0,Female,3,22.24,,Month-to-Month,Bank Transfer,None,Yes,No Internet,1,2.0,1,4.1,44.0,119.31,3,Married,Mobile,Yes
CUST-03421,33.0,Male,21,115.79,2361.94,One Year,Bank Transfer,Fiber Optic,No,Yes,2,5.0,2,26.1,15.0,211.25,0,Married,Mobile,No
CUST-03422,40.0,Male,53,117.33,6188.72,One Year,Credit Card,None,No,No,0,2.0,2,9.9,16.0,159.22,1,Married,Desktop,No
CUST-03423,47.0,Female,28,77.78,2175.49,One Year,Bank Transfer,None,No,Yes,0,4.0,5,13.4,0.0,204.06,2,Single,Mobile,No
CUST-03424,47.0,Male,3,51.15,75.89,Month-to-Month,Bank Transfer,DSL,No Internet,Yes,2,5.0,4,11.5,54.0,134.97,1,Married,Mobile,Yes
CUST-03425,18.0,Female,48,40.3,1959.72,Two Year,Mailed Check,None,Yes,No Internet,1,5.0,2,43.4,49.0,10.17,3,Married,Mobile,No
CUST-03426,56.0,Male,8,45.65,317.01,One Year,Electronic Check,DSL,No,No Internet,3,3.0,2,8.1,25.0,97.32,3,Married,Mobile,No
CUST-03427,45.0,Female,14,23.01,249.55,One Year,Credit Card,DSL,No,No,3,1.0,4,7.4,14.0,88.45,1,Married,Mobile,Yes
CUST-03428,61.0,Male,17,65.51,1059.65,Month-to-Month,Credit Card,Fiber Optic,No Internet,No,1,4.0,3,14.3,49.0,277.26,2,Married,Mobile,Yes
CUST-03429,48.0,Male,45,23.73,1176.65,Two Year,Credit Card,DSL,Yes,No,0,3.0,3,7.2,28.0,131.53,4,Single,Mobile,No
CUST-03430,57.0,Female,64,89.85,5651.5,One Year,Credit Card,DSL,No,No,3,2.0,2,14.0,6.0,271.04,2,Single,Desktop,No
CUST-03431,48.0,Female,63,55.19,3498.78,One Year,Electronic Check,None,Yes,No,3,5.0,4,12.7,8.0,1.7,0,Divorced,Mobile,No
CUST-03432,60.0,Male,1,37.94,0.36,Two Year,Mailed Check,None,No Internet,No,1,2.0,1,22.4,27.0,189.68,2,Married,Mobile,No
CUST-03433,49.0,Female,61,72.49,4404.38,Two Year,Credit Card,Fiber Optic,No Internet,No Internet,3,3.0,4,69.0,34.0,137.0,4,Divorced,Tablet,No
CUST-03434,40.0,Female,1,115.38,145.58,Month-to-Month,Bank Transfer,Fiber Optic,No,No,0,4.0,2,56.8,3.0,13.4,6,Single,Mobile,No
CUST-03435,73.0,Male,7,87.51,640.31,Two Year,Bank Transfer,None,Yes,No Internet,4,2.0,3,2.0,54.0,140.33,0,Divorced,Desktop,No
CUST-03436,54.0,Male,17,,1107.86,One Year,Electronic Check,DSL,Yes,Yes,0,5.0,5,9.0,20.0,115.15,3,Married,Tablet,No
CUST-03437,50.0,Male,15,95.69,1367.46,Month-to-Month,Credit Card,None,No,Yes,4,3.0,2,8.2,6.0,,3,Divorced,Mobile,No
CUST-03438,24.0,Male,22,91.75,2049.61,Month-to-Month,Mailed Check,Fiber Optic,No Internet,No,0,3.0,3,3.2,25.0,23.64,4,Married,Desktop,No
CUST-03439,23.0,Female,15,107.17,1635.17,Month-to-Month,Electronic Check,None,,Yes,1,2.0,2,20.4,62.0,237.1,4,Single,Tablet,Yes
CUST-03440,46.0,Male,65,38.47,2486.3,One Year,Mailed Check,Fiber Optic,No,No,2,4.0,5,51.9,1.0,182.53,0,Single,Mobile,Yes
CUST-03441,44.0,Male,6,103.89,645.44,One Year,Credit Card,None,No,No,0,3.0,2,2.5,7.0,177.22,1,Married,Desktop,Yes
CUST-03442,33.0,Male,7,48.1,314.41,Month-to-Month,Electronic Check,None,No Internet,No,1,5.0,2,4.8,24.0,271.73,3,Married,Desktop,No
CUST-03443,43.0,Female,60,112.1,6684.65,Two Year,Electronic Check,None,No Internet,Yes,1,4.0,2,29.0,0.0,3.69,3,Married,Mobile,No
CUST-03444,64.0,Male,1,46.11,46.31,Two Year,Electronic Check,Fiber Optic,No,No Internet,1,4.0,4,5.5,5.0,162.44,0,Divorced,Mobile,No
CUST-03445,51.0,Male,22,110.68,2460.91,One Year,Credit Card,None,No,Yes,0,2.0,2,8.7,8.0,285.82,2,Married,Mobile,No
CUST-03446,26.0,Male,27,114.38,3103.72,Two Year,Mailed Check,Fiber Optic,No,No Internet,3,4.0,1,20.2,64.0,135.02,0,Single,Desktop,No
CUST-03447,40.0,Female,16,32.55,546.26,Two Year,Mailed Check,DSL,No,Yes,0,,2,2.0,22.0,141.64,1,Single,Mobile,No
CUST-03448,30.0,Male,28,115.45,3194.57,Month-to-Month,Credit Card,Fiber Optic,No Internet,No,2,3.0,2,11.2,30.0,20.88,1,Married,Desktop,No
CUST-03449,36.0,Female,4,26.57,185.37,One Year,Bank Transfer,DSL,,No Internet,2,4.0,3,1.7,0.0,211.21,2,Single,Desktop,No
CUST-03450,36.0,Male,45,39.86,1776.58,Two Year,Bank Transfer,None,No,No Internet,3,5.0,1,,14.0,228.58,5,Divorced,Mobile,No
CUST-03451,35.0,Male,3,62.42,181.31,Month-to-Month,Mailed Check,DSL,No,No Internet,2,2.0,2,4.1,17.0,41.71,3,Married,Mobile,Yes
CUST-03452,24.0,Female,12,117.36,1342.39,Two Year,Electronic Check,None,No Internet,No Internet,0,4.0,2,19.7,54.0,191.47,0,Single,Mobile,Yes
CUST-03453,40.0,Male,1,66.86,57.17,Month-to-Month,Credit Card,Fiber Optic,Yes,No,2,5.0,1,2.4,6.0,112.04,5,Divorced,Mobile,Yes
CUST-03454,34.0,Female,18,73.04,1341.33,One Year,Credit Card,DSL,No,No,0,3.0,1,16.3,2.0,169.43,3,Single,Desktop,No
CUST-03455,18.0,Female,26,87.44,2311.57,One Year,Credit Card,None,Yes,No,1,3.0,4,12.9,52.0,202.46,4,Married,Desktop,No
CUST-03456,70.0,Female,68,114.83,7886.54,One Year,Credit Card,DSL,Yes,No Internet,0,4.0,5,16.9,7.0,30.23,2,Single,Desktop,No
CUST-03457,57.0,Female,32,96.34,3108.89,One Year,Credit Card,Fiber Optic,No,No Internet,1,5.0,5,31.4,35.0,90.28,0,Divorced,Desktop,No
CUST-03458,36.0,Male,18,40.42,741.41,One Year,Electronic Check,Fiber Optic,No,No,0,5.0,5,11.5,2.0,252.74,3,Single,Tablet,No
CUST-03459,42.0,Male,64,48.3,3068.89,One Year,Electronic Check,DSL,No Internet,No,2,1.0,5,19.1,33.0,50.84,3,Married,Desktop,Yes
CUST-03460,25.0,Female,15,27.76,383.31,One Year,Bank Transfer,Fiber Optic,Yes,No,0,5.0,4,24.5,16.0,195.05,0,Divorced,Desktop,No
CUST-03461,65.0,Female,19,82.45,1615.06,Month-to-Month,Electronic Check,Fiber Optic,Yes,No Internet,3,4.0,3,17.8,78.0,250.95,0,Single,Desktop,Yes
CUST-03462,68.0,Female,21,36.07,805.02,One Year,Credit Card,None,Yes,Yes,3,3.0,1,5.8,6.0,187.46,1,Married,Desktop,No
CUST-03463,44.0,Male,12,43.74,471.03,Two Year,Bank Transfer,DSL,No,Yes,1,5.0,2,48.8,2.0,235.57,3,Single,Tablet,No
CUST-03464,56.0,Male,43,106.81,4628.98,Month-to-Month,Electronic Check,DSL,Yes,No Internet,1,4.0,2,1.0,22.0,146.7,0,Single,Mobile,Yes
CUST-03465,44.0,Female,4,,235.24,One Year,Bank Transfer,Fiber Optic,No Internet,No,0,3.0,3,7.0,74.0,264.79,1,Divorced,Mobile,Yes
CUST-03466,23.0,Male,19,74.66,1362.85,Month-to-Month,Bank Transfer,Fiber Optic,No,No,0,3.0,2,25.8,6.0,203.17,6,Single,Mobile,No
CUST-03467,36.0,Male,30,57.76,1759.82,One Year,Credit Card,Fiber Optic,No Internet,No Internet,1,3.0,2,6.5,54.0,102.52,0,Single,Tablet,Yes
CUST-03468,43.0,Male,56,25.4,1369.92,Month-to-Month,Electronic Check,DSL,No,No Internet,1,3.0,4,11.8,12.0,155.96,5,Divorced,Mobile,Yes
CUST-03469,35.0,Female,51,54.29,2647.33,Month-to-Month,Electronic Check,Fiber Optic,No,Yes,2,4.0,3,2.2,3.0,194.08,5,Single,Desktop,No
CUST-03470,38.0,Male,17,58.81,991.76,Month-to-Month,Bank Transfer,None,No Internet,Yes,1,5.0,2,,26.0,236.29,2,Married,Desktop,Yes
CUST-03471,40.0,Female,24,107.57,2594.57,Month-to-Month,Credit Card,DSL,No Internet,No,2,3.0,2,40.1,22.0,50.56,2,Single,Mobile,No
CUST-03472,40.0,Male,12,50.45,599.65,Month-to-Month,Electronic Check,DSL,Yes,No,5,5.0,4,62.0,54.0,297.11,3,Married,Mobile,Yes
CUST-03473,42.0,Female,15,55.92,982.16,Month-to-Month,Credit Card,Fiber Optic,No Internet,Yes,0,3.0,3,1.2,3.0,45.16,1,Divorced,Mobile,Yes
CUST-03474,27.0,Female,56,96.29,5411.18,Month-to-Month,Bank Transfer,DSL,No,No Internet,1,2.0,3,3.3,31.0,163.06,2,Single,Mobile,No
CUST-03475,31.0,Male,64,93.9,6016.96,Month-to-Month,Credit Card,Fiber Optic,Yes,No,2,,3,10.2,29.0,5.21,2,Married,Tablet,No
CUST-03476,24.0,Female,54,97.83,5304.3,Two Year,Mailed Check,DSL,No,No,5,3.0,1,4.8,158.0,132.12,1,Married,Desktop,No
CUST-03477,55.0,Male,3,113.38,318.07,Month-to-Month,Electronic Check,Fiber Optic,,No Internet,0,4.0,3,15.4,11.0,0.8,1,Married,Mobile,No
CUST-03478,18.0,Male,45,97.56,4436.67,Two Year,Electronic Check,Fiber Optic,No,No,1,1.0,2,28.0,1.0,21.07,3,Married,Mobile,No
CUST-03479,58.0,Female,71,58.76,4190.01,One Year,Electronic Check,DSL,No Internet,Yes,1,4.0,1,2.0,15.0,164.41,2,Married,Desktop,No
CUST-03480,,Male,10,100.15,1017.26,Month-to-Month,Bank Transfer,None,Yes,No,2,3.0,3,1.0,18.0,136.93,5,Married,Tablet,No
CUST-03481,37.0,Male,17,68.87,1139.58,Month-to-Month,Credit Card,None,Yes,No,2,5.0,2,76.1,13.0,18.99,2,Married,Desktop,No
CUST-03482,18.0,Male,36,45.77,1569.5,Two Year,Electronic Check,Fiber Optic,No Internet,No Internet,1,,2,9.0,29.0,279.37,2,Single,Tablet,No
CUST-03483,36.0,Male,19,48.29,892.44,One Year,Bank Transfer,Fiber Optic,No,Yes,1,4.0,3,1.1,9.0,105.08,2,Married,Mobile,No
CUST-03484,41.0,Female,72,40.38,2921.49,Month-to-Month,Electronic Check,DSL,No,No,1,2.0,3,13.3,6.0,222.85,2,Divorced,Tablet,No
CUST-03485,27.0,Male,14,32.5,432.77,Month-to-Month,Credit Card,Fiber Optic,No Internet,No,0,2.0,2,21.0,18.0,288.77,2,Married,Mobile,Yes
CUST-03486,34.0,Female,30,36.45,1108.09,Month-to-Month,Credit Card,Fiber Optic,No Internet,Yes,2,1.0,3,24.2,38.0,272.68,2,Married,Mobile,Yes
CUST-03487,63.0,Female,37,24.32,888.22,Two Year,Electronic Check,DSL,Yes,No,4,1.0,4,12.6,66.0,204.77,3,Single,Desktop,No
CUST-03488,51.0,Male,16,106.85,1731.13,Two Year,Bank Transfer,DSL,No,Yes,1,2.0,1,17.1,32.0,5.45,1,Divorced,Desktop,No
CUST-03489,29.0,Male,46,111.1,5061.76,Month-to-Month,Credit Card,DSL,No Internet,Yes,1,2.0,1,9.7,14.0,192.3,2,Single,Mobile,No
CUST-03490,19.0,Female,18,76.68,1389.88,Month-to-Month,Credit Card,DSL,Yes,No Internet,3,1.0,3,14.5,41.0,25.05,2,Married,Desktop,No
CUST-03491,37.0,Male,12,102.05,1192.55,Month-to-Month,Electronic Check,Fiber Optic,No,No,0,4.0,3,45.4,6.0,128.15,2,Married,Tablet,Yes
CUST-03492,39.0,Male,2,36.36,0.0,Two Year,Credit Card,None,No,No,1,3.0,1,65.8,41.0,274.19,2,Single,Desktop,No
CUST-03493,48.0,Male,11,108.17,1181.61,One Year,Bank Transfer,Fiber Optic,No,No Internet,2,3.0,2,14.8,19.0,35.8,4,Single,Desktop,No
CUST-03494,34.0,Female,31,68.64,2204.66,Two Year,Bank Transfer,Fiber Optic,Yes,No,2,2.0,3,13.2,9.0,211.56,3,Divorced,Desktop,No
CUST-03495,49.0,Female,61,24.72,1434.99,Month-to-Month,Bank Transfer,Fiber Optic,No,No,1,3.0,3,6.4,35.0,85.09,5,Divorced,Mobile,No
CUST-03496,69.0,Male,6,32.13,198.75,One Year,Electronic Check,Fiber Optic,Yes,No,0,3.0,3,5.9,16.0,48.5,1,Married,Desktop,No
CUST-03497,53.0,Male,10,48.9,528.88,Month-to-Month,Credit Card,Fiber Optic,Yes,No,2,5.0,1,38.8,29.0,72.07,3,Married,Mobile,No
CUST-03498,41.0,Female,4,22.36,204.44,Two Year,Mailed Check,Fiber Optic,Yes,No,2,3.0,2,16.4,32.0,121.82,3,Married,Tablet,No
CUST-03499,39.0,Female,28,48.93,1345.39,Month-to-Month,Electronic Check,DSL,Yes,No,1,1.0,2,9.2,14.0,241.62,0,Single,Mobile,No
CUST-03500,37.0,Female,72,23.99,1695.68,Two Year,Bank Transfer,Fiber Optic,No Internet,No Internet,1,2.0,3,16.4,128.0,154.55,4,Divorced,Mobile,No
CUST-03501,58.0,Female,24,41.6,940.07,Month-to-Month,Mailed Check,Fiber Optic,No Internet,Yes,2,3.0,2,1.9,,105.05,5,Single,Desktop,No
CUST-03502,33.0,Male,23,44.57,1082.14,One Year,Electronic Check,DSL,No,Yes,0,3.0,3,43.1,124.0,52.8,2,Married,Mobile,Yes
CUST-03503,42.0,Female,19,117.44,2187.99,Month-to-Month,Mailed Check,DSL,No,Yes,0,4.0,5,11.1,8.0,76.14,3,Divorced,Desktop,No
CUST-03504,42.0,Male,2,41.55,64.57,Month-to-Month,Bank Transfer,DSL,,No,1,4.0,3,6.1,5.0,283.71,2,Married,Mobile,Yes
CUST-03505,34.0,Male,31,41.92,1207.07,Month-to-Month,Bank Transfer,Fiber Optic,Yes,No Internet,2,3.0,1,1.0,29.0,66.45,2,Single,Desktop,No
CUST-03506,22.0,Female,22,86.68,1951.16,One Year,Bank Transfer,Fiber Optic,No,No Internet,0,5.0,1,17.0,,97.79,1,Single,Mobile,No
CUST-03507,46.0,Male,25,103.94,,Month-to-Month,Credit Card,DSL,No,Yes,2,2.0,1,52.4,23.0,146.45,2,Single,Desktop,No
CUST-03508,41.0,Female,54,56.71,3104.63,Month-to-Month,Mailed Check,DSL,Yes,No Internet,0,1.0,1,12.3,159.0,135.6,0,Married,Mobile,No
CUST-03509,49.0,Male,36,105.56,,Month-to-Month,Electronic Check,DSL,No Internet,No Internet,1,5.0,2,6.1,0.0,91.8,3,Married,Mobile,No
CUST-03510,34.0,Female,36,52.01,1902.72,Month-to-Month,Electronic Check,None,No,No,3,3.0,2,8.1,18.0,4.81,2,Married,Desktop,Yes
CUST-03511,59.0,Female,62,37.7,2253.77,Month-to-Month,Mailed Check,DSL,No Internet,No,0,4.0,3,12.6,10.0,247.25,2,Single,Mobile,Yes
CUST-03512,29.0,Male,72,50.96,3672.02,Month-to-Month,Mailed Check,DSL,No,No Internet,1,5.0,1,17.5,16.0,23.07,4,Single,Mobile,Yes
CUST-03513,65.0,Female,20,78.94,,Month-to-Month,Credit Card,Fiber Optic,No,No Internet,2,5.0,2,3.0,83.0,236.98,1,Married,Mobile,No
CUST-03514,18.0,Male,2,,124.93,Month-to-Month,Electronic Check,DSL,Yes,No Internet,0,4.0,1,41.0,49.0,92.15,1,Single,Desktop,Yes
CUST-03515,48.0,Female,14,85.29,1220.79,Two Year,Electronic Check,Fiber Optic,No,Yes,1,5.0,2,8.0,6.0,273.38,1,Married,Desktop,No
CUST-03516,48.0,Male,37,41.69,,Month-to-Month,Bank Transfer,DSL,No Internet,No,2,4.0,1,14.7,36.0,149.14,1,Single,Mobile,Yes
CUST-03517,30.0,Female,1,88.1,0.0,One Year,Mailed Check,None,Yes,No Internet,0,1.0,3,36.4,25.0,3.49,2,Married,Desktop,No
CUST-03518,47.0,Male,1,52.74,79.5,Month-to-Month,Mailed Check,None,Yes,Yes,3,5.0,2,13.0,15.0,155.4,2,Single,Desktop,Yes
CUST-03519,59.0,Male,1,63.59,68.47,Two Year,Electronic Check,Fiber Optic,Yes,,3,5.0,2,17.3,12.0,272.88,5,Single,Mobile,No
CUST-03520,18.0,Male,31,73.77,2241.74,Month-to-Month,Bank Transfer,Fiber Optic,No Internet,No,2,4.0,3,15.0,27.0,11.83,1,Single,Mobile,Yes
CUST-03521,49.0,Male,16,86.62,1307.45,Two Year,Electronic Check,Fiber Optic,Yes,No,0,3.0,4,4.3,18.0,137.38,2,Married,Desktop,Yes
CUST-03522,18.0,Female,11,41.87,537.57,Month-to-Month,Bank Transfer,None,No Internet,No,1,5.0,2,49.4,23.0,209.87,4,Married,Mobile,Yes
CUST-03523,28.0,Female,2,101.59,264.75,Month-to-Month,Credit Card,Fiber Optic,Yes,No,4,3.0,3,9.6,44.0,19.85,1,Married,Mobile,Yes
CUST-03524,64.0,Female,31,90.18,2830.88,Month-to-Month,Bank Transfer,DSL,No Internet,Yes,4,4.0,3,1.6,102.0,70.08,1,Married,Mobile,Yes
CUST-03525,33.0,Male,9,41.41,338.88,Month-to-Month,Credit Card,DSL,No,No Internet,1,2.0,2,93.1,15.0,10.36,0,Single,Tablet,No
CUST-03526,25.0,Female,7,115.5,682.65,Month-to-Month,Bank Transfer,DSL,Yes,No Internet,1,2.0,3,15.7,16.0,167.07,3,Married,Mobile,Yes
CUST-03527,39.0,Male,25,84.48,2150.23,Month-to-Month,Electronic Check,Fiber Optic,No,Yes,2,3.0,3,14.1,55.0,244.44,2,Single,Desktop,Yes
CUST-03528,70.0,Female,19,63.24,1219.89,Two Year,Credit Card,DSL,No Internet,Yes,1,4.0,2,37.3,4.0,106.97,1,Married,Mobile,No
CUST-03529,,Female,10,33.75,318.77,Month-to-Month,Electronic Check,Fiber Optic,No,No,1,4.0,2,11.7,48.0,33.44,1,Married,Mobile,Yes
CUST-03530,27.0,Male,24,71.32,1767.92,Month-to-Month,Credit Card,Fiber Optic,No,No,2,3.0,5,6.7,14.0,157.75,1,Married,Tablet,No
CUST-03531,62.0,Male,7,34.48,283.76,One Year,Bank Transfer,None,Yes,Yes,2,4.0,5,2.9,16.0,259.93,4,Single,Mobile,No
CUST-03532,68.0,Male,38,60.95,2324.9,One Year,Electronic Check,Fiber Optic,No Internet,No Internet,4,5.0,3,25.0,10.0,176.54,1,Married,Mobile,No
CUST-03533,40.0,Female,6,58.87,354.97,Month-to-Month,Electronic Check,Fiber Optic,Yes,No Internet,2,5.0,2,6.0,,65.37,1,Divorced,Desktop,No
CUST-03534,24.0,Female,4,89.99,362.51,One Year,Electronic Check,Fiber Optic,Yes,No Internet,2,4.0,3,10.9,41.0,65.19,3,Single,Mobile,No
CUST-03535,71.0,Female,36,37.24,1374.64,Month-to-Month,Bank Transfer,None,Yes,No Internet,0,4.0,3,10.7,68.0,102.48,2,Single,Mobile,No
CUST-03536,64.0,Male,29,100.19,2862.64,Month-to-Month,Credit Card,DSL,Yes,No,1,5.0,2,20.2,20.0,25.18,1,Single,Mobile,No
CUST-03537,51.0,Female,4,50.61,223.74,Month-to-Month,Electronic Check,DSL,No,No,0,4.0,1,17.3,6.0,162.56,4,Single,Mobile,No
CUST-03538,30.0,Female,2,62.4,78.77,Month-to-Month,Bank Transfer,Fiber Optic,No,No Internet,3,5.0,5,8.3,11.0,291.62,2,Single,Desktop,Yes
CUST-03539,41.0,Male,43,95.23,4161.72,Month-to-Month,Bank Transfer,Fiber Optic,No,No,0,3.0,1,8.3,2.0,241.08,3,Single,Desktop,Yes
CUST-03540,39.0,Female,35,80.54,2845.51,Month-to-Month,Credit Card,Fiber Optic,Yes,No,2,3.0,2,4.7,53.0,163.98,1,Married,Mobile,No
CUST-03541,46.0,Male,9,48.8,404.79,Month-to-Month,Credit Card,Fiber Optic,Yes,No,0,1.0,2,6.3,22.0,276.14,2,Married,Desktop,Yes
CUST-03542,62.0,Male,25,56.62,1419.53,One Year,Credit Card,DSL,No Internet,Yes,4,5.0,1,18.6,115.0,173.17,2,Single,Tablet,No
CUST-03543,54.0,Female,3,48.58,103.05,One Year,Bank Transfer,DSL,No Internet,No Internet,0,2.0,1,12.4,44.0,239.72,3,Divorced,Mobile,Yes
CUST-03544,26.0,Male,16,77.48,1314.89,One Year,Bank Transfer,None,No,Yes,3,3.0,5,1.0,38.0,55.38,4,Single,Mobile,No
CUST-03545,61.0,Female,1,51.26,132.4,One Year,Electronic Check,DSL,No,No,1,3.0,3,10.6,17.0,57.78,2,Married,Desktop,No
CUST-03546,46.0,Female,11,90.57,1031.08,Two Year,Bank Transfer,Fiber Optic,Yes,Yes,1,2.0,1,46.5,12.0,260.22,0,Single,Mobile,No
CUST-03547,51.0,Male,1,75.98,153.81,Two Year,Mailed Check,Fiber Optic,No Internet,No Internet,1,5.0,3,1.7,9.0,69.3,4,Single,Tablet,No
CUST-03548,62.0,Female,15,32.57,496.14,Two Year,Bank Transfer,DSL,No Internet,No Internet,2,5.0,1,1.7,134.0,166.3,0,Divorced,Mobile,Yes
CUST-03549,26.0,Female,13,,675.57,Month-to-Month,Bank Transfer,DSL,Yes,No,0,5.0,3,16.5,7.0,63.97,2,Married,Mobile,No
CUST-03550,41.0,Male,14,40.14,623.2,Month-to-Month,Credit Card,DSL,No,No Internet,1,3.0,2,47.5,4.0,182.04,0,Single,Mobile,No
CUST-03551,34.0,Male,1,57.03,56.74,One Year,Electronic Check,Fiber Optic,No,No,1,1.0,5,1.0,19.0,136.85,1,Married,Desktop,No
CUST-03552,20.0,Male,10,69.6,699.56,Month-to-Month,Electronic Check,DSL,Yes,Yes,2,2.0,2,6.3,21.0,245.3,2,Married,Tablet,Yes
CUST-03553,46.0,Male,33,68.68,2313.12,Month-to-Month,Electronic Check,DSL,No,Yes,0,4.0,3,1.0,5.0,,3,Divorced,Mobile,Yes
CUST-03554,77.0,Male,11,93.45,1060.27,Month-to-Month,Mailed Check,DSL,No,No,1,3.0,1,4.6,12.0,70.78,3,Divorced,Desktop,No
CUST-03555,18.0,Male,30,36.92,1069.83,Two Year,Electronic Check,DSL,No,No,3,5.0,5,12.1,10.0,153.62,2,Married,Desktop,No
CUST-03556,41.0,Male,11,112.65,1129.81,Month-to-Month,Mailed Check,DSL,No,No,1,5.0,3,8.8,40.0,294.2,4,Single,Mobile,Yes
CUST-03557,50.0,Female,13,52.28,670.86,Month-to-Month,Credit Card,DSL,No Internet,Yes,1,3.0,2,6.8,20.0,156.86,2,Single,Tablet,Yes
CUST-03558,43.0,Male,19,48.02,807.53,Month-to-Month,Bank Transfer,DSL,No,Yes,1,4.0,1,3.5,45.0,131.57,1,Single,Mobile,Yes
CUST-03559,40.0,Female,72,86.52,6179.89,One Year,Bank Transfer,Fiber Optic,No,Yes,2,3.0,3,14.5,2.0,13.17,1,Single,Desktop,No
CUST-03560,23.0,Female,2,98.55,153.39,Month-to-Month,Electronic Check,DSL,No,No,2,2.0,3,12.9,11.0,173.55,1,Single,Desktop,Yes
CUST-03561,45.0,Female,1,55.85,27.42,Month-to-Month,Bank Transfer,Fiber Optic,Yes,Yes,0,4.0,1,16.3,10.0,283.29,2,Single,Desktop,No
CUST-03562,31.0,Male,22,92.68,2079.98,Two Year,Electronic Check,Fiber Optic,No,Yes,2,5.0,1,23.6,18.0,272.05,0,Single,Mobile,No
CUST-03563,18.0,Female,71,106.37,7604.15,One Year,Bank Transfer,None,No Internet,No,0,5.0,2,19.6,15.0,213.2,2,Married,Mobile,No
CUST-03564,58.0,Female,72,94.68,6842.4,One Year,Credit Card,DSL,Yes,No Internet,2,1.0,4,47.3,9.0,101.84,2,Single,Desktop,No
CUST-03565,55.0,Female,15,21.42,352.93,Two Year,Credit Card,DSL,No Internet,Yes,2,3.0,5,2.8,51.0,221.37,4,Divorced,Desktop,No
CUST-03566,42.0,Male,15,100.74,1543.91,Month-to-Month,Credit Card,None,No,No Internet,1,4.0,3,45.4,71.0,166.2,3,Divorced,Mobile,Yes
CUST-03567,45.0,Male,24,95.45,2165.96,One Year,Credit Card,None,No,No,0,3.0,1,2.8,44.0,166.22,1,Married,Desktop,No
CUST-03568,57.0,Female,19,84.93,1614.18,Month-to-Month,Credit Card,DSL,No Internet,No,0,3.0,4,27.8,36.0,245.8,0,Single,Desktop,No
CUST-03569,45.0,Male,24,94.0,2166.18,One Year,Credit Card,DSL,No,No Internet,1,4.0,1,23.3,26.0,71.12,1,Divorced,Desktop,No
CUST-03570,54.0,Male,49,115.94,5706.52,Month-to-Month,Electronic Check,None,Yes,No,3,4.0,4,16.5,12.0,174.15,2,Married,Mobile,No
CUST-03571,37.0,Male,32,61.11,1850.86,Month-to-Month,Bank Transfer,DSL,No,No Internet,3,4.0,2,18.4,75.0,180.55,1,Married,Desktop,Yes
CUST-03572,60.0,Female,16,24.72,386.5,Month-to-Month,Credit Card,None,No Internet,Yes,2,5.0,3,17.6,31.0,277.69,1,Married,Desktop,No
CUST-03573,46.0,Female,14,64.09,924.65,Month-to-Month,Bank Transfer,None,Yes,No,0,3.0,1,11.3,66.0,7.24,4,Single,Tablet,Yes
CUST-03574,44.0,Male,24,22.64,487.47,Month-to-Month,Mailed Check,DSL,Yes,Yes,1,4.0,1,1.0,18.0,143.65,2,Married,Desktop,No
CUST-03575,24.0,Female,14,47.43,712.11,One Year,Bank Transfer,None,Yes,No,2,1.0,2,13.0,15.0,78.96,0,Married,Desktop,No
CUST-03576,46.0,Female,14,76.69,1098.99,One Year,Mailed Check,Fiber Optic,No,No,3,5.0,1,7.4,2.0,251.07,2,Single,Mobile,No
CUST-03577,30.0,Female,1,48.96,68.0,Month-to-Month,Bank Transfer,Fiber Optic,No Internet,No Internet,5,5.0,2,4.8,12.0,90.6,2,Single,Tablet,Yes
CUST-03578,33.0,Female,4,86.54,,Month-to-Month,Mailed Check,Fiber Optic,Yes,No,3,5.0,3,10.1,14.0,83.95,2,Single,Tablet,No
CUST-03579,30.0,Female,16,100.2,1585.24,One Year,Credit Card,DSL,No Internet,No,4,4.0,3,28.3,20.0,202.86,0,Divorced,Mobile,No
CUST-03580,27.0,Female,41,60.04,2469.24,One Year,Credit Card,Fiber Optic,,No Internet,5,4.0,2,13.0,19.0,85.03,1,Married,Desktop,Yes
CUST-03581,71.0,Male,7,108.01,756.57,Month-to-Month,Electronic Check,DSL,No Internet,No,1,2.0,1,50.2,75.0,120.82,2,Divorced,Mobile,No
CUST-03582,60.0,Female,17,25.98,441.03,One Year,Mailed Check,None,Yes,No,1,1.0,2,8.2,21.0,9.83,3,Single,Mobile,No
CUST-03583,68.0,Male,10,,986.5,One Year,Electronic Check,Fiber Optic,No,No Internet,2,3.0,3,2.8,55.0,106.94,4,Divorced,Tablet,No
CUST-03584,24.0,Male,2,100.86,139.59,Month-to-Month,Electronic Check,DSL,No Internet,No Internet,0,2.0,2,5.7,4.0,210.97,3,Divorced,Mobile,Yes
CUST-03585,42.0,Female,72,50.2,3597.56,Month-to-Month,Credit Card,DSL,Yes,No Internet,2,4.0,2,2.3,25.0,165.7,2,Married,Desktop,Yes
CUST-03586,23.0,Female,46,47.87,2182.42,Month-to-Month,Bank Transfer,None,Yes,No,2,3.0,1,17.3,23.0,42.63,4,Married,Desktop,No
CUST-03587,32.0,Female,1,48.51,11.67,Two Year,Credit Card,DSL,No Internet,No,1,3.0,3,2.6,5.0,246.08,3,Single,Desktop,No
CUST-03588,29.0,Male,30,99.14,3016.8,Month-to-Month,Bank Transfer,None,No,Yes,2,,3,11.0,8.0,100.47,1,Single,Tablet,Yes
CUST-03589,59.0,Male,10,101.17,953.09,Month-to-Month,Credit Card,DSL,No,No Internet,3,4.0,2,38.5,20.0,263.4,2,Single,Mobile,No
CUST-03590,36.0,Female,72,50.97,3661.26,Two Year,Bank Transfer,Fiber Optic,No Internet,No Internet,2,4.0,3,8.5,22.0,252.67,1,Divorced,Desktop,No
CUST-03591,56.0,Male,8,77.26,676.4,Month-to-Month,Electronic Check,None,No,,0,3.0,4,7.7,69.0,43.86,5,Married,Desktop,Yes
CUST-03592,50.0,Female,6,31.89,236.8,One Year,Credit Card,DSL,No,Yes,0,2.0,3,3.4,5.0,272.87,0,Married,Tablet,No
CUST-03593,74.0,Male,20,64.88,1358.41,Month-to-Month,Bank Transfer,DSL,No,Yes,1,4.0,2,21.0,10.0,22.9,2,Single,Tablet,No
CUST-03594,21.0,Male,43,117.88,5039.3,Two Year,Credit Card,None,Yes,No,2,2.0,5,5.4,8.0,124.24,1,Single,Mobile,No
CUST-03595,59.0,Female,5,33.88,208.61,Two Year,Credit Card,Fiber Optic,,Yes,4,5.0,2,69.7,45.0,50.54,2,Married,Mobile,No
CUST-03596,58.0,Male,29,112.76,3216.89,One Year,Bank Transfer,Fiber Optic,No,No,5,4.0,3,2.7,7.0,35.46,1,Single,Tablet,No
CUST-03597,28.0,Male,1,100.43,86.64,Month-to-Month,Credit Card,None,Yes,No,1,3.0,3,1.0,68.0,34.12,2,Married,Desktop,Yes
CUST-03598,56.0,Male,60,115.22,6904.11,Month-to-Month,Mailed Check,Fiber Optic,No Internet,No Internet,2,5.0,4,11.6,80.0,0.1,2,Married,Mobile,No
CUST-03599,46.0,Female,2,35.96,43.13,One Year,Bank Transfer,None,Yes,No,0,2.0,2,1.1,3.0,237.56,1,Married,Mobile,No
CUST-03600,38.0,Female,58,39.35,2264.21,Month-to-Month,Credit Card,Fiber Optic,No,No,4,4.0,3,6.9,7.0,78.57,3,Married,Mobile,No
CUST-03601,30.0,Male,16,19.69,290.37,One Year,Bank Transfer,Fiber Optic,No,No,1,4.0,2,9.0,14.0,2.76,2,Divorced,Mobile,No
CUST-03602,31.0,Male,14,90.47,1217.46,One Year,Credit Card,DSL,No,Yes,1,1.0,1,4.3,60.0,66.64,5,Single,Desktop,Yes
CUST-03603,70.0,Female,72,82.41,5976.34,Two Year,Credit Card,None,No,No,0,4.0,4,57.3,3.0,16.95,1,Married,Tablet,No
CUST-03604,42.0,Male,72,35.81,2569.2,Month-to-Month,Credit Card,Fiber Optic,No,No,1,4.0,4,,12.0,13.59,2,Single,Desktop,No
CUST-03605,52.0,Female,25,97.11,2437.82,One Year,Credit Card,DSL,No Internet,No Internet,1,5.0,3,2.3,36.0,238.34,3,Married,Tablet,No
CUST-03606,30.0,Male,3,47.92,151.95,One Year,Electronic Check,Fiber Optic,No,Yes,2,4.0,2,1.0,38.0,3.91,3,Divorced,Tablet,Yes
CUST-03607,31.0,Male,16,31.5,506.74,Month-to-Month,Electronic Check,Fiber Optic,No,No,0,3.0,2,5.6,13.0,259.44,1,Single,Tablet,Yes
CUST-03608,,Female,18,60.26,1089.32,Two Year,Bank Transfer,Fiber Optic,No Internet,Yes,1,5.0,1,25.8,99.0,60.62,1,Divorced,Desktop,No
CUST-03609,23.0,Male,17,27.1,445.43,Month-to-Month,Electronic Check,None,Yes,No Internet,1,3.0,1,4.2,13.0,285.75,1,Single,Desktop,Yes
CUST-03610,36.0,Female,20,44.32,957.32,One Year,Bank Transfer,DSL,No Internet,No,0,5.0,2,13.7,28.0,227.25,2,Divorced,Mobile,No
CUST-03611,42.0,Male,1,55.13,93.17,Two Year,Credit Card,None,No,Yes,0,5.0,1,67.8,28.0,73.55,0,Single,Mobile,No
CUST-03612,,Male,29,103.19,2993.43,Month-to-Month,Bank Transfer,DSL,No,No,3,4.0,1,6.3,48.0,87.79,2,Single,Desktop,No
CUST-03613,39.0,Female,29,97.25,2797.9,Month-to-Month,Electronic Check,Fiber Optic,No,No Internet,0,3.0,2,14.4,13.0,81.83,1,Married,Mobile,Yes
CUST-03614,47.0,Male,2,62.28,118.62,Month-to-Month,Credit Card,Fiber Optic,No Internet,Yes,4,4.0,2,13.7,15.0,65.98,3,Married,Mobile,Yes
CUST-03615,51.0,Female,20,90.46,1830.08,One Year,Electronic Check,DSL,Yes,Yes,3,5.0,2,13.5,16.0,73.77,5,Single,Desktop,No
CUST-03616,52.0,Male,20,74.86,1572.2,One Year,Electronic Check,Fiber Optic,No,No Internet,4,4.0,2,46.0,1.0,180.18,6,Divorced,Desktop,No
CUST-03617,28.0,Female,27,52.08,1337.51,Month-to-Month,Mailed Check,None,No,No,2,5.0,5,23.1,39.0,196.57,1,Single,Desktop,Yes
CUST-03618,38.0,Female,2,90.59,214.17,One Year,Credit Card,DSL,No Internet,No Internet,2,,5,1.0,43.0,63.44,2,Divorced,Desktop,No
CUST-03619,58.0,Male,23,86.35,2042.39,Two Year,Credit Card,DSL,Yes,Yes,1,3.0,1,1.0,51.0,254.31,1,Divorced,Mobile,No
CUST-03620,54.0,Female,7,79.91,485.03,Two Year,Credit Card,Fiber Optic,Yes,No Internet,1,3.0,5,1.0,37.0,230.25,3,Married,Desktop,No
CUST-03621,22.0,Female,16,,1267.74,One Year,Mailed Check,Fiber Optic,No Internet,No,1,3.0,1,6.8,26.0,146.76,5,Divorced,Desktop,No
CUST-03622,46.0,Male,35,86.3,2967.27,Month-to-Month,Electronic Check,None,No,No Internet,4,3.0,2,8.7,24.0,44.54,3,Single,Desktop,No
CUST-03623,18.0,Female,29,56.45,1658.58,Two Year,Electronic Check,DSL,Yes,Yes,1,5.0,4,24.7,30.0,119.61,1,Divorced,Desktop,No
CUST-03624,42.0,Female,3,104.91,296.81,Month-to-Month,Bank Transfer,None,Yes,No Internet,2,2.0,3,15.2,0.0,115.32,1,Married,Mobile,Yes
CUST-03625,68.0,Male,21,34.23,712.32,One Year,Bank Transfer,Fiber Optic,No,No,1,4.0,1,120.0,17.0,270.32,1,Single,Desktop,No
CUST-03626,28.0,Male,72,106.39,7639.53,One Year,Credit Card,DSL,No,No,2,3.0,3,23.7,1.0,258.99,2,Single,Desktop,No
CUST-03627,30.0,Male,4,52.23,244.93,Month-to-Month,Electronic Check,None,No Internet,Yes,3,5.0,3,31.0,20.0,10.84,2,Married,Desktop,Yes
CUST-03628,52.0,Male,46,30.5,1414.45,Month-to-Month,Electronic Check,DSL,Yes,No,0,4.0,5,3.0,4.0,1.63,2,Single,Mobile,No
CUST-03629,20.0,Female,29,78.0,2273.55,Month-to-Month,Bank Transfer,Fiber Optic,No Internet,No,3,3.0,4,15.4,0.0,231.89,2,Single,Mobile,No
CUST-03630,33.0,Female,35,55.6,1954.03,Month-to-Month,Bank Transfer,Fiber Optic,No Internet,No,0,4.0,5,2.4,39.0,,2,Married,Desktop,Yes
CUST-03631,50.0,Female,7,99.55,725.47,Month-to-Month,Electronic Check,Fiber Optic,No,No,0,4.0,2,16.9,36.0,60.22,1,Single,Desktop,Yes
CUST-03632,33.0,Male,8,61.08,475.54,Two Year,Credit Card,Fiber Optic,Yes,No,1,1.0,3,24.9,14.0,283.84,4,Married,Mobile,No
CUST-03633,38.0,Male,56,84.86,4837.2,Month-to-Month,Mailed Check,Fiber Optic,No Internet,Yes,0,4.0,5,5.4,2.0,108.32,5,Single,Mobile,No
CUST-03634,52.0,Female,10,48.83,426.56,Month-to-Month,Bank Transfer,DSL,Yes,No Internet,0,2.0,1,2.7,110.0,251.79,0,Married,Mobile,No
CUST-03635,47.0,Female,1,38.95,0.0,Month-to-Month,Bank Transfer,Fiber Optic,No,No Internet,1,2.0,3,4.1,4.0,49.4,3,Married,Desktop,No
CUST-03636,45.0,Female,22,56.8,1159.17,Month-to-Month,Electronic Check,None,No,Yes,2,3.0,1,25.0,20.0,204.04,2,Married,Desktop,Yes
CUST-03637,37.0,Male,3,78.68,132.06,Month-to-Month,Electronic Check,Fiber Optic,No Internet,No,2,5.0,5,11.9,9.0,188.17,4,Single,Desktop,No
CUST-03638,47.0,Male,38,83.69,3213.88,Month-to-Month,Credit Card,None,No,Yes,1,5.0,1,11.5,4.0,220.64,2,Divorced,Desktop,Yes
CUST-03639,40.0,Male,24,,1847.25,Month-to-Month,Mailed Check,Fiber Optic,No,No Internet,1,5.0,3,12.9,21.0,87.53,2,Married,Tablet,Yes
CUST-03640,48.0,Female,49,116.81,5784.08,Month-to-Month,Mailed Check,Fiber Optic,No Internet,Yes,0,1.0,2,10.2,6.0,41.09,2,Married,Tablet,No
CUST-03641,35.0,Male,36,87.11,3083.13,Month-to-Month,Bank Transfer,Fiber Optic,No Internet,No Internet,0,5.0,2,29.9,13.0,22.88,1,Married,Desktop,No
CUST-03642,39.0,Female,2,111.15,259.57,One Year,Electronic Check,DSL,No,No,1,4.0,3,10.6,27.0,204.38,1,Divorced,Mobile,No
CUST-03643,28.0,Female,11,29.79,330.53,Month-to-Month,Electronic Check,None,No,Yes,0,3.0,2,13.6,14.0,198.86,2,Married,Mobile,No
CUST-03644,41.0,Male,35,24.14,853.23,Month-to-Month,Bank Transfer,None,No Internet,No Internet,0,3.0,2,58.5,21.0,5.25,2,Married,Desktop,No
CUST-03645,30.0,Female,12,49.1,620.48,Two Year,Mailed Check,None,No Internet,No,1,4.0,1,9.1,7.0,179.79,0,Single,Desktop,Yes
CUST-03646,26.0,Female,72,31.66,2241.71,One Year,Credit Card,Fiber Optic,No,No,3,2.0,3,3.1,35.0,43.46,4,Single,Mobile,No
CUST-03647,45.0,Female,31,70.59,2317.65,Month-to-Month,Credit Card,None,No,Yes,2,4.0,1,12.4,30.0,11.91,2,Married,Mobile,No
CUST-03648,44.0,Male,1,69.9,136.49,Month-to-Month,Mailed Check,Fiber Optic,Yes,No,0,4.0,4,18.3,35.0,155.29,3,Single,Mobile,Yes
CUST-03649,52.0,Male,50,75.5,3748.41,One Year,Credit Card,Fiber Optic,No,No Internet,1,4.0,2,2.0,12.0,67.77,0,Married,Desktop,No
CUST-03650,35.0,Male,2,92.52,130.5,One Year,Electronic Check,None,No Internet,No,1,,2,2.7,84.0,161.49,3,Single,Mobile,No
CUST-03651,47.0,Male,3,115.13,340.99,Month-to-Month,Credit Card,Fiber Optic,Yes,Yes,2,3.0,2,1.0,29.0,215.14,2,Single,Mobile,Yes
CUST-03652,49.0,Female,31,105.83,3289.84,Month-to-Month,Mailed Check,Fiber Optic,No,No,1,3.0,3,20.5,4.0,277.75,1,Married,Mobile,No
CUST-03653,48.0,Female,48,29.84,1485.6,Two Year,Electronic Check,DSL,No,No,1,4.0,1,3.4,110.0,102.5,0,Single,Desktop,Yes
CUST-03654,,Male,18,51.85,874.86,One Year,Mailed Check,None,No Internet,Yes,1,4.0,4,34.7,25.0,126.79,2,Married,Mobile,No
CUST-03655,44.0,Female,8,43.58,362.91,Month-to-Month,Mailed Check,DSL,No,Yes,1,4.0,3,10.9,35.0,49.08,2,Single,Mobile,Yes
CUST-03656,47.0,Female,10,35.68,280.35,Month-to-Month,Credit Card,DSL,No,Yes,0,3.0,2,46.6,13.0,216.46,2,Married,Mobile,No
CUST-03657,42.0,Male,10,72.47,746.52,Month-to-Month,Bank Transfer,DSL,Yes,No,2,3.0,1,7.2,17.0,246.91,0,Married,Mobile,No
CUST-03658,18.0,Male,9,73.33,654.59,Month-to-Month,Electronic Check,Fiber Optic,No,No,2,4.0,2,46.8,39.0,211.24,2,Single,Mobile,No
CUST-03659,44.0,Female,6,40.72,341.15,Two Year,Electronic Check,DSL,No,No,0,1.0,5,57.0,60.0,132.82,1,Single,Mobile,Yes
CUST-03660,72.0,Female,22,89.19,1884.88,Month-to-Month,Credit Card,Fiber Optic,No,Yes,3,4.0,1,2.1,96.0,168.03,2,Married,Desktop,Yes
CUST-03661,36.0,Female,55,91.29,5089.48,Two Year,Mailed Check,DSL,No,No,0,3.0,4,,138.0,65.99,5,Single,Desktop,Yes
CUST-03662,31.0,Male,8,20.1,75.61,Month-to-Month,Credit Card,Fiber Optic,No,No,1,4.0,3,8.3,27.0,220.62,2,Married,Mobile,No
CUST-03663,47.0,Male,4,57.58,163.96,Month-to-Month,Mailed Check,DSL,No,No Internet,2,2.0,1,8.0,2.0,198.4,1,Married,Mobile,Yes
CUST-03664,46.0,Male,43,107.01,4517.58,Month-to-Month,Bank Transfer,DSL,No Internet,No,1,3.0,2,15.7,25.0,277.46,2,Married,Tablet,No
CUST-03665,58.0,Female,32,70.03,2253.48,One Year,Bank Transfer,None,No Internet,No,2,4.0,3,1.8,6.0,170.3,3,Single,Mobile,No
CUST-03666,24.0,Female,64,52.76,3317.96,Month-to-Month,Bank Transfer,Fiber Optic,Yes,No,1,4.0,3,21.2,31.0,224.79,2,Single,Tablet,No
CUST-03667,52.0,Male,4,43.37,106.06,One Year,Credit Card,DSL,No,No,4,2.0,5,3.8,12.0,150.19,1,Single,Tablet,Yes
CUST-03668,50.0,Female,3,42.34,137.16,One Year,Bank Transfer,None,No,,0,3.0,4,2.4,22.0,250.57,2,Divorced,Mobile,No
CUST-03669,40.0,Female,18,,,Month-to-Month,Bank Transfer,DSL,Yes,Yes,0,3.0,2,23.7,32.0,,1,Divorced,Desktop,Yes
CUST-03670,46.0,Female,22,99.72,2195.83,One Year,Bank Transfer,DSL,No,No,0,4.0,1,1.3,71.0,139.5,1,Single,Desktop,No
CUST-03671,56.0,Female,15,26.67,391.94,Month-to-Month,Electronic Check,Fiber Optic,No,No,3,4.0,1,18.7,47.0,43.44,3,Married,Mobile,Yes
CUST-03672,54.0,Male,21,47.23,1083.28,One Year,Bank Transfer,DSL,No,No Internet,2,1.0,5,1.8,0.0,241.16,1,Single,Desktop,No
CUST-03673,25.0,Female,4,22.57,97.57,Month-to-Month,Bank Transfer,DSL,Yes,Yes,1,2.0,5,20.2,4.0,242.68,0,Married,Mobile,No
CUST-03674,53.0,Male,15,96.14,1482.38,Month-to-Month,Mailed Check,None,No,No,2,2.0,4,23.4,60.0,94.32,1,Single,Desktop,Yes
CUST-03675,41.0,Male,25,21.93,555.4,One Year,Electronic Check,DSL,Yes,No,4,2.0,5,13.2,40.0,132.99,3,Married,Mobile,No
CUST-03676,43.0,Female,13,48.83,579.9,Month-to-Month,Credit Card,DSL,No,No,2,1.0,2,6.5,4.0,123.82,2,Single,Desktop,No
CUST-03677,43.0,Female,27,75.33,2061.4,Two Year,Electronic Check,None,No Internet,,3,5.0,4,4.0,26.0,101.36,1,Single,Desktop,No
CUST-03678,39.0,Female,14,58.96,792.65,Two Year,Mailed Check,Fiber Optic,No,Yes,3,2.0,2,24.8,26.0,148.42,3,Divorced,Desktop,No
CUST-03679,58.0,Female,9,,411.52,Month-to-Month,Mailed Check,DSL,No,Yes,0,1.0,3,1.7,44.0,151.45,1,Single,Mobile,No
CUST-03680,40.0,Female,8,45.52,379.43,Month-to-Month,Electronic Check,Fiber Optic,Yes,No Internet,0,3.0,3,55.0,50.0,23.36,1,Divorced,Desktop,Yes
CUST-03681,26.0,Female,12,97.78,1076.29,One Year,Electronic Check,DSL,No,Yes,2,5.0,4,22.7,33.0,77.81,2,Single,Desktop,No
CUST-03682,36.0,Male,1,115.4,34.92,Two Year,Credit Card,Fiber Optic,No,No,2,5.0,2,17.6,37.0,16.74,4,Married,Mobile,No
CUST-03683,44.0,Female,26,52.8,,Month-to-Month,Electronic Check,Fiber Optic,Yes,No Internet,2,4.0,5,67.2,32.0,218.16,4,Single,Tablet,Yes
CUST-03684,59.0,Female,44,21.91,930.85,Two Year,Electronic Check,None,No,No,1,2.0,1,17.5,4.0,215.57,4,Single,Mobile,No
CUST-03685,50.0,Male,10,21.66,185.78,Two Year,Credit Card,DSL,Yes,No,1,1.0,3,1.6,34.0,86.91,2,Married,Mobile,No
CUST-03686,30.0,Male,1,93.92,102.24,Month-to-Month,Credit Card,Fiber Optic,No,No,0,3.0,4,5.8,19.0,174.24,3,Married,Mobile,No
CUST-03687,76.0,Female,72,73.24,5254.0,One Year,Bank Transfer,DSL,No,No,3,2.0,3,13.2,114.0,128.85,3,Single,Tablet,No
CUST-03688,45.0,Female,7,96.36,695.4,Month-to-Month,Electronic Check,Fiber Optic,No Internet,No,1,4.0,2,12.8,37.0,46.24,2,Divorced,Mobile,Yes
CUST-03689,59.0,Female,3,87.75,260.69,One Year,Credit Card,DSL,Yes,No,0,5.0,3,1.0,14.0,201.43,0,Married,Desktop,No
CUST-03690,39.0,Female,11,108.75,1206.18,Month-to-Month,Electronic Check,Fiber Optic,Yes,No,0,2.0,2,4.5,72.0,232.18,2,Divorced,Mobile,No
CUST-03691,49.0,Male,32,106.58,3375.47,Month-to-Month,Mailed Check,Fiber Optic,No Internet,No,4,3.0,1,20.0,7.0,100.4,2,Divorced,Desktop,No
CUST-03692,53.0,Female,8,96.83,784.32,One Year,Credit Card,None,Yes,No Internet,2,5.0,3,16.2,18.0,153.52,2,Married,Tablet,No
CUST-03693,59.0,Female,20,65.52,1365.65,Month-to-Month,Mailed Check,None,No,No Internet,3,4.0,2,34.2,1.0,54.52,1,Married,Tablet,Yes
CUST-03694,56.0,Female,12,48.81,557.33,One Year,Bank Transfer,Fiber Optic,No,No,1,5.0,4,48.4,29.0,18.05,3,Married,Mobile,No
CUST-03695,54.0,Female,3,68.7,251.87,Two Year,Credit Card,DSL,No,No,5,5.0,1,30.5,24.0,78.99,0,Married,Desktop,Yes
CUST-03696,37.0,Female,9,68.21,611.31,Month-to-Month,Credit Card,Fiber Optic,No,No,2,3.0,2,12.1,21.0,245.83,0,Single,Desktop,Yes
CUST-03697,33.0,Female,30,79.03,2407.62,Month-to-Month,Bank Transfer,Fiber Optic,No,No Internet,1,4.0,3,11.7,6.0,231.05,3,Single,Desktop,No
CUST-03698,46.0,Female,22,36.61,811.86,One Year,Credit Card,DSL,Yes,No,2,4.0,5,6.9,20.0,70.72,1,Single,Mobile,No
CUST-03699,55.0,Male,3,83.56,249.01,Month-to-Month,Electronic Check,Fiber Optic,No Internet,No,2,4.0,2,34.4,18.0,18.81,1,Married,Mobile,No
CUST-03700,38.0,Female,4,63.66,272.13,Two Year,Electronic Check,DSL,No,Yes,2,3.0,3,26.6,0.0,248.51,5,Married,Mobile,No
CUST-03701,56.0,Male,24,80.02,1981.16,Month-to-Month,Mailed Check,DSL,No,No,0,5.0,1,22.6,5.0,186.31,2,Single,Tablet,No
CUST-03702,62.0,Male,40,41.96,1690.2,One Year,Electronic Check,DSL,No,No Internet,0,4.0,4,22.6,69.0,26.76,0,Single,Mobile,No
CUST-03703,29.0,Female,10,61.44,638.33,Month-to-Month,Bank Transfer,None,No Internet,No,1,3.0,4,28.3,46.0,213.29,4,Married,Tablet,No
CUST-03704,30.0,Male,21,39.02,801.0,Month-to-Month,Credit Card,DSL,No Internet,Yes,3,3.0,4,37.7,3.0,155.94,2,Single,Desktop,Yes
CUST-03705,40.0,Female,4,105.53,500.66,Month-to-Month,Electronic Check,DSL,No,Yes,1,1.0,5,25.8,108.0,41.34,1,Married,Desktop,Yes
CUST-03706,46.0,Male,8,66.8,566.42,Month-to-Month,Electronic Check,None,No,No,1,5.0,2,,18.0,6.43,1,Single,Mobile,No
CUST-03707,34.0,Male,1,40.5,44.39,Month-to-Month,Bank Transfer,Fiber Optic,No,Yes,2,3.0,3,16.2,41.0,252.05,1,Single,Desktop,No
CUST-03708,60.0,Female,35,22.12,768.07,One Year,Mailed Check,Fiber Optic,,No,1,3.0,2,9.2,23.0,85.42,4,Single,Mobile,No
CUST-03709,47.0,Male,12,85.57,1075.74,Month-to-Month,Electronic Check,DSL,Yes,No,2,3.0,4,12.0,43.0,164.25,1,Single,Desktop,No
CUST-03710,42.0,Female,40,39.46,1548.09,Month-to-Month,Electronic Check,Fiber Optic,No,No Internet,0,4.0,2,11.5,32.0,44.74,1,Married,Desktop,Yes
CUST-03711,21.0,Male,29,116.96,3302.7,Month-to-Month,Electronic Check,DSL,No,Yes,1,3.0,3,26.1,2.0,203.54,1,Married,Tablet,No
CUST-03712,23.0,Male,42,71.37,3001.16,One Year,Bank Transfer,Fiber Optic,No,No,1,2.0,1,4.6,73.0,16.27,2,Married,Tablet,No
CUST-03713,45.0,Male,8,46.9,434.7,One Year,Electronic Check,Fiber Optic,Yes,Yes,0,5.0,4,6.8,43.0,250.9,2,Divorced,Mobile,No
CUST-03714,18.0,Male,4,83.77,414.65,Month-to-Month,Credit Card,Fiber Optic,Yes,No,2,2.0,2,12.2,7.0,,0,Married,Tablet,Yes
CUST-03715,56.0,Female,72,45.52,3272.08,Two Year,Electronic Check,Fiber Optic,No,No Internet,0,1.0,3,62.9,7.0,29.91,2,Single,Mobile,No
CUST-03716,39.0,Male,30,100.03,,Two Year,Bank Transfer,Fiber Optic,Yes,Yes,0,2.0,3,10.1,34.0,166.76,0,Married,Mobile,No
CUST-03717,,Female,43,48.82,2125.24,Month-to-Month,Credit Card,Fiber Optic,Yes,Yes,2,3.0,2,2.0,36.0,125.69,1,Married,Tablet,No
CUST-03718,74.0,Female,1,116.82,103.6,One Year,Bank Transfer,Fiber Optic,No,No,1,3.0,3,16.8,2.0,82.09,2,Divorced,Desktop,No
CUST-03719,39.0,Female,10,,810.92,Month-to-Month,Bank Transfer,DSL,No Internet,No Internet,3,4.0,4,14.4,70.0,202.05,1,Single,Mobile,No
CUST-03720,40.0,Female,32,102.44,3273.81,Two Year,Credit Card,None,No,Yes,3,2.0,2,28.1,41.0,243.02,3,Divorced,Mobile,No
CUST-03721,55.0,Male,1,25.28,75.85,One Year,Electronic Check,Fiber Optic,No,Yes,1,4.0,4,29.0,124.0,35.13,4,Divorced,Mobile,No
CUST-03722,65.0,Male,20,,1092.75,Two Year,Bank Transfer,Fiber Optic,Yes,No,5,2.0,1,4.5,17.0,82.2,2,Divorced,Tablet,No
CUST-03723,19.0,Female,13,91.75,1233.26,Month-to-Month,Bank Transfer,Fiber Optic,No Internet,Yes,1,3.0,2,1.0,2.0,47.89,1,Divorced,Tablet,No
CUST-03724,,Female,1,83.51,73.24,Month-to-Month,Bank Transfer,None,Yes,Yes,1,5.0,1,23.1,,136.25,1,Divorced,Desktop,Yes
CUST-03725,33.0,Female,6,37.42,320.82,One Year,Electronic Check,None,No,Yes,3,3.0,2,15.8,50.0,1.2,0,Divorced,Mobile,Yes
CUST-03726,50.0,Female,8,53.62,453.16,One Year,Credit Card,DSL,Yes,No,1,5.0,5,2.3,0.0,208.37,1,Single,Mobile,No
CUST-03727,48.0,Male,2,44.34,101.04,One Year,Bank Transfer,Fiber Optic,No,No,1,4.0,2,63.5,22.0,12.67,1,Married,Desktop,No
CUST-03728,56.0,Male,23,79.34,1786.77,Two Year,Bank Transfer,DSL,No,No,1,4.0,2,39.0,0.0,56.04,0,Divorced,Desktop,No
CUST-03729,25.0,Female,6,52.46,309.91,One Year,Mailed Check,DSL,No Internet,Yes,3,3.0,3,19.3,12.0,254.86,1,Married,Tablet,No
CUST-03730,18.0,Female,7,48.91,348.09,One Year,Electronic Check,None,Yes,No,1,,1,1.0,61.0,245.34,2,Divorced,Tablet,Yes
CUST-03731,54.0,Male,54,38.74,2052.58,Month-to-Month,Credit Card,DSL,No Internet,No,1,2.0,2,3.6,33.0,185.32,2,Married,Mobile,No
CUST-03732,30.0,Female,15,58.9,868.88,Month-to-Month,Bank Transfer,DSL,No,Yes,1,2.0,2,5.9,57.0,214.65,2,Divorced,Tablet,Yes
CUST-03733,18.0,Male,11,37.55,404.76,Month-to-Month,Electronic Check,Fiber Optic,No,No,1,4.0,2,1.0,24.0,166.79,1,Married,Desktop,No
CUST-03734,44.0,Male,30,114.26,3430.6,One Year,Credit Card,None,No,No,1,4.0,3,26.4,44.0,117.66,0,Married,Desktop,No
CUST-03735,53.0,Female,57,33.45,1818.51,Month-to-Month,Mailed Check,DSL,No,No Internet,1,5.0,1,1.2,19.0,72.19,4,Single,Desktop,No
CUST-03736,40.0,Female,1,109.33,102.57,Month-to-Month,Credit Card,DSL,No,No,1,5.0,2,3.4,20.0,272.57,2,Married,Tablet,No
CUST-03737,35.0,Female,14,60.85,833.03,Month-to-Month,Credit Card,DSL,Yes,No Internet,1,5.0,3,5.8,27.0,269.57,4,Single,Mobile,Yes
CUST-03738,39.0,Male,22,55.79,1226.34,Two Year,Credit Card,DSL,No Internet,No Internet,1,3.0,2,6.1,4.0,268.49,3,Single,Mobile,No
CUST-03739,36.0,Male,9,41.13,421.93,Month-to-Month,Electronic Check,DSL,No,No Internet,1,3.0,3,4.6,30.0,273.7,1,Single,Desktop,Yes
CUST-03740,23.0,Female,35,81.58,2957.92,Month-to-Month,Bank Transfer,None,No Internet,No,0,2.0,5,57.7,58.0,229.33,3,Single,Desktop,No
CUST-03741,31.0,Male,72,86.55,6265.52,Month-to-Month,Credit Card,DSL,No,Yes,1,4.0,5,48.6,5.0,268.98,2,Single,Desktop,No
CUST-03742,49.0,Female,68,64.76,4341.96,Month-to-Month,Mailed Check,Fiber Optic,No,No,1,1.0,3,14.5,14.0,261.31,2,Divorced,Desktop,No
CUST-03743,46.0,Female,7,23.57,147.72,Month-to-Month,Credit Card,None,Yes,No,0,3.0,1,2.0,75.0,79.86,2,Married,Mobile,No
CUST-03744,44.0,Female,6,109.85,688.9,Month-to-Month,Bank Transfer,Fiber Optic,No,No,0,4.0,3,18.4,11.0,253.39,3,Married,Mobile,Yes
CUST-03745,28.0,Male,72,116.03,8378.32,Month-to-Month,Credit Card,DSL,No,Yes,2,,2,55.6,62.0,168.31,2,Married,Desktop,No
CUST-03746,39.0,Female,14,61.1,904.77,Two Year,Mailed Check,Fiber Optic,No,No,2,4.0,5,96.0,30.0,155.93,0,Married,Desktop,Yes
CUST-03747,18.0,Male,5,79.37,391.98,One Year,Electronic Check,None,Yes,No Internet,3,4.0,3,14.4,55.0,36.97,2,Single,Mobile,Yes
CUST-03748,44.0,Male,29,63.03,1809.69,Month-to-Month,Electronic Check,DSL,No,No,1,2.0,1,3.1,4.0,255.45,4,Divorced,Desktop,No
CUST-03749,62.0,Male,8,50.19,489.14,One Year,Credit Card,DSL,Yes,No,1,5.0,2,26.7,46.0,95.29,2,Single,Desktop,No
CUST-03750,21.0,Male,7,25.73,183.04,One Year,Bank Transfer,DSL,Yes,No,0,,2,14.6,0.0,63.12,1,Single,Mobile,Yes
CUST-03751,33.0,Female,50,63.61,,One Year,Electronic Check,Fiber Optic,Yes,Yes,1,1.0,2,9.0,15.0,248.55,0,Single,Desktop,No
CUST-03752,46.0,Male,4,99.84,473.12,Month-to-Month,Bank Transfer,DSL,No,Yes,3,3.0,3,2.4,9.0,7.92,1,Divorced,Desktop,Yes
CUST-03753,59.0,Male,1,19.7,0.0,Month-to-Month,Bank Transfer,Fiber Optic,No,No Internet,2,5.0,2,4.1,30.0,59.65,2,Married,Mobile,Yes
CUST-03754,35.0,Female,7,76.21,358.72,One Year,Mailed Check,Fiber Optic,No Internet,No Internet,3,5.0,1,13.0,43.0,147.45,1,Married,Mobile,No
CUST-03755,32.0,Male,22,106.08,2372.23,Month-to-Month,Credit Card,Fiber Optic,No,No Internet,1,2.0,3,4.5,12.0,266.74,0,Single,Tablet,No
CUST-03756,18.0,Female,3,39.75,164.79,Month-to-Month,Electronic Check,Fiber Optic,No,No,2,5.0,2,9.7,54.0,129.93,1,Divorced,Desktop,Yes
CUST-03757,43.0,Male,15,36.33,565.65,Month-to-Month,Bank Transfer,DSL,No,No,5,4.0,1,18.9,24.0,51.73,4,Married,Mobile,Yes
CUST-03758,70.0,Male,23,95.23,2125.17,One Year,Electronic Check,Fiber Optic,No,No Internet,1,1.0,2,65.6,41.0,146.84,2,Single,Tablet,No
CUST-03759,45.0,Female,45,43.51,1955.01,Month-to-Month,Credit Card,Fiber Optic,No,No Internet,1,4.0,1,1.0,38.0,188.66,0,Single,Mobile,No
CUST-03760,41.0,Male,6,37.2,209.29,Month-to-Month,Credit Card,Fiber Optic,No,No Internet,1,3.0,3,23.9,4.0,261.91,1,Married,Mobile,Yes
CUST-03761,46.0,Female,40,55.8,2205.14,Two Year,Electronic Check,DSL,Yes,No,2,3.0,5,2.1,39.0,242.01,2,Single,Mobile,Yes
CUST-03762,41.0,Male,6,57.25,414.1,Two Year,Mailed Check,Fiber Optic,Yes,No,0,3.0,2,43.1,52.0,233.33,2,Single,Desktop,No
CUST-03763,30.0,Male,27,105.41,2793.74,Month-to-Month,Mailed Check,Fiber Optic,Yes,No,3,4.0,3,22.0,1.0,147.65,2,Married,Desktop,No
CUST-03764,53.0,Male,13,79.84,1053.73,Month-to-Month,Credit Card,Fiber Optic,Yes,No,0,4.0,4,7.6,5.0,272.57,2,Married,Desktop,Yes
CUST-03765,45.0,Male,2,58.6,176.9,One Year,Credit Card,DSL,No,No,4,4.0,1,10.8,22.0,263.57,3,Married,Desktop,No
CUST-03766,42.0,Male,30,71.44,2162.27,Month-to-Month,Electronic Check,DSL,No,No,1,3.0,1,16.9,1.0,228.39,1,Single,Desktop,No
CUST-03767,28.0,Female,5,113.4,629.06,One Year,Bank Transfer,Fiber Optic,No,No,0,4.0,3,12.3,13.0,238.05,3,Single,Mobile,No
CUST-03768,60.0,Female,4,29.32,145.47,One Year,Electronic Check,Fiber Optic,Yes,Yes,1,2.0,3,58.7,54.0,271.74,0,Married,Tablet,No
CUST-03769,51.0,Male,10,38.77,409.17,Month-to-Month,Bank Transfer,Fiber Optic,No,No,0,5.0,3,98.8,3.0,102.89,1,Divorced,Desktop,Yes
CUST-03770,34.0,Male,25,114.25,2874.59,Month-to-Month,Bank Transfer,Fiber Optic,Yes,No,1,3.0,5,1.0,4.0,286.26,3,Divorced,Desktop,No
CUST-03771,56.0,Female,6,113.73,713.05,Month-to-Month,Electronic Check,DSL,Yes,Yes,1,2.0,2,19.5,3.0,39.5,3,Single,Mobile,No
CUST-03772,35.0,Female,4,35.72,123.6,One Year,Credit Card,DSL,No,No Internet,2,4.0,3,20.6,23.0,263.52,2,Married,Mobile,No
CUST-03773,31.0,Female,1,32.51,0.0,Month-to-Month,Electronic Check,Fiber Optic,No,No Internet,1,4.0,5,23.4,10.0,68.16,2,Single,Desktop,No
CUST-03774,31.0,Female,15,60.11,949.35,Month-to-Month,Bank Transfer,Fiber Optic,No,No Internet,0,1.0,4,37.3,50.0,166.94,2,Single,Mobile,Yes
CUST-03775,18.0,Male,13,22.97,356.7,Month-to-Month,Electronic Check,Fiber Optic,Yes,No,0,1.0,1,13.5,26.0,172.4,1,Married,Desktop,Yes
CUST-03776,48.0,Male,6,83.49,513.54,Month-to-Month,Credit Card,None,No Internet,Yes,1,5.0,2,4.4,33.0,280.89,1,Married,Mobile,No
CUST-03777,18.0,Female,1,25.75,0.0,One Year,Bank Transfer,Fiber Optic,No Internet,Yes,0,3.0,3,16.7,11.0,81.72,1,Divorced,Desktop,No
CUST-03778,24.0,Female,13,23.8,231.51,Month-to-Month,Mailed Check,DSL,No,No,0,3.0,1,5.9,20.0,126.4,1,Divorced,Desktop,No
CUST-03779,18.0,Female,37,66.52,2465.53,One Year,Electronic Check,Fiber Optic,No Internet,No,1,4.0,4,6.3,13.0,43.23,1,Single,Mobile,Yes
CUST-03780,40.0,Male,30,113.78,3345.95,Month-to-Month,Mailed Check,Fiber Optic,Yes,Yes,1,1.0,2,14.2,20.0,163.44,0,Married,Mobile,Yes
CUST-03781,39.0,Female,47,60.68,2777.51,Month-to-Month,Electronic Check,Fiber Optic,No,Yes,1,1.0,1,5.1,34.0,117.3,1,Married,Mobile,No
CUST-03782,37.0,Female,1,53.65,52.61,Two Year,Mailed Check,None,No Internet,No,3,2.0,2,17.8,17.0,133.41,3,Married,Mobile,No
CUST-03783,27.0,Male,72,117.8,8443.41,One Year,Bank Transfer,Fiber Optic,No,No,2,4.0,2,28.8,2.0,20.96,2,Married,Mobile,No
CUST-03784,25.0,Female,10,71.2,729.27,One Year,Credit Card,Fiber Optic,No,No,0,3.0,2,63.5,13.0,250.03,1,Single,Mobile,No
CUST-03785,48.0,Male,72,55.52,3989.48,Month-to-Month,Electronic Check,None,Yes,Yes,1,3.0,2,2.8,65.0,105.98,2,Married,Mobile,Yes
CUST-03786,34.0,Male,6,56.59,309.21,Month-to-Month,Electronic Check,DSL,Yes,No Internet,1,2.0,4,9.1,51.0,190.96,2,Divorced,Desktop,No
CUST-03787,46.0,Male,15,37.5,477.25,One Year,Electronic Check,DSL,Yes,No,3,4.0,2,20.2,53.0,189.73,1,Divorced,Mobile,Yes
CUST-03788,29.0,Male,10,69.22,649.56,Two Year,Electronic Check,DSL,No,Yes,3,3.0,5,12.9,5.0,190.88,3,Divorced,Desktop,No
CUST-03789,44.0,Male,10,,578.09,Two Year,Mailed Check,DSL,No,Yes,3,3.0,3,1.0,2.0,70.21,1,Married,Desktop,No
CUST-03790,60.0,Female,44,45.08,1922.25,Two Year,Credit Card,DSL,Yes,Yes,3,3.0,4,6.4,50.0,31.44,3,Married,Mobile,No
CUST-03791,50.0,Male,32,34.05,1073.15,Month-to-Month,Electronic Check,None,No,No,0,4.0,1,23.7,32.0,21.14,2,Single,Desktop,Yes
CUST-03792,36.0,Female,72,49.12,3479.28,Two Year,Credit Card,None,,No,1,,2,,21.0,170.74,5,Single,Mobile,No
CUST-03793,45.0,Male,22,68.87,1506.95,Two Year,Credit Card,Fiber Optic,No,No Internet,1,,3,17.8,34.0,28.39,2,Married,Desktop,No
CUST-03794,38.0,Male,14,23.83,345.64,Month-to-Month,Bank Transfer,Fiber Optic,No Internet,Yes,2,4.0,1,15.3,80.0,119.43,3,Married,Tablet,No
CUST-03795,42.0,Female,2,33.37,25.43,Month-to-Month,Electronic Check,DSL,,No,0,5.0,2,43.1,4.0,262.87,1,Married,Tablet,Yes
CUST-03796,37.0,Female,72,112.77,8140.71,One Year,Electronic Check,Fiber Optic,No,No Internet,0,2.0,4,29.3,5.0,23.16,3,Married,Mobile,No
CUST-03797,39.0,Female,19,72.29,1305.44,Month-to-Month,Mailed Check,DSL,No,No,0,5.0,1,6.3,,195.22,0,Married,Mobile,Yes
CUST-03798,44.0,Female,28,24.34,625.91,One Year,Credit Card,Fiber Optic,Yes,Yes,4,4.0,3,10.3,36.0,128.56,4,Single,Desktop,No
CUST-03799,28.0,Male,12,87.31,1042.06,Two Year,Bank Transfer,DSL,No,No,2,3.0,5,9.7,30.0,257.94,3,Single,Tablet,No
CUST-03800,27.0,Male,19,24.18,493.77,Two Year,Credit Card,Fiber Optic,No,No Internet,0,3.0,2,4.9,8.0,222.89,4,Single,Desktop,No
CUST-03801,22.0,Female,68,91.89,6291.89,Two Year,Credit Card,DSL,No,Yes,4,2.0,2,14.6,29.0,35.55,3,Married,Mobile,No
CUST-03802,19.0,Female,4,93.0,452.62,Month-to-Month,Credit Card,DSL,Yes,No,2,3.0,3,4.5,24.0,87.71,2,Single,Desktop,No
CUST-03803,24.0,Female,8,83.11,646.05,Month-to-Month,Credit Card,Fiber Optic,Yes,No,1,4.0,2,2.6,0.0,191.09,2,Single,Desktop,Yes
CUST-03804,44.0,Female,3,91.22,267.28,One Year,Bank Transfer,Fiber Optic,No,No,2,1.0,1,1.8,29.0,51.49,2,Divorced,Desktop,No
CUST-03805,29.0,Female,37,26.8,939.97,Month-to-Month,Credit Card,DSL,No,No,0,1.0,1,5.1,17.0,240.51,2,Single,Desktop,No
CUST-03806,49.0,Male,1,90.68,27.99,Month-to-Month,Bank Transfer,DSL,No Internet,No,2,5.0,3,9.6,57.0,73.02,2,Married,Desktop,Yes
CUST-03807,42.0,Female,2,31.67,74.77,One Year,Mailed Check,None,No Internet,No,0,3.0,3,1.8,31.0,249.12,4,Single,Tablet,No
CUST-03808,18.0,Female,8,51.95,376.81,Month-to-Month,Electronic Check,DSL,No,No,1,5.0,2,16.9,23.0,80.28,4,Married,Tablet,No
CUST-03809,51.0,Female,17,112.27,1970.21,Month-to-Month,Electronic Check,Fiber Optic,No Internet,No,2,4.0,5,30.6,67.0,65.23,1,Single,Mobile,Yes
CUST-03810,53.0,Male,12,68.29,746.36,Month-to-Month,Electronic Check,DSL,No,No,2,3.0,3,8.4,32.0,282.49,4,Single,Mobile,Yes
CUST-03811,28.0,Male,1,114.74,139.06,Two Year,Bank Transfer,Fiber Optic,No,Yes,2,4.0,1,31.0,8.0,190.94,1,Single,Mobile,No
CUST-03812,47.0,Male,72,26.89,1885.79,Month-to-Month,Electronic Check,Fiber Optic,No,No Internet,2,1.0,2,2.5,18.0,,1,Married,Desktop,No
CUST-03813,30.0,Male,72,65.76,4693.7,Month-to-Month,Electronic Check,None,Yes,Yes,2,4.0,3,1.2,33.0,14.57,2,Married,Mobile,Yes
CUST-03814,43.0,Female,7,24.24,196.64,Two Year,Credit Card,Fiber Optic,No,Yes,1,5.0,3,25.2,51.0,84.49,0,Divorced,Mobile,No
CUST-03815,24.0,Male,31,81.02,2477.83,Month-to-Month,Mailed Check,DSL,Yes,Yes,2,3.0,1,55.2,9.0,37.1,4,Single,Mobile,No
CUST-03816,18.0,Male,20,25.87,491.61,Month-to-Month,Bank Transfer,None,No Internet,No Internet,0,3.0,3,6.2,38.0,47.86,3,Divorced,Desktop,No
CUST-03817,36.0,Male,6,35.54,172.63,One Year,Credit Card,Fiber Optic,No,No,2,2.0,2,16.1,34.0,78.76,2,Single,Mobile,No
CUST-03818,40.0,Female,7,43.88,396.41,Month-to-Month,Electronic Check,None,Yes,No,2,5.0,2,15.9,4.0,40.75,2,Married,Mobile,Yes
CUST-03819,,Female,16,92.87,1455.05,Month-to-Month,Electronic Check,Fiber Optic,No Internet,No Internet,2,4.0,3,17.4,4.0,269.87,0,Married,Mobile,No
CUST-03820,25.0,Male,13,34.4,449.78,Two Year,Electronic Check,Fiber Optic,No Internet,No Internet,2,3.0,3,12.7,20.0,25.48,1,Single,Tablet,No
CUST-03821,36.0,Male,8,102.66,811.18,Month-to-Month,Credit Card,None,No Internet,No,3,3.0,3,4.4,15.0,257.81,1,Single,Desktop,Yes
CUST-03822,45.0,Male,39,31.19,1227.48,One Year,Bank Transfer,Fiber Optic,No,No,1,3.0,2,1.3,4.0,143.75,0,Single,Desktop,No
CUST-03823,41.0,Female,15,21.52,292.06,One Year,Bank Transfer,Fiber Optic,No,No Internet,0,3.0,3,1.0,2.0,46.92,1,Single,Mobile,No
CUST-03824,44.0,Male,25,57.5,1427.46,Month-to-Month,Mailed Check,Fiber Optic,No,No,1,3.0,1,3.0,68.0,158.14,3,Married,Mobile,No
CUST-03825,32.0,Female,5,115.94,599.4,One Year,Electronic Check,Fiber Optic,Yes,No,1,2.0,1,1.9,6.0,258.34,6,Married,Tablet,No
CUST-03826,58.0,Male,18,29.03,479.39,Month-to-Month,Electronic Check,Fiber Optic,Yes,No,4,1.0,5,1.0,13.0,266.99,1,Married,Tablet,No
CUST-03827,,Male,9,,308.0,Month-to-Month,Credit Card,Fiber Optic,No,No,2,4.0,1,1.4,18.0,106.74,3,Married,Desktop,No
CUST-03828,48.0,Female,17,93.12,1642.31,One Year,Bank Transfer,Fiber Optic,No,Yes,1,3.0,3,1.0,2.0,201.04,0,Married,Desktop,No
CUST-03829,58.0,Male,36,49.22,1802.24,Month-to-Month,Bank Transfer,Fiber Optic,No,Yes,2,3.0,4,11.9,4.0,19.77,2,Single,Mobile,No
CUST-03830,48.0,Female,35,89.73,3144.04,One Year,Bank Transfer,Fiber Optic,Yes,No Internet,1,3.0,4,1.0,22.0,149.78,1,Married,Desktop,No
CUST-03831,39.0,Male,10,38.0,230.47,Month-to-Month,Credit Card,DSL,Yes,Yes,0,3.0,4,83.6,36.0,68.09,3,Single,Mobile,No
CUST-03832,34.0,Female,28,64.01,1813.49,Month-to-Month,Electronic Check,DSL,No,,1,1.0,5,10.4,55.0,89.66,4,Married,Mobile,No
CUST-03833,56.0,Female,68,44.53,3008.47,One Year,Bank Transfer,DSL,Yes,Yes,1,3.0,2,34.7,59.0,139.21,0,Married,Tablet,No
CUST-03834,22.0,Female,23,63.15,1440.14,Month-to-Month,Electronic Check,Fiber Optic,Yes,No,1,3.0,2,10.0,23.0,274.08,1,Married,Tablet,No
CUST-03835,28.0,Male,3,94.91,189.86,Two Year,Credit Card,None,No,No,4,5.0,1,2.2,10.0,247.03,3,Single,Desktop,No
CUST-03836,36.0,Male,27,94.2,2568.08,One Year,Bank Transfer,Fiber Optic,Yes,No,1,,1,27.5,25.0,114.73,3,Divorced,Mobile,No
CUST-03837,59.0,Male,2,69.58,66.73,Two Year,Electronic Check,None,No Internet,Yes,1,2.0,3,4.1,29.0,143.28,1,Single,Mobile,No
CUST-03838,47.0,Female,49,110.84,5437.08,Month-to-Month,Bank Transfer,DSL,No,Yes,2,4.0,2,1.0,10.0,262.24,0,Married,Desktop,No
CUST-03839,28.0,Female,17,44.38,799.69,Two Year,Electronic Check,Fiber Optic,No,No,0,3.0,2,3.2,33.0,24.75,4,Married,Mobile,No
CUST-03840,37.0,Male,11,42.03,438.86,One Year,Electronic Check,DSL,Yes,No,0,5.0,3,13.7,5.0,232.99,1,Married,Desktop,No
CUST-03841,33.0,Male,1,79.38,140.18,One Year,Mailed Check,DSL,No,No,2,5.0,1,8.6,10.0,50.77,1,Married,Mobile,No
CUST-03842,32.0,Female,11,80.13,844.08,Two Year,Credit Card,None,No,Yes,0,5.0,1,2.6,79.0,83.63,2,Single,Tablet,No
CUST-03843,55.0,Male,56,22.65,1298.42,One Year,Credit Card,DSL,No Internet,No,1,2.0,4,11.4,21.0,65.27,0,Single,Tablet,No
CUST-03844,22.0,Male,1,78.78,13.54,Two Year,Bank Transfer,DSL,No,No,1,3.0,3,45.9,,165.37,2,Single,Desktop,No
CUST-03845,64.0,Male,15,55.44,883.16,One Year,Mailed Check,DSL,No,Yes,1,4.0,2,19.5,33.0,69.0,3,Married,Mobile,No
CUST-03846,53.0,Female,64,92.74,5979.16,One Year,Electronic Check,Fiber Optic,Yes,Yes,0,3.0,3,1.1,7.0,136.95,2,Married,Mobile,No
CUST-03847,57.0,Female,12,98.81,1209.14,Month-to-Month,Bank Transfer,Fiber Optic,No,No,1,3.0,1,5.8,1.0,7.83,2,Single,Mobile,No
CUST-03848,35.0,Female,13,73.22,932.2,Month-to-Month,Credit Card,DSL,Yes,No,3,3.0,2,17.7,61.0,94.87,1,Married,Mobile,No
CUST-03849,39.0,Male,20,18.17,293.3,One Year,Bank Transfer,DSL,Yes,Yes,0,4.0,1,2.3,17.0,213.35,1,Married,Desktop,No
CUST-03850,21.0,Female,14,81.64,1123.43,Two Year,Bank Transfer,DSL,No,No,4,5.0,2,11.6,45.0,130.42,2,Married,Mobile,No
CUST-03851,34.0,Female,4,92.89,427.08,One Year,Electronic Check,DSL,Yes,No,2,4.0,1,11.8,57.0,247.0,0,Married,Mobile,Yes
CUST-03852,48.0,Male,1,42.9,49.4,One Year,Bank Transfer,None,No,No Internet,1,4.0,2,1.4,25.0,,4,Divorced,Mobile,No
CUST-03853,,Female,22,64.46,1340.47,One Year,Bank Transfer,None,No Internet,No,0,4.0,2,14.0,3.0,262.78,0,Single,Mobile,No
CUST-03854,26.0,Male,60,114.57,6817.96,Month-to-Month,Credit Card,None,No,No,1,4.0,2,34.5,11.0,118.36,1,Married,Mobile,No
CUST-03855,36.0,Male,2,47.81,158.28,Month-to-Month,Credit Card,None,No,No Internet,1,5.0,2,15.8,8.0,108.34,4,Married,Mobile,Yes
CUST-03856,39.0,Male,5,40.32,226.0,Month-to-Month,Bank Transfer,None,Yes,No Internet,3,2.0,1,37.1,27.0,77.04,3,Single,Tablet,No
CUST-03857,22.0,Male,11,39.09,368.29,Month-to-Month,Bank Transfer,None,No,No,0,5.0,2,14.3,15.0,138.56,1,Single,Desktop,Yes
CUST-03858,50.0,Female,39,73.88,2793.03,One Year,Electronic Check,None,No,No,2,3.0,4,20.9,15.0,249.27,2,Single,Desktop,No
CUST-03859,31.0,Male,7,112.98,759.61,Two Year,Electronic Check,None,No,No,1,3.0,5,33.5,31.0,214.15,3,Married,Desktop,No
CUST-03860,39.0,Male,51,78.87,3929.8,Month-to-Month,Credit Card,Fiber Optic,No,Yes,1,3.0,2,9.3,0.0,51.79,2,Single,Desktop,Yes
CUST-03861,35.0,Male,1,48.33,40.54,Month-to-Month,Bank Transfer,DSL,No,No,2,3.0,5,2.6,4.0,277.61,4,Married,Mobile,Yes
CUST-03862,,Female,67,81.86,5607.2,Month-to-Month,Mailed Check,Fiber Optic,Yes,No,2,3.0,2,1.9,65.0,134.0,3,Divorced,Desktop,No
CUST-03863,41.0,Female,19,80.48,1449.27,Month-to-Month,Bank Transfer,Fiber Optic,No,Yes,0,5.0,3,46.0,54.0,66.71,3,Divorced,Mobile,Yes
CUST-03864,38.0,Female,25,77.69,1932.95,Month-to-Month,Bank Transfer,Fiber Optic,No Internet,Yes,3,2.0,4,11.9,84.0,281.74,1,Married,Desktop,Yes
CUST-03865,36.0,Female,11,33.94,438.94,Month-to-Month,Bank Transfer,Fiber Optic,Yes,No Internet,1,5.0,2,17.2,7.0,132.2,3,Married,Desktop,No
CUST-03866,31.0,Male,36,81.46,2970.01,Month-to-Month,Bank Transfer,Fiber Optic,No,No Internet,3,4.0,1,14.2,12.0,52.12,2,Married,Tablet,No
CUST-03867,46.0,Male,4,61.02,236.64,Two Year,Credit Card,DSL,No,Yes,1,5.0,2,12.5,3.0,247.0,1,Single,Desktop,Yes
CUST-03868,65.0,Female,1,19.86,12.54,Month-to-Month,Credit Card,DSL,No,No,0,5.0,4,12.3,30.0,150.1,0,Married,Mobile,No
CUST-03869,43.0,Male,12,71.98,805.96,One Year,Credit Card,None,No,Yes,2,4.0,5,9.6,45.0,59.04,5,Married,Desktop,No
CUST-03870,55.0,Male,46,116.93,5365.4,One Year,Electronic Check,Fiber Optic,,No,1,4.0,1,32.4,28.0,204.09,2,Married,Mobile,No
CUST-03871,22.0,Female,33,52.97,1760.18,Month-to-Month,Credit Card,DSL,No,No Internet,1,5.0,3,1.9,27.0,294.6,1,Married,Mobile,No
CUST-03872,44.0,Male,17,114.56,2002.78,Two Year,Mailed Check,None,No,Yes,0,3.0,1,18.9,48.0,25.29,1,Married,Tablet,No
CUST-03873,26.0,Male,20,27.62,521.39,One Year,Electronic Check,DSL,No,No,0,2.0,4,17.1,2.0,130.32,1,Married,Mobile,No
CUST-03874,21.0,Male,3,91.25,264.26,Month-to-Month,Electronic Check,Fiber Optic,No Internet,No,1,5.0,4,1.0,40.0,153.95,0,Divorced,Mobile,No
CUST-03875,31.0,Male,44,29.43,1247.46,Month-to-Month,Electronic Check,DSL,No Internet,No,0,3.0,3,3.7,66.0,198.36,3,Divorced,Tablet,Yes
CUST-03876,58.0,Female,37,45.36,1689.59,One Year,Credit Card,None,No Internet,No,3,2.0,4,23.2,31.0,68.55,1,Divorced,Mobile,No
CUST-03877,55.0,Female,25,75.08,1916.19,Month-to-Month,Electronic Check,Fiber Optic,Yes,No Internet,0,4.0,3,4.0,34.0,55.45,2,Single,Desktop,No
CUST-03878,45.0,Female,15,77.28,1190.68,Month-to-Month,Mailed Check,Fiber Optic,Yes,No Internet,3,3.0,1,12.9,30.0,222.57,5,Married,Desktop,Yes
CUST-03879,20.0,Female,72,95.52,,Month-to-Month,Credit Card,None,No,No,0,3.0,4,1.3,52.0,200.8,4,Single,Mobile,Yes
CUST-03880,39.0,Male,50,79.53,3983.84,Month-to-Month,Credit Card,None,Yes,Yes,3,4.0,1,3.8,15.0,73.73,0,Single,Mobile,No
CUST-03881,46.0,Male,24,77.36,1822.77,One Year,Credit Card,Fiber Optic,No,No,0,1.0,1,33.2,58.0,17.06,3,Married,Mobile,Yes
CUST-03882,44.0,Male,11,109.24,1252.19,Two Year,Electronic Check,None,Yes,No,3,4.0,2,6.7,9.0,240.04,2,Divorced,Mobile,No
CUST-03883,18.0,Male,23,63.22,1445.99,One Year,Credit Card,Fiber Optic,No,Yes,0,3.0,2,24.6,3.0,204.66,0,Single,Tablet,No
CUST-03884,29.0,Female,20,40.53,734.62,Month-to-Month,Bank Transfer,Fiber Optic,No,Yes,2,3.0,1,9.8,1.0,263.93,1,Married,Mobile,Yes
CUST-03885,41.0,Female,12,34.18,399.17,Two Year,Electronic Check,Fiber Optic,No,No,0,5.0,3,5.8,3.0,20.29,0,Married,Tablet,No
CUST-03886,49.0,Male,8,58.0,486.92,One Year,Credit Card,DSL,Yes,Yes,2,5.0,1,12.5,18.0,146.25,2,Divorced,Desktop,No
CUST-03887,18.0,Male,12,89.28,1083.56,One Year,Electronic Check,DSL,No Internet,No,1,4.0,3,11.5,27.0,47.89,1,Single,Desktop,No
CUST-03888,39.0,Male,20,22.25,419.41,Month-to-Month,Credit Card,None,No,Yes,2,4.0,2,62.8,30.0,202.48,1,Married,Mobile,Yes
CUST-03889,44.0,Male,13,30.91,372.57,Month-to-Month,Credit Card,DSL,No,No,1,4.0,4,6.3,24.0,74.85,1,Single,Desktop,No
CUST-03890,53.0,Male,7,28.61,150.89,Two Year,Credit Card,Fiber Optic,No,Yes,1,3.0,2,15.9,6.0,78.87,3,Married,Desktop,No
CUST-03891,51.0,Female,34,76.53,2582.28,Month-to-Month,Electronic Check,DSL,No,,0,4.0,4,17.5,60.0,214.48,0,Single,Mobile,Yes
CUST-03892,50.0,Female,18,42.29,,One Year,Mailed Check,Fiber Optic,No,No,3,4.0,2,14.8,7.0,247.44,2,Married,Mobile,Yes
CUST-03893,30.0,Female,1,34.63,83.13,One Year,Credit Card,DSL,Yes,Yes,2,3.0,3,9.8,52.0,273.16,1,Married,Mobile,No
CUST-03894,18.0,Male,11,77.28,805.02,Month-to-Month,Credit Card,None,No Internet,No,1,5.0,2,23.0,37.0,23.42,2,Divorced,Mobile,No
CUST-03895,36.0,Male,51,94.13,4806.74,One Year,Electronic Check,None,No,,1,1.0,2,21.9,13.0,242.0,2,Married,Mobile,Yes
CUST-03896,56.0,Female,33,51.22,1692.98,Month-to-Month,Electronic Check,None,No,No,1,3.0,1,47.9,16.0,291.45,3,Single,Mobile,No
CUST-03897,61.0,Female,9,,729.66,One Year,Credit Card,Fiber Optic,Yes,No Internet,1,5.0,2,56.6,50.0,15.71,1,Married,Mobile,No
CUST-03898,51.0,Female,66,27.81,1889.93,Two Year,Electronic Check,None,No,No,4,5.0,1,3.6,126.0,273.62,1,Married,Mobile,Yes
CUST-03899,48.0,Female,1,111.52,146.32,Two Year,Mailed Check,Fiber Optic,Yes,No Internet,4,4.0,1,15.9,8.0,286.2,0,Divorced,Desktop,No
CUST-03900,47.0,Female,72,51.69,3739.33,Two Year,Credit Card,Fiber Optic,No,No,1,4.0,3,29.1,35.0,57.7,2,Married,Mobile,No
CUST-03901,34.0,Female,6,117.75,654.07,One Year,Credit Card,DSL,No Internet,No,4,4.0,3,49.2,2.0,92.58,4,Married,Mobile,No
CUST-03902,40.0,Male,1,115.86,62.42,One Year,Credit Card,None,No,Yes,4,3.0,2,2.3,2.0,89.71,2,Divorced,Mobile,No
CUST-03903,65.0,Female,13,95.88,1204.16,One Year,Electronic Check,DSL,No,No Internet,1,3.0,3,44.7,17.0,284.87,3,Single,Desktop,No
CUST-03904,28.0,Male,10,20.01,237.7,Month-to-Month,Credit Card,Fiber Optic,No,Yes,4,4.0,1,3.8,0.0,4.99,4,Married,Desktop,Yes
CUST-03905,64.0,Male,18,72.35,1305.97,Month-to-Month,Electronic Check,Fiber Optic,No,No,2,1.0,1,12.7,72.0,166.98,1,Married,Desktop,Yes
CUST-03906,37.0,Female,38,26.68,1057.27,One Year,Electronic Check,Fiber Optic,Yes,No Internet,1,5.0,2,15.9,14.0,173.87,3,Married,Mobile,No
CUST-03907,60.0,Male,44,,4780.58,Month-to-Month,Electronic Check,DSL,Yes,Yes,2,3.0,2,31.7,14.0,195.57,3,Single,Desktop,No
CUST-03908,22.0,Male,12,96.96,1127.22,Two Year,Credit Card,Fiber Optic,No,Yes,3,5.0,2,24.4,11.0,67.25,2,Married,Mobile,No
CUST-03909,50.0,Male,13,115.23,1499.59,Month-to-Month,Mailed Check,Fiber Optic,No Internet,No,0,3.0,4,40.9,10.0,142.23,0,Single,Mobile,No
CUST-03910,31.0,Male,3,78.84,235.87,Month-to-Month,Bank Transfer,DSL,No,No Internet,3,3.0,1,23.2,2.0,123.75,2,Single,Mobile,Yes
CUST-03911,22.0,Male,1,70.22,53.83,Month-to-Month,Bank Transfer,Fiber Optic,No,No,1,3.0,4,6.2,28.0,122.5,0,Single,Desktop,No
CUST-03912,45.0,Male,24,69.9,1650.86,Two Year,Mailed Check,None,No,Yes,0,4.0,4,3.0,8.0,100.21,0,Single,Desktop,No
CUST-03913,56.0,Male,1,56.64,115.88,Two Year,Mailed Check,None,No Internet,No,0,4.0,4,2.5,12.0,283.0,3,Single,Tablet,No
CUST-03914,30.0,Male,31,64.87,2013.57,Month-to-Month,Bank Transfer,Fiber Optic,No,No,2,5.0,3,1.4,12.0,195.4,1,Married,Mobile,No
CUST-03915,21.0,Female,18,81.54,1468.38,One Year,Bank Transfer,DSL,No,No Internet,2,3.0,4,40.4,12.0,228.02,3,Single,Mobile,No
CUST-03916,40.0,Male,5,111.29,,One Year,Credit Card,Fiber Optic,Yes,No,2,4.0,5,,63.0,96.52,1,Single,Mobile,No
CUST-03917,40.0,Male,18,77.59,1430.38,One Year,Mailed Check,Fiber Optic,No,No,4,4.0,2,50.4,19.0,0.23,3,Divorced,Mobile,Yes
CUST-03918,49.0,Female,4,103.71,364.58,One Year,Electronic Check,None,Yes,No,3,3.0,4,22.4,21.0,285.67,2,Married,Mobile,No
CUST-03919,55.0,Female,13,104.28,1378.39,Month-to-Month,Bank Transfer,None,No Internet,No,1,5.0,4,46.1,45.0,262.9,3,Married,Desktop,No
CUST-03920,41.0,Female,38,69.88,2679.55,One Year,Electronic Check,None,No,No,3,3.0,2,30.4,11.0,137.36,2,Married,Desktop,No
CUST-03921,67.0,Male,14,52.75,717.87,Month-to-Month,Electronic Check,Fiber Optic,No,Yes,1,4.0,2,13.1,42.0,115.69,1,Married,Mobile,Yes
CUST-03922,45.0,Female,3,81.96,261.76,Month-to-Month,Credit Card,Fiber Optic,No Internet,Yes,1,4.0,3,3.8,5.0,133.4,1,Married,Desktop,No
CUST-03923,37.0,Female,30,62.59,1886.98,Month-to-Month,Electronic Check,DSL,No Internet,No,0,3.0,2,4.4,36.0,80.72,4,Single,Desktop,Yes
CUST-03924,19.0,Female,4,26.14,102.59,Month-to-Month,Credit Card,Fiber Optic,No,No,1,2.0,2,7.0,4.0,184.47,4,Married,Desktop,No
CUST-03925,38.0,Female,32,55.78,1785.61,One Year,Electronic Check,None,Yes,No,3,4.0,2,1.0,35.0,292.1,1,Single,Desktop,No
CUST-03926,37.0,Female,15,117.41,1764.24,Month-to-Month,Credit Card,Fiber Optic,Yes,Yes,3,3.0,2,16.5,18.0,19.96,0,Single,Mobile,No
CUST-03927,55.0,Female,14,22.85,326.4,One Year,Electronic Check,Fiber Optic,Yes,No Internet,0,3.0,2,12.2,2.0,236.88,1,Married,Desktop,No
CUST-03928,48.0,Female,45,87.67,3948.16,One Year,Bank Transfer,DSL,No,Yes,4,3.0,2,1.6,27.0,,3,Married,Mobile,No
CUST-03929,25.0,Male,29,102.12,2906.29,Two Year,Credit Card,DSL,No,,1,4.0,3,26.1,35.0,257.71,3,Married,Desktop,No
CUST-03930,44.0,Female,1,82.87,75.26,One Year,Credit Card,Fiber Optic,Yes,No Internet,2,4.0,3,25.9,6.0,43.71,3,Married,Mobile,No
CUST-03931,51.0,Female,8,74.97,613.01,Two Year,Electronic Check,None,No,No,1,3.0,2,1.9,82.0,148.4,1,Married,Desktop,No
CUST-03932,63.0,Male,49,88.76,4354.1,Month-to-Month,Credit Card,DSL,Yes,Yes,0,2.0,1,3.4,7.0,152.59,1,Married,Mobile,No
CUST-03933,54.0,Female,1,60.93,108.62,One Year,Electronic Check,DSL,No,Yes,0,4.0,4,4.3,11.0,189.17,5,Single,Desktop,No
CUST-03934,52.0,Male,18,27.14,519.52,Month-to-Month,Bank Transfer,Fiber Optic,No,No Internet,3,4.0,2,11.2,39.0,181.56,0,Married,Mobile,Yes
CUST-03935,42.0,Male,31,114.24,3497.92,One Year,Electronic Check,DSL,No,No Internet,2,4.0,5,43.5,6.0,210.73,2,Single,Desktop,No
CUST-03936,,Female,23,61.23,1399.96,Month-to-Month,Bank Transfer,DSL,No Internet,No Internet,2,3.0,2,16.4,76.0,254.58,2,Divorced,Desktop,No
CUST-03937,59.0,Male,34,84.54,2858.79,One Year,Bank Transfer,DSL,No,No Internet,1,5.0,1,17.1,30.0,10.82,1,Single,Mobile,No
CUST-03938,23.0,Male,31,71.13,2204.81,Month-to-Month,Credit Card,Fiber Optic,No,Yes,4,3.0,1,5.2,41.0,221.43,2,Divorced,Tablet,No
CUST-03939,37.0,Male,28,23.47,657.01,Month-to-Month,Bank Transfer,Fiber Optic,Yes,No,1,3.0,1,14.7,3.0,15.43,3,Divorced,Mobile,No
CUST-03940,31.0,Male,41,113.27,4674.65,One Year,Electronic Check,None,No,No Internet,2,4.0,2,3.6,51.0,238.13,3,Single,Mobile,Yes
CUST-03941,47.0,Male,24,97.25,2342.87,Two Year,Electronic Check,Fiber Optic,No Internet,No,2,5.0,1,18.6,25.0,237.98,2,Married,Desktop,No
CUST-03942,59.0,Male,12,32.91,456.45,Month-to-Month,Credit Card,Fiber Optic,No Internet,No,1,2.0,1,4.0,44.0,57.28,1,Divorced,Mobile,No
CUST-03943,33.0,Male,15,116.16,1754.45,Two Year,Electronic Check,DSL,No Internet,No,5,5.0,1,1.0,2.0,62.77,0,Married,Desktop,Yes
CUST-03944,18.0,Female,30,91.69,2709.17,Month-to-Month,Credit Card,Fiber Optic,No,Yes,1,1.0,3,11.1,28.0,23.43,2,Single,Tablet,Yes
CUST-03945,36.0,Female,50,65.23,3238.14,One Year,Credit Card,Fiber Optic,No,Yes,2,3.0,3,5.3,35.0,72.08,1,Married,Mobile,No
CUST-03946,54.0,Male,7,79.14,584.17,Two Year,Bank Transfer,DSL,No,Yes,3,3.0,1,14.9,20.0,149.79,2,Single,Desktop,Yes
CUST-03947,49.0,Female,10,28.67,,Month-to-Month,Credit Card,Fiber Optic,No,No,2,4.0,5,20.6,54.0,116.64,2,Divorced,Mobile,No
CUST-03948,47.0,Male,64,74.04,4671.27,Month-to-Month,Electronic Check,DSL,Yes,No,2,2.0,1,25.2,84.0,67.14,0,Married,Desktop,Yes
CUST-03949,38.0,Male,20,25.37,507.93,Month-to-Month,Mailed Check,Fiber Optic,Yes,No,2,2.0,1,59.8,7.0,186.32,2,Single,Desktop,Yes
CUST-03950,24.0,Male,4,72.49,337.51,Month-to-Month,Credit Card,Fiber Optic,No,No Internet,1,2.0,1,12.2,1.0,156.84,2,Married,Mobile,Yes
CUST-03951,,Female,26,73.27,1970.37,One Year,Electronic Check,Fiber Optic,Yes,No Internet,1,4.0,1,9.9,44.0,37.63,1,Married,Tablet,No
CUST-03952,30.0,Female,72,105.44,7580.82,One Year,Mailed Check,None,No Internet,Yes,1,2.0,3,4.2,19.0,96.22,1,Divorced,Tablet,No
CUST-03953,72.0,Male,41,90.51,3763.95,Two Year,Credit Card,None,No,Yes,1,3.0,1,20.6,1.0,282.28,1,Married,Desktop,No
CUST-03954,49.0,Male,32,42.96,1378.33,Month-to-Month,Bank Transfer,None,No,No,1,2.0,3,9.9,2.0,202.06,5,Married,Mobile,No
CUST-03955,33.0,Male,5,106.84,457.63,One Year,Credit Card,None,Yes,No,2,3.0,2,5.9,7.0,285.28,1,Single,Desktop,No
CUST-03956,33.0,Female,50,75.32,3765.6,Month-to-Month,Electronic Check,DSL,No,,1,4.0,1,8.5,0.0,136.73,3,Married,Mobile,Yes
CUST-03957,40.0,Female,17,78.64,1305.93,Two Year,Electronic Check,Fiber Optic,No,No,1,3.0,4,6.9,19.0,6.1,1,Married,Mobile,No
CUST-03958,38.0,Male,52,34.9,1860.71,Month-to-Month,Electronic Check,DSL,No,Yes,1,,1,57.6,13.0,237.67,3,Married,Mobile,No
CUST-03959,57.0,Female,9,103.78,932.74,Two Year,Bank Transfer,DSL,No,No,1,3.0,4,3.8,1.0,28.36,2,Single,Desktop,No
CUST-03960,44.0,Male,1,111.1,47.2,Month-to-Month,Electronic Check,Fiber Optic,No Internet,No Internet,1,4.0,2,8.0,8.0,282.76,3,Married,Mobile,Yes
CUST-03961,31.0,Female,15,95.5,1357.51,One Year,Credit Card,None,No,No,0,4.0,5,5.5,40.0,91.95,3,Married,Mobile,No
CUST-03962,68.0,Female,7,112.08,783.51,Month-to-Month,Mailed Check,Fiber Optic,No,No,2,3.0,5,2.8,49.0,197.65,1,Single,Mobile,Yes
CUST-03963,42.0,Male,30,48.23,1325.89,Two Year,Credit Card,Fiber Optic,Yes,Yes,2,1.0,4,5.3,0.0,253.89,2,Married,Mobile,No
CUST-03964,52.0,Female,72,104.11,,One Year,Credit Card,Fiber Optic,No,Yes,1,2.0,4,10.1,3.0,137.4,2,Married,Tablet,No
CUST-03965,33.0,Female,28,66.89,1884.47,One Year,Mailed Check,Fiber Optic,No Internet,No,2,3.0,4,15.0,190.0,129.03,2,Married,Mobile,No
CUST-03966,47.0,Male,52,34.39,1735.43,One Year,Electronic Check,None,No Internet,No,1,3.0,3,14.4,31.0,55.84,1,Single,Mobile,No
CUST-03967,46.0,Male,14,84.88,1238.02,Month-to-Month,Electronic Check,DSL,Yes,No,0,3.0,4,22.2,34.0,218.43,1,Married,Desktop,No
CUST-03968,18.0,Female,35,86.41,3083.9,Month-to-Month,Credit Card,None,No,Yes,1,4.0,3,1.1,14.0,101.8,2,Single,Desktop,No
CUST-03969,70.0,Male,44,46.69,2003.52,Two Year,Electronic Check,DSL,Yes,No,2,2.0,4,5.7,21.0,188.28,3,Married,Mobile,Yes
CUST-03970,60.0,Male,29,20.75,586.85,Month-to-Month,Electronic Check,None,No,Yes,0,3.0,5,6.5,21.0,73.99,4,Single,Mobile,No
CUST-03971,36.0,Male,17,37.98,695.39,Two Year,Electronic Check,DSL,No Internet,No,1,2.0,3,17.7,12.0,221.72,1,Married,Mobile,No
CUST-03972,26.0,Female,23,57.98,1333.47,One Year,Mailed Check,Fiber Optic,No,No Internet,6,5.0,5,3.5,35.0,208.94,3,Divorced,Desktop,No
CUST-03973,46.0,Female,28,34.76,903.56,Month-to-Month,Credit Card,None,No,No,1,1.0,2,3.6,25.0,2.6,1,Divorced,Mobile,Yes
CUST-03974,43.0,Female,7,37.4,254.63,One Year,Bank Transfer,Fiber Optic,No,Yes,3,1.0,5,1.5,86.0,30.56,2,Single,Mobile,No
CUST-03975,46.0,Female,39,57.14,2185.81,One Year,Electronic Check,Fiber Optic,No,No Internet,1,4.0,1,11.4,0.0,24.59,1,Married,Mobile,No
CUST-03976,44.0,Male,72,,8276.37,One Year,Bank Transfer,Fiber Optic,No Internet,No,3,1.0,1,19.5,64.0,10.45,0,Single,Mobile,No
CUST-03977,49.0,Female,15,94.42,1446.6,Two Year,Credit Card,DSL,No Internet,No Internet,1,5.0,1,17.9,89.0,17.9,2,Married,Mobile,No
CUST-03978,62.0,Female,28,49.97,1383.47,Month-to-Month,Credit Card,DSL,No Internet,No,1,5.0,1,20.4,4.0,97.51,0,Married,Tablet,No
CUST-03979,49.0,Male,32,113.16,3628.23,Two Year,Electronic Check,DSL,Yes,No,1,3.0,4,2.8,7.0,229.78,1,Married,Mobile,No
CUST-03980,27.0,Male,26,82.56,2081.15,Month-to-Month,Credit Card,DSL,No,No,0,5.0,2,13.2,1.0,159.84,2,Married,Desktop,No
CUST-03981,61.0,Male,19,63.54,1169.57,Two Year,Credit Card,None,Yes,Yes,2,4.0,1,1.5,8.0,31.87,3,Married,Mobile,No
CUST-03982,64.0,Female,51,64.83,3383.99,Month-to-Month,Bank Transfer,None,Yes,No,0,2.0,4,51.0,30.0,15.6,2,Single,Mobile,No
CUST-03983,80.0,Female,14,59.07,829.66,Month-to-Month,Credit Card,DSL,No,No,0,5.0,1,1.7,7.0,31.22,1,Married,Mobile,Yes
CUST-03984,26.0,Female,1,41.3,87.8,One Year,Credit Card,None,No,No,5,5.0,1,31.5,57.0,112.04,2,Divorced,Mobile,No
CUST-03985,45.0,Female,44,56.66,2504.64,Month-to-Month,Credit Card,DSL,Yes,No,2,3.0,2,1.0,73.0,91.25,3,Single,Tablet,No
CUST-03986,18.0,Male,26,70.79,1906.25,Two Year,Mailed Check,DSL,Yes,No,0,4.0,1,11.4,0.0,212.95,3,Married,Mobile,No
CUST-03987,49.0,Female,45,70.8,3086.06,Month-to-Month,Credit Card,Fiber Optic,No,Yes,0,5.0,2,28.7,21.0,187.65,0,Single,Desktop,No
CUST-03988,34.0,Female,3,94.17,273.1,Month-to-Month,Electronic Check,DSL,No,Yes,1,4.0,3,15.1,0.0,263.02,0,Married,Mobile,No
CUST-03989,68.0,Male,1,53.88,136.12,Month-to-Month,Electronic Check,DSL,Yes,Yes,4,2.0,2,10.2,28.0,284.5,2,Single,Desktop,No
CUST-03990,31.0,Female,65,89.68,5877.01,Month-to-Month,Electronic Check,Fiber Optic,No,No,1,2.0,1,2.0,12.0,0.43,0,Married,Desktop,No
CUST-03991,18.0,Male,3,75.81,293.7,One Year,Credit Card,None,No,Yes,1,5.0,2,16.1,56.0,68.44,2,Married,Mobile,No
CUST-03992,35.0,Female,39,114.18,4452.68,One Year,Mailed Check,Fiber Optic,No,Yes,1,4.0,2,13.8,74.0,23.4,0,Married,Mobile,No
CUST-03993,18.0,Female,41,56.53,,Month-to-Month,Bank Transfer,DSL,No Internet,Yes,2,4.0,2,9.2,20.0,91.98,4,Married,Mobile,No
CUST-03994,52.0,Female,29,108.12,3084.12,Month-to-Month,Credit Card,Fiber Optic,No,No,0,5.0,1,4.0,91.0,179.19,1,Single,Mobile,Yes
CUST-03995,18.0,Female,3,100.06,245.33,Month-to-Month,Bank Transfer,Fiber Optic,No Internet,No,0,1.0,3,3.7,60.0,79.91,2,Married,Mobile,Yes
CUST-03996,42.0,Male,26,81.77,2166.37,Month-to-Month,Credit Card,Fiber Optic,Yes,Yes,1,3.0,1,52.6,3.0,56.97,2,Married,Mobile,No
CUST-03997,18.0,Female,52,83.45,4365.06,One Year,Bank Transfer,None,Yes,No,4,4.0,5,50.3,13.0,116.03,2,Married,Mobile,No
CUST-03998,37.0,Male,13,26.46,340.65,One Year,Bank Transfer,None,No,No,4,1.0,1,41.5,12.0,5.28,1,Married,Desktop,No
CUST-03999,65.0,Female,12,113.02,1381.65,One Year,Bank Transfer,None,No,No,2,4.0,3,10.9,10.0,291.98,4,Married,Tablet,Yes
CUST-04000,47.0,Female,14,28.69,408.78,Two Year,Electronic Check,Fiber Optic,No,Yes,1,5.0,1,66.7,47.0,290.12,3,Married,Tablet,No
CUST-04001,29.0,Female,2,74.32,196.75,Two Year,Mailed Check,Fiber Optic,Yes,,0,1.0,2,5.3,10.0,40.3,1,Single,Tablet,No
CUST-04002,41.0,Male,53,51.01,2751.16,Month-to-Month,Bank Transfer,Fiber Optic,No,,4,4.0,1,8.4,14.0,56.8,1,Married,Mobile,No
CUST-04003,42.0,Female,48,60.99,2874.23,Month-to-Month,Bank Transfer,Fiber Optic,No Internet,No,2,5.0,1,2.9,2.0,169.63,1,Divorced,Mobile,No
CUST-04004,48.0,Female,72,79.02,5703.12,Two Year,Electronic Check,DSL,No Internet,No,3,5.0,4,9.4,22.0,92.63,1,Single,Desktop,No
CUST-04005,22.0,Female,21,108.89,2203.25,One Year,Bank Transfer,Fiber Optic,No,No,2,4.0,2,3.1,3.0,3.65,3,Married,Tablet,No
CUST-04006,50.0,Male,33,63.76,2110.73,Month-to-Month,Bank Transfer,DSL,No,Yes,2,5.0,2,1.0,61.0,16.23,1,Single,Mobile,No
CUST-04007,18.0,Male,5,116.77,614.07,One Year,Electronic Check,None,No Internet,No,1,4.0,5,1.0,48.0,201.97,0,Single,Mobile,No
CUST-04008,33.0,Male,26,77.28,1943.59,Two Year,Mailed Check,DSL,No,Yes,3,5.0,1,7.1,10.0,63.07,1,Single,Mobile,No
CUST-04009,35.0,Female,25,34.06,830.68,Two Year,Electronic Check,None,No Internet,No Internet,0,3.0,2,34.2,,161.48,0,Married,Mobile,No
CUST-04010,50.0,Female,55,37.0,2035.48,Month-to-Month,Credit Card,Fiber Optic,No Internet,No,1,3.0,1,8.6,2.0,82.96,1,Married,Mobile,No
CUST-04011,42.0,Female,42,89.61,3775.32,Two Year,Bank Transfer,Fiber Optic,No,No,3,3.0,5,15.6,7.0,157.48,2,Single,Mobile,No
CUST-04012,22.0,Male,66,23.04,1506.71,Two Year,Bank Transfer,DSL,No,No,2,1.0,2,25.5,20.0,299.68,2,Single,Desktop,No
CUST-04013,28.0,Male,48,66.03,3110.83,Month-to-Month,Bank Transfer,Fiber Optic,No,Yes,0,4.0,4,12.1,39.0,207.21,4,Married,Desktop,No
CUST-04014,44.0,Female,48,32.82,1572.66,Two Year,Credit Card,DSL,No Internet,No Internet,2,3.0,1,12.4,,103.99,1,Married,Desktop,No
CUST-04015,40.0,Female,1,61.32,0.0,Two Year,Bank Transfer,Fiber Optic,No,No Internet,4,3.0,2,11.1,36.0,289.59,2,Married,Mobile,No
CUST-04016,33.0,Female,44,92.99,4079.93,Month-to-Month,Bank Transfer,DSL,Yes,No,1,5.0,3,2.0,23.0,10.38,1,Single,Desktop,No
CUST-04017,35.0,Female,22,63.88,1383.29,One Year,Credit Card,Fiber Optic,No,No,0,1.0,1,15.1,28.0,51.25,4,Divorced,Mobile,No
CUST-04018,,Male,11,34.35,371.14,Month-to-Month,Mailed Check,None,No Internet,No,1,5.0,2,19.3,78.0,149.55,1,Married,Desktop,No
CUST-04019,34.0,Female,1,43.19,15.22,One Year,Mailed Check,Fiber Optic,No,No Internet,2,2.0,5,1.0,91.0,87.64,2,Divorced,Mobile,No
CUST-04020,40.0,Female,27,54.75,1402.87,Two Year,Electronic Check,DSL,Yes,Yes,4,4.0,5,1.3,40.0,215.98,1,Single,Mobile,No
CUST-04021,72.0,Female,9,24.96,206.32,Month-to-Month,Bank Transfer,Fiber Optic,Yes,No,1,3.0,2,11.7,35.0,10.28,2,Divorced,Tablet,No
CUST-04022,22.0,Male,15,76.43,1192.99,Month-to-Month,Bank Transfer,None,No,No,1,2.0,2,27.4,43.0,82.2,2,Married,Tablet,No
CUST-04023,18.0,Male,27,78.75,2189.32,Two Year,Electronic Check,Fiber Optic,No,No,0,4.0,1,11.4,33.0,256.67,1,Divorced,Tablet,No
CUST-04024,52.0,Male,58,24.22,1526.73,Two Year,Electronic Check,DSL,Yes,No,4,4.0,5,8.6,0.0,120.61,2,Single,Desktop,No
CUST-04025,32.0,Female,41,58.23,2472.01,Month-to-Month,Electronic Check,DSL,No Internet,No,0,4.0,2,41.4,171.0,60.9,1,Divorced,Desktop,Yes
CUST-04026,,Male,14,59.4,771.75,Two Year,Credit Card,Fiber Optic,No,No Internet,0,5.0,1,1.2,30.0,155.59,5,Single,Mobile,No
CUST-04027,31.0,Male,11,51.38,544.76,Month-to-Month,Electronic Check,DSL,No,No,1,1.0,4,2.2,20.0,109.9,2,Single,Tablet,Yes
CUST-04028,38.0,Male,6,73.77,441.48,Month-to-Month,Mailed Check,Fiber Optic,No Internet,No,1,3.0,2,17.3,18.0,84.75,4,Married,Mobile,Yes
CUST-04029,64.0,Female,11,52.6,574.32,One Year,Credit Card,Fiber Optic,No,No,3,4.0,3,1.7,8.0,254.56,1,Married,Desktop,No
CUST-04030,53.0,Male,2,59.64,122.76,One Year,Bank Transfer,DSL,No,No,2,3.0,4,2.2,19.0,255.43,2,Married,Desktop,Yes
CUST-04031,54.0,Female,72,97.75,7158.38,One Year,Bank Transfer,Fiber Optic,No,,2,4.0,2,30.8,39.0,125.53,2,Married,Mobile,No
CUST-04032,22.0,Male,20,34.21,630.1,Month-to-Month,Electronic Check,None,No Internet,No Internet,1,5.0,3,3.5,8.0,181.17,2,Divorced,Desktop,No
CUST-04033,25.0,Male,3,79.91,204.05,Month-to-Month,Credit Card,Fiber Optic,Yes,No Internet,0,4.0,1,14.6,55.0,215.62,1,Married,Tablet,No
CUST-04034,18.0,Female,10,68.56,767.79,Two Year,Mailed Check,DSL,No,Yes,2,4.0,1,7.6,7.0,211.18,1,Divorced,Mobile,No
CUST-04035,30.0,Male,19,48.51,890.89,Month-to-Month,Credit Card,Fiber Optic,No,No Internet,2,4.0,1,2.2,58.0,99.82,2,Divorced,Mobile,Yes
CUST-04036,55.0,Male,18,90.75,1653.18,Month-to-Month,Mailed Check,DSL,No Internet,No,4,2.0,3,7.3,,198.35,3,Single,Tablet,Yes
CUST-04037,49.0,Male,1,73.12,124.85,Two Year,Credit Card,None,No Internet,Yes,1,4.0,2,8.1,54.0,275.48,1,Married,Mobile,No
CUST-04038,38.0,Female,72,65.74,4757.6,One Year,Credit Card,None,Yes,No,1,3.0,3,14.9,16.0,16.62,2,Married,Mobile,No
CUST-04039,41.0,Female,7,84.77,602.98,Month-to-Month,Electronic Check,None,Yes,No,0,3.0,3,2.5,11.0,21.91,1,Single,Desktop,No
CUST-04040,32.0,Male,1,,145.16,Month-to-Month,Mailed Check,Fiber Optic,Yes,No Internet,5,3.0,3,1.0,35.0,255.75,4,Married,Mobile,Yes
CUST-04041,44.0,Male,1,115.27,70.62,Two Year,Mailed Check,Fiber Optic,No,Yes,1,4.0,1,14.0,13.0,180.73,1,Married,Desktop,Yes
CUST-04042,52.0,Female,20,80.94,1593.98,Two Year,Credit Card,None,No Internet,No,2,3.0,2,1.0,91.0,8.16,0,Single,Tablet,Yes
CUST-04043,19.0,Female,3,105.44,343.1,Month-to-Month,Bank Transfer,DSL,Yes,No,1,4.0,3,2.5,40.0,229.8,1,Married,Mobile,Yes
CUST-04044,46.0,Male,1,18.11,0.0,One Year,Credit Card,DSL,No,Yes,1,4.0,2,59.8,16.0,31.9,1,Single,Mobile,Yes
CUST-04045,55.0,Female,11,71.02,852.05,Month-to-Month,Credit Card,Fiber Optic,No Internet,Yes,1,5.0,2,1.0,5.0,251.87,1,Married,Desktop,No
CUST-04046,36.0,Female,23,39.46,922.75,Two Year,Credit Card,None,No Internet,No,3,3.0,3,15.4,24.0,144.9,0,Single,Mobile,Yes
CUST-04047,51.0,Female,2,27.42,62.49,Month-to-Month,Credit Card,Fiber Optic,No,No,0,5.0,2,2.2,27.0,87.42,4,Married,Mobile,No
CUST-04048,80.0,Male,9,71.2,559.27,One Year,Mailed Check,Fiber Optic,No Internet,Yes,2,5.0,1,25.8,103.0,185.28,1,Married,Desktop,No
CUST-04049,40.0,Male,12,92.68,1047.83,One Year,Credit Card,Fiber Optic,No,Yes,1,3.0,3,13.1,40.0,52.17,6,Married,Tablet,No
CUST-04050,47.0,Male,4,59.23,216.99,One Year,Electronic Check,Fiber Optic,Yes,No,2,3.0,3,9.6,8.0,161.34,2,Single,Mobile,No
CUST-04051,31.0,Female,16,85.01,1400.53,Two Year,Electronic Check,DSL,Yes,No Internet,1,3.0,3,9.3,9.0,147.0,0,Married,Desktop,No
CUST-04052,44.0,Female,2,66.97,30.11,Month-to-Month,Credit Card,Fiber Optic,No,No Internet,3,3.0,1,16.7,26.0,72.07,1,Married,Desktop,No
CUST-04053,48.0,Male,1,61.71,101.13,Two Year,Mailed Check,Fiber Optic,No,No,3,,1,27.4,3.0,200.33,1,Married,Desktop,No
CUST-04054,44.0,Female,17,47.03,781.51,Month-to-Month,Bank Transfer,Fiber Optic,No,No,0,5.0,3,1.0,35.0,105.11,2,Married,Desktop,No
CUST-04055,27.0,Female,6,56.26,326.39,Month-to-Month,Mailed Check,Fiber Optic,Yes,No Internet,3,3.0,2,1.0,2.0,255.15,2,Married,Desktop,Yes
CUST-04056,44.0,Female,2,52.98,118.64,Month-to-Month,Mailed Check,Fiber Optic,Yes,No Internet,1,3.0,4,4.8,25.0,25.05,1,Divorced,Mobile,Yes
CUST-04057,62.0,Female,13,82.62,1087.53,Month-to-Month,Mailed Check,None,,Yes,0,5.0,2,20.1,121.0,231.04,0,Single,Desktop,Yes
CUST-04058,48.0,Female,59,29.6,1710.78,Month-to-Month,Electronic Check,Fiber Optic,No Internet,No,0,4.0,2,3.2,61.0,131.33,1,Married,Mobile,No
CUST-04059,55.0,Male,30,27.26,849.05,Two Year,Credit Card,Fiber Optic,No Internet,No Internet,2,2.0,2,7.8,55.0,93.56,2,Single,Desktop,Yes
CUST-04060,38.0,Female,40,84.0,3244.03,One Year,Credit Card,Fiber Optic,Yes,No Internet,3,3.0,3,10.6,41.0,281.66,1,Divorced,Desktop,Yes
CUST-04061,52.0,Female,49,72.63,3536.35,Two Year,Electronic Check,None,Yes,No,0,4.0,3,7.0,79.0,60.0,4,Married,Mobile,No
CUST-04062,45.0,Male,72,61.02,4401.12,One Year,Bank Transfer,Fiber Optic,No Internet,No,1,3.0,2,9.4,79.0,126.94,1,Married,Desktop,No
CUST-04063,28.0,Male,34,33.24,1112.91,Month-to-Month,Electronic Check,DSL,Yes,No,2,3.0,1,24.0,5.0,139.23,1,Single,Tablet,Yes
CUST-04064,,Female,22,59.1,1208.85,Month-to-Month,Electronic Check,DSL,No Internet,No Internet,1,3.0,1,3.9,7.0,89.27,0,Divorced,Tablet,No
CUST-04065,28.0,Male,10,96.97,1007.6,Two Year,Credit Card,DSL,No,Yes,1,,1,5.9,77.0,26.7,2,Divorced,Mobile,No
CUST-04066,33.0,Female,4,106.96,365.42,Month-to-Month,Credit Card,DSL,No,No,0,3.0,1,11.2,9.0,271.55,1,Married,Mobile,Yes
CUST-04067,44.0,Male,27,88.26,2379.64,Month-to-Month,Credit Card,Fiber Optic,No,No,1,,3,30.0,14.0,268.19,4,Divorced,Desktop,Yes
CUST-04068,46.0,Male,72,23.99,1734.93,Month-to-Month,Electronic Check,None,Yes,No Internet,3,3.0,3,3.4,1.0,188.67,4,Married,Mobile,No
CUST-04069,25.0,Male,15,85.04,1276.59,Month-to-Month,Credit Card,Fiber Optic,Yes,No,2,4.0,2,11.2,,97.31,3,Single,Mobile,No
CUST-04070,56.0,Male,30,42.1,1321.45,One Year,Electronic Check,DSL,No Internet,No,1,4.0,2,31.3,2.0,188.39,2,Divorced,Mobile,Yes
CUST-04071,50.0,Female,16,49.53,789.82,Month-to-Month,Electronic Check,DSL,No Internet,Yes,4,4.0,1,1.8,22.0,289.32,1,Married,Mobile,No
CUST-04072,32.0,Female,13,37.59,510.04,One Year,Credit Card,Fiber Optic,No,No Internet,0,4.0,4,19.2,7.0,265.02,4,Divorced,Tablet,No
CUST-04073,20.0,Male,12,95.58,1144.16,Month-to-Month,Electronic Check,Fiber Optic,No Internet,No,1,4.0,3,3.8,0.0,49.67,0,Married,Mobile,No
CUST-04074,39.0,Male,16,82.86,,One Year,Electronic Check,None,No Internet,No Internet,0,3.0,2,2.9,10.0,244.86,2,Married,Mobile,No
CUST-04075,35.0,Male,10,79.18,861.47,Two Year,Bank Transfer,None,Yes,Yes,0,4.0,1,4.0,32.0,239.33,3,Single,Mobile,No
CUST-04076,43.0,Male,33,84.8,2805.28,One Year,Mailed Check,None,No,No,1,3.0,4,10.5,2.0,275.18,5,Single,Mobile,No
CUST-04077,36.0,Female,49,41.68,2081.41,Month-to-Month,Credit Card,Fiber Optic,Yes,Yes,0,5.0,1,13.9,57.0,14.26,1,Single,Mobile,No
CUST-04078,18.0,Male,51,62.46,3258.23,Month-to-Month,Bank Transfer,Fiber Optic,Yes,No,2,4.0,3,3.2,35.0,229.95,2,Married,Desktop,No
CUST-04079,36.0,Male,6,81.33,555.84,Two Year,Mailed Check,DSL,No,No,1,5.0,2,1.8,1.0,163.83,1,Married,Tablet,No
CUST-04080,37.0,Female,54,81.66,4390.38,Month-to-Month,Bank Transfer,DSL,Yes,No,0,3.0,4,9.0,15.0,161.48,0,Married,Mobile,Yes
CUST-04081,50.0,Male,10,97.19,1023.72,Month-to-Month,Bank Transfer,DSL,Yes,Yes,0,3.0,3,1.0,49.0,,1,Married,Desktop,No
CUST-04082,32.0,Male,8,46.71,386.12,Two Year,Electronic Check,DSL,No,No,0,5.0,1,11.6,80.0,235.73,1,Married,Mobile,No
CUST-04083,65.0,Male,31,95.03,3001.79,Two Year,Electronic Check,DSL,Yes,Yes,1,4.0,1,17.2,29.0,127.1,3,Married,Mobile,No
CUST-04084,18.0,Female,8,62.02,524.59,Two Year,Credit Card,None,Yes,No,2,3.0,1,43.7,34.0,107.37,1,Married,Mobile,No
CUST-04085,60.0,Female,1,85.02,98.8,Two Year,Bank Transfer,Fiber Optic,Yes,No,0,4.0,2,2.3,62.0,288.1,2,Married,Tablet,No
CUST-04086,38.0,Female,11,63.57,720.97,Two Year,Bank Transfer,None,No Internet,No,1,3.0,3,8.5,18.0,138.86,3,Single,Desktop,No
CUST-04087,54.0,Male,30,,3398.56,One Year,Electronic Check,None,No,Yes,0,4.0,1,4.4,36.0,237.76,2,Married,Desktop,No
CUST-04088,43.0,Male,9,35.93,338.09,Month-to-Month,Electronic Check,None,No Internet,Yes,2,2.0,2,3.7,25.0,41.75,2,Single,Mobile,No
CUST-04089,57.0,Female,23,85.5,1958.56,Two Year,Electronic Check,None,No Internet,No,3,5.0,2,11.0,35.0,222.02,3,Divorced,Desktop,No
CUST-04090,36.0,Female,25,75.65,1878.66,Two Year,Electronic Check,Fiber Optic,No Internet,No Internet,4,3.0,1,2.3,64.0,201.31,2,Married,Mobile,No
CUST-04091,26.0,Female,31,35.27,1181.53,Month-to-Month,Credit Card,Fiber Optic,Yes,No,2,2.0,3,1.0,,153.27,2,Single,Mobile,No
CUST-04092,61.0,Male,54,24.6,1352.28,Month-to-Month,Credit Card,Fiber Optic,No Internet,No Internet,1,5.0,1,2.7,4.0,41.23,1,Married,Mobile,No
CUST-04093,40.0,Male,13,97.91,1244.16,Month-to-Month,Bank Transfer,None,No,No Internet,3,5.0,3,6.1,80.0,36.17,2,Divorced,Tablet,No
CUST-04094,45.0,Female,4,33.75,121.13,Two Year,Credit Card,None,Yes,No,2,,2,1.0,1.0,202.88,0,Married,Mobile,No
CUST-04095,59.0,Female,9,36.65,382.66,One Year,Electronic Check,None,No,No,0,4.0,2,29.2,42.0,256.74,1,Single,Desktop,Yes
CUST-04096,27.0,Female,13,115.84,1469.11,Month-to-Month,Electronic Check,Fiber Optic,No,No,1,5.0,2,13.1,10.0,170.15,3,Single,Desktop,No
CUST-04097,50.0,Female,30,89.73,2617.8,Month-to-Month,Credit Card,Fiber Optic,Yes,No Internet,2,4.0,2,1.0,45.0,138.26,2,Married,Desktop,No
CUST-04098,33.0,Female,1,43.05,0.0,Two Year,Mailed Check,None,Yes,No,1,4.0,2,3.9,0.0,156.0,0,Single,Tablet,No
CUST-04099,40.0,Female,9,77.09,607.36,One Year,Bank Transfer,None,No,No,1,3.0,5,16.4,7.0,46.97,0,Married,Desktop,No
CUST-04100,43.0,Female,36,71.41,2505.82,Month-to-Month,Credit Card,Fiber Optic,No Internet,Yes,1,4.0,2,1.0,2.0,15.6,2,Divorced,Desktop,Yes
CUST-04101,20.0,Female,26,102.45,2604.66,Month-to-Month,Credit Card,Fiber Optic,,No,1,5.0,1,7.1,41.0,248.72,1,Divorced,Desktop,No
CUST-04102,31.0,Female,31,90.93,2888.09,Month-to-Month,Bank Transfer,None,No,No,2,3.0,2,1.5,6.0,253.93,1,Divorced,Desktop,Yes
CUST-04103,60.0,Male,40,101.17,4044.49,Month-to-Month,Bank Transfer,Fiber Optic,Yes,Yes,0,4.0,3,7.5,78.0,225.97,3,Single,Tablet,No
CUST-04104,54.0,Male,36,39.15,1391.24,One Year,Mailed Check,None,No,Yes,2,2.0,2,51.6,15.0,231.49,2,Divorced,Mobile,No
CUST-04105,41.0,Female,27,82.02,2142.37,One Year,Bank Transfer,DSL,Yes,No,3,4.0,1,9.1,38.0,64.18,2,Single,Mobile,No
CUST-04106,45.0,Male,13,22.02,279.1,Month-to-Month,Mailed Check,Fiber Optic,No Internet,No,1,3.0,2,14.3,52.0,32.62,2,Married,Mobile,No
CUST-04107,37.0,Female,72,24.89,1705.21,One Year,Credit Card,Fiber Optic,No Internet,No,0,5.0,1,7.9,91.0,48.0,1,Divorced,Desktop,No
CUST-04108,60.0,Male,20,89.35,1768.53,Month-to-Month,Electronic Check,Fiber Optic,No,No,1,3.0,2,5.7,18.0,191.61,1,Married,Tablet,No
CUST-04109,39.0,Male,5,20.44,205.42,Two Year,Mailed Check,DSL,No Internet,Yes,2,3.0,4,14.1,33.0,119.2,0,Divorced,Mobile,No
CUST-04110,45.0,Female,8,75.98,641.03,Month-to-Month,Credit Card,DSL,No,Yes,0,5.0,2,14.5,13.0,4.72,2,Single,Mobile,Yes
CUST-04111,58.0,Male,28,102.04,2846.63,Month-to-Month,Credit Card,None,Yes,No Internet,1,2.0,2,14.3,10.0,285.13,3,Single,Mobile,Yes
CUST-04112,31.0,Male,62,55.99,3506.29,Month-to-Month,Bank Transfer,DSL,No,No,4,4.0,3,1.0,34.0,69.09,1,Single,Mobile,No
CUST-04113,63.0,Male,4,22.48,63.84,Month-to-Month,Mailed Check,DSL,No Internet,Yes,0,5.0,2,17.9,15.0,1.29,0,Single,Mobile,No
CUST-04114,20.0,Female,2,89.38,138.73,Month-to-Month,Electronic Check,Fiber Optic,No,Yes,0,3.0,1,16.9,25.0,115.22,1,Divorced,Mobile,No
CUST-04115,64.0,Male,51,110.97,5744.68,Month-to-Month,Electronic Check,Fiber Optic,No,Yes,1,1.0,1,1.1,6.0,63.9,3,Married,Mobile,No
CUST-04116,36.0,Female,59,89.72,5236.37,One Year,Electronic Check,None,No,No,1,5.0,4,3.2,37.0,110.71,0,Married,Desktop,Yes
CUST-04117,38.0,Male,7,75.84,513.17,Month-to-Month,Credit Card,Fiber Optic,No,No,2,4.0,4,11.0,104.0,281.51,1,Single,Desktop,Yes
CUST-04118,18.0,Female,11,41.0,466.3,Month-to-Month,Bank Transfer,Fiber Optic,Yes,No,5,3.0,3,6.7,23.0,186.3,1,Single,Desktop,Yes
CUST-04119,35.0,Male,25,19.54,441.69,Two Year,Credit Card,Fiber Optic,No,No,2,3.0,2,12.9,22.0,,3,Married,Mobile,No
CUST-04120,27.0,Male,9,87.47,819.76,Month-to-Month,Bank Transfer,None,No,No,2,,2,21.4,57.0,265.08,0,Married,Desktop,Yes
CUST-04121,33.0,Male,50,41.1,2039.67,One Year,Electronic Check,DSL,No,No,0,4.0,3,11.9,4.0,34.07,0,Single,Desktop,No
CUST-04122,40.0,Male,2,103.82,240.84,Month-to-Month,Electronic Check,Fiber Optic,No,No Internet,0,4.0,3,9.2,15.0,30.05,1,Married,Desktop,No
CUST-04123,55.0,Female,1,64.64,93.94,Month-to-Month,Mailed Check,None,No,No Internet,1,4.0,3,4.6,5.0,256.59,5,Single,Desktop,No
CUST-04124,44.0,Male,5,71.06,343.15,Month-to-Month,Credit Card,Fiber Optic,Yes,No,1,4.0,2,14.3,23.0,47.76,1,Single,Mobile,No
CUST-04125,46.0,Male,8,93.39,832.65,Month-to-Month,Bank Transfer,Fiber Optic,No Internet,Yes,2,5.0,2,,28.0,220.21,1,Single,Mobile,No
CUST-04126,26.0,Female,2,95.94,158.61,Two Year,Electronic Check,DSL,No,No,3,3.0,2,4.6,73.0,62.67,3,Married,Tablet,No
CUST-04127,29.0,Male,1,82.27,149.71,Month-to-Month,Credit Card,Fiber Optic,No,No,2,5.0,2,23.3,53.0,142.5,2,Married,Tablet,Yes
CUST-04128,67.0,Male,33,111.84,3749.47,One Year,Credit Card,DSL,Yes,Yes,1,,1,8.1,31.0,115.62,5,Divorced,Mobile,No
CUST-04129,31.0,Female,4,116.23,553.46,One Year,Bank Transfer,DSL,Yes,Yes,2,2.0,1,1.8,44.0,31.06,1,Divorced,Mobile,No
CUST-04130,65.0,Female,58,112.69,6544.72,Month-to-Month,Bank Transfer,Fiber Optic,Yes,No Internet,1,2.0,3,36.2,29.0,201.41,3,Single,Mobile,No
CUST-04131,38.0,Male,11,100.42,1065.19,One Year,Mailed Check,None,No,No,1,4.0,2,17.2,25.0,256.42,1,Married,Desktop,Yes
CUST-04132,42.0,Male,26,88.56,2406.4,Month-to-Month,Bank Transfer,DSL,No,Yes,0,3.0,5,27.6,1.0,29.82,1,Divorced,Desktop,No
CUST-04133,56.0,Female,6,84.33,489.24,One Year,Mailed Check,DSL,No,No,2,3.0,2,16.0,0.0,107.27,4,Single,Desktop,No
CUST-04134,59.0,Male,6,28.38,129.6,Two Year,Mailed Check,DSL,No Internet,Yes,1,4.0,3,2.0,57.0,8.51,1,Single,Mobile,No
CUST-04135,40.0,Female,20,45.15,893.51,Month-to-Month,Credit Card,Fiber Optic,Yes,Yes,3,4.0,2,11.7,9.0,70.77,2,Divorced,Mobile,No
CUST-04136,36.0,Male,19,18.57,303.75,Month-to-Month,Electronic Check,Fiber Optic,Yes,No,0,2.0,2,15.1,12.0,78.11,2,Divorced,Tablet,No
CUST-04137,41.0,Female,35,31.74,1137.21,Month-to-Month,Credit Card,Fiber Optic,Yes,No,3,3.0,4,4.5,17.0,245.13,0,Married,Desktop,No
CUST-04138,46.0,Male,34,61.92,2075.0,Month-to-Month,Credit Card,None,No,No Internet,2,4.0,1,15.0,1.0,225.64,1,Single,Mobile,Yes
CUST-04139,54.0,Female,26,32.65,834.53,Month-to-Month,Mailed Check,DSL,No Internet,No,1,5.0,2,12.5,97.0,249.45,2,Single,Mobile,Yes
CUST-04140,42.0,Male,14,108.17,1562.77,Two Year,Credit Card,Fiber Optic,No Internet,Yes,4,1.0,2,1.0,3.0,24.15,3,Married,Mobile,No
CUST-04141,50.0,Female,53,98.57,5255.39,Month-to-Month,Bank Transfer,DSL,No,No,1,4.0,2,32.1,103.0,39.94,2,Married,Mobile,Yes
CUST-04142,64.0,Male,23,25.16,579.46,Month-to-Month,Bank Transfer,DSL,No,No,1,4.0,4,11.4,36.0,91.22,2,Married,Mobile,Yes
CUST-04143,47.0,Male,72,42.89,3096.62,Month-to-Month,Credit Card,DSL,No Internet,Yes,0,3.0,1,13.2,85.0,223.31,3,Single,Tablet,No
CUST-04144,46.0,Female,41,99.91,4096.92,Month-to-Month,Bank Transfer,DSL,No,No Internet,1,2.0,2,2.5,1.0,7.51,2,Married,Mobile,No
CUST-04145,20.0,Female,1,98.3,76.74,Month-to-Month,Bank Transfer,Fiber Optic,Yes,Yes,1,4.0,3,24.4,17.0,44.63,1,Single,Mobile,No
CUST-04146,18.0,Female,9,112.55,1012.82,Month-to-Month,Bank Transfer,DSL,No,No,1,3.0,1,11.4,91.0,149.3,3,Single,Desktop,Yes
CUST-04147,,Male,20,117.75,2379.54,Month-to-Month,Mailed Check,DSL,No,No,2,3.0,4,1.4,31.0,7.2,5,Married,Mobile,No
CUST-04148,40.0,Female,30,115.63,3462.59,Month-to-Month,Bank Transfer,DSL,No,Yes,2,5.0,2,18.1,23.0,31.07,2,Married,Desktop,Yes
CUST-04149,34.0,Male,19,59.01,1142.18,One Year,Credit Card,DSL,Yes,No,1,3.0,1,10.1,33.0,95.62,1,Divorced,Mobile,No
CUST-04150,45.0,Female,37,43.03,1550.28,Two Year,Credit Card,DSL,No,No Internet,1,2.0,2,6.1,6.0,71.77,2,Divorced,Desktop,No
CUST-04151,41.0,Female,7,93.84,626.69,Month-to-Month,Electronic Check,DSL,No,No,2,3.0,2,38.2,41.0,108.28,4,Single,Mobile,Yes
CUST-04152,57.0,Male,4,47.93,155.0,Two Year,Electronic Check,None,Yes,No Internet,0,2.0,1,25.8,9.0,226.72,1,Single,Tablet,No
CUST-04153,43.0,Female,1,98.64,70.38,Month-to-Month,Mailed Check,Fiber Optic,No,No,0,4.0,3,1.0,9.0,65.19,2,Married,Tablet,No
CUST-04154,31.0,Female,20,71.4,1492.36,One Year,Electronic Check,Fiber Optic,Yes,No,1,2.0,1,,27.0,187.74,2,Married,Mobile,No
CUST-04155,55.0,Male,28,97.39,2763.22,Month-to-Month,Credit Card,None,No,,2,4.0,1,2.8,0.0,264.26,1,Single,Tablet,No
CUST-04156,38.0,Female,9,45.59,356.46,Two Year,Credit Card,Fiber Optic,Yes,No,1,2.0,3,1.0,,91.38,1,Single,Mobile,No
CUST-04157,49.0,Male,22,68.8,1535.47,Two Year,Bank Transfer,Fiber Optic,No Internet,No,2,2.0,4,3.7,0.0,14.83,2,Married,Mobile,No
CUST-04158,35.0,Female,1,74.4,54.87,One Year,Electronic Check,Fiber Optic,Yes,No,4,3.0,1,1.0,43.0,189.39,1,Married,Mobile,Yes
CUST-04159,32.0,Male,2,,190.5,Two Year,Credit Card,Fiber Optic,No,Yes,2,5.0,4,15.3,0.0,215.0,0,Married,Mobile,No
CUST-04160,43.0,Male,29,44.66,1220.85,One Year,Electronic Check,None,Yes,No,0,5.0,3,21.2,3.0,142.96,1,Married,Mobile,No
CUST-04161,42.0,Male,11,111.67,1276.97,Month-to-Month,Mailed Check,DSL,Yes,No,2,2.0,1,2.9,27.0,128.41,1,Married,Desktop,Yes
CUST-04162,48.0,Female,26,98.49,2492.55,One Year,Electronic Check,DSL,No,Yes,3,3.0,2,3.5,19.0,223.9,1,Married,Desktop,Yes
CUST-04163,38.0,Female,42,91.09,3823.18,Month-to-Month,Electronic Check,DSL,Yes,No,2,3.0,4,2.2,13.0,124.94,4,Single,Mobile,No
CUST-04164,18.0,Female,45,96.69,4303.73,Month-to-Month,Electronic Check,None,No,No Internet,1,2.0,1,12.4,13.0,1.43,3,Married,Desktop,No
CUST-04165,35.0,Male,4,78.54,352.95,Month-to-Month,Credit Card,Fiber Optic,,Yes,1,3.0,1,10.1,58.0,266.96,2,Married,Mobile,No
CUST-04166,53.0,Male,15,42.41,619.43,One Year,Credit Card,None,No,No,3,4.0,3,,2.0,75.96,3,Single,Mobile,No
CUST-04167,37.0,Female,31,36.95,,Month-to-Month,Credit Card,Fiber Optic,No,No Internet,1,2.0,2,6.9,78.0,182.53,1,Married,Mobile,No
CUST-04168,38.0,Female,35,104.63,3657.01,One Year,Credit Card,Fiber Optic,No Internet,No,5,4.0,2,1.4,8.0,166.42,0,Married,Desktop,No
CUST-04169,55.0,Male,36,90.51,3273.49,One Year,Mailed Check,Fiber Optic,No,No Internet,1,3.0,1,13.0,20.0,153.97,2,Single,Mobile,No
CUST-04170,32.0,Male,6,39.32,236.57,Month-to-Month,Credit Card,Fiber Optic,No Internet,Yes,4,4.0,3,9.6,94.0,73.92,4,Single,Tablet,No
CUST-04171,20.0,Female,5,79.51,395.39,Month-to-Month,Electronic Check,Fiber Optic,No Internet,Yes,3,4.0,2,9.2,30.0,222.08,4,Divorced,Mobile,Yes
CUST-04172,39.0,Male,21,62.75,1291.83,Two Year,Electronic Check,Fiber Optic,Yes,Yes,1,4.0,1,19.9,8.0,73.82,4,Single,Mobile,Yes
CUST-04173,,Female,32,33.87,1005.1,Two Year,Electronic Check,Fiber Optic,No Internet,No Internet,1,5.0,5,9.2,121.0,281.69,0,Married,Mobile,No
CUST-04174,28.0,Female,9,71.19,584.78,Month-to-Month,Electronic Check,DSL,No,Yes,1,5.0,3,10.0,50.0,168.07,2,Single,Mobile,Yes
CUST-04175,39.0,Female,2,46.15,128.22,Month-to-Month,Bank Transfer,Fiber Optic,Yes,No Internet,1,4.0,2,15.0,11.0,231.0,0,Married,Mobile,Yes
CUST-04176,48.0,Female,30,27.62,813.31,Month-to-Month,Bank Transfer,Fiber Optic,No Internet,No,2,3.0,3,5.4,27.0,223.36,2,Single,Mobile,Yes
CUST-04177,41.0,Male,8,64.7,484.4,Month-to-Month,Mailed Check,None,Yes,Yes,1,1.0,2,41.6,24.0,290.49,2,Married,Mobile,No
CUST-04178,46.0,Female,4,77.01,237.75,Month-to-Month,Credit Card,None,No,Yes,8,5.0,1,5.0,28.0,159.67,2,Single,Tablet,No
CUST-04179,67.0,Female,3,22.69,0.0,Two Year,Credit Card,Fiber Optic,No,No,2,4.0,4,36.8,3.0,16.51,3,Single,Desktop,No
CUST-04180,37.0,Male,9,58.21,488.73,Two Year,Bank Transfer,DSL,No,Yes,2,4.0,1,25.2,31.0,26.42,3,Married,Tablet,No
CUST-04181,45.0,Female,21,43.77,963.57,Two Year,Bank Transfer,None,No,No Internet,3,3.0,5,35.5,7.0,107.31,1,Married,Mobile,No
CUST-04182,34.0,Male,10,21.07,182.85,Month-to-Month,Bank Transfer,DSL,Yes,No Internet,2,4.0,2,3.0,11.0,108.09,3,Married,Desktop,No
CUST-04183,30.0,Female,1,30.57,50.59,Month-to-Month,Mailed Check,Fiber Optic,No,Yes,0,,2,3.9,23.0,65.2,2,Married,Mobile,Yes
CUST-04184,33.0,Male,2,31.9,33.65,One Year,Electronic Check,DSL,Yes,No,3,,5,28.2,7.0,277.73,1,Married,Mobile,Yes
CUST-04185,35.0,Female,8,36.29,322.26,One Year,Mailed Check,Fiber Optic,Yes,No,4,4.0,2,47.3,66.0,141.94,3,Single,Desktop,No
CUST-04186,47.0,Male,25,98.34,2440.91,Month-to-Month,Bank Transfer,Fiber Optic,No Internet,No Internet,2,3.0,2,21.0,16.0,270.79,1,Single,Mobile,No
CUST-04187,74.0,Male,2,61.95,62.31,One Year,Credit Card,Fiber Optic,No,Yes,1,3.0,3,15.2,5.0,16.53,1,Single,Desktop,No
CUST-04188,31.0,Female,19,32.71,608.04,One Year,Electronic Check,None,No,No,2,2.0,2,24.9,1.0,104.45,3,Single,Mobile,No
CUST-04189,36.0,Female,3,28.03,175.79,One Year,Electronic Check,Fiber Optic,,No,3,3.0,2,1.0,45.0,107.87,2,Married,Desktop,Yes
CUST-04190,41.0,Male,5,47.79,328.44,One Year,Bank Transfer,Fiber Optic,No,No,1,3.0,1,28.9,52.0,11.3,2,Single,Tablet,Yes
CUST-04191,47.0,Male,4,97.8,415.53,One Year,Mailed Check,Fiber Optic,Yes,Yes,1,1.0,2,5.0,2.0,194.26,0,Divorced,Desktop,No
CUST-04192,45.0,Male,1,54.45,47.6,Month-to-Month,Mailed Check,DSL,No,No,0,3.0,3,1.0,23.0,42.61,2,Married,Desktop,No
CUST-04193,59.0,Female,26,33.99,898.94,One Year,Bank Transfer,Fiber Optic,Yes,No Internet,1,1.0,1,17.2,31.0,104.0,1,Married,Mobile,No
CUST-04194,18.0,Female,14,58.41,833.58,Month-to-Month,Credit Card,Fiber Optic,No,No,2,3.0,2,21.0,71.0,294.31,3,Single,Mobile,No
CUST-04195,18.0,Female,42,73.53,3086.27,Month-to-Month,Bank Transfer,Fiber Optic,No,No,0,5.0,2,14.8,1.0,279.04,5,Single,Mobile,Yes
CUST-04196,35.0,Female,2,20.96,63.97,Month-to-Month,Mailed Check,Fiber Optic,No Internet,No,3,3.0,2,6.5,12.0,78.42,2,Married,Desktop,Yes
CUST-04197,57.0,Female,3,80.76,252.69,Month-to-Month,Credit Card,Fiber Optic,Yes,No,3,3.0,3,1.9,3.0,94.49,2,Married,Desktop,Yes
CUST-04198,20.0,Male,8,57.51,444.28,Two Year,Electronic Check,Fiber Optic,Yes,No,0,2.0,2,22.0,16.0,162.09,1,Single,Mobile,Yes
CUST-04199,18.0,Male,34,18.97,585.22,Month-to-Month,Electronic Check,Fiber Optic,No Internet,No,1,2.0,2,1.0,13.0,85.78,1,Single,Mobile,Yes
CUST-04200,49.0,Female,8,85.39,660.12,Two Year,Credit Card,Fiber Optic,No,No Internet,3,3.0,4,21.4,27.0,217.71,3,Single,Tablet,No
CUST-04201,45.0,Female,12,89.24,1110.86,Month-to-Month,Electronic Check,None,No,Yes,2,3.0,4,47.4,33.0,170.13,1,Married,Mobile,No
CUST-04202,26.0,Female,8,80.88,645.47,Month-to-Month,Bank Transfer,Fiber Optic,No,No,3,4.0,3,86.2,100.0,141.77,2,Single,Desktop,Yes
CUST-04203,28.0,Female,2,52.19,119.39,One Year,Mailed Check,DSL,No,Yes,3,3.0,3,7.6,5.0,287.22,5,Married,Mobile,No
CUST-04204,28.0,Female,67,70.96,4740.17,Month-to-Month,Electronic Check,Fiber Optic,Yes,No,0,1.0,4,1.7,48.0,65.24,2,Single,Desktop,No
CUST-04205,43.0,Female,19,56.72,1024.7,One Year,Electronic Check,Fiber Optic,Yes,Yes,1,3.0,3,1.5,56.0,257.57,2,Divorced,Tablet,No
CUST-04206,33.0,Male,37,88.06,3246.29,Month-to-Month,Credit Card,DSL,No,No Internet,3,1.0,1,10.1,24.0,218.15,1,Married,Desktop,No
CUST-04207,48.0,Male,25,76.36,1857.88,Two Year,Credit Card,Fiber Optic,No Internet,No,3,5.0,1,23.5,46.0,60.35,0,Married,Desktop,No
CUST-04208,18.0,Female,17,26.18,390.75,Month-to-Month,Mailed Check,Fiber Optic,No,No Internet,2,1.0,1,1.0,12.0,55.46,2,Single,Mobile,Yes
CUST-04209,30.0,Female,2,82.31,224.9,One Year,Bank Transfer,Fiber Optic,No,No,2,1.0,2,2.8,1.0,173.25,1,Divorced,Mobile,No
CUST-04210,26.0,Male,24,86.72,2060.28,Month-to-Month,Credit Card,None,Yes,Yes,1,3.0,1,13.3,4.0,24.01,2,Married,Mobile,No
CUST-04211,38.0,Male,4,55.07,183.21,One Year,Credit Card,None,No,Yes,0,4.0,3,1.3,5.0,144.25,0,Married,Mobile,No
CUST-04212,34.0,Male,12,105.58,1347.86,One Year,Bank Transfer,DSL,No Internet,No,0,3.0,3,31.6,62.0,101.16,1,Married,Mobile,No
CUST-04213,53.0,Male,23,102.3,2393.65,Month-to-Month,Credit Card,Fiber Optic,No Internet,Yes,1,1.0,3,10.5,95.0,255.18,3,Single,Mobile,No
CUST-04214,18.0,Female,36,35.52,1260.14,Month-to-Month,Electronic Check,Fiber Optic,No,No,3,5.0,1,7.3,15.0,179.04,5,Married,Mobile,Yes
CUST-04215,42.0,Male,27,108.43,2948.99,One Year,Electronic Check,DSL,No,No,1,4.0,2,1.0,32.0,192.06,4,Married,Mobile,Yes
CUST-04216,49.0,Female,26,62.09,1602.55,Two Year,Bank Transfer,DSL,No,No,1,,2,1.8,10.0,98.03,1,Divorced,Mobile,No
CUST-04217,67.0,Male,3,90.37,,Month-to-Month,Mailed Check,DSL,No,No Internet,1,4.0,3,26.4,17.0,64.96,2,Divorced,Mobile,Yes
CUST-04218,35.0,Female,10,99.41,1017.83,One Year,Credit Card,DSL,No,No,1,3.0,4,18.0,29.0,161.07,5,Single,Desktop,Yes
CUST-04219,46.0,Male,1,68.51,52.29,One Year,Bank Transfer,None,No,No,0,3.0,5,1.0,58.0,283.43,2,Married,Desktop,No
CUST-04220,18.0,Female,30,57.91,1741.07,One Year,Credit Card,DSL,Yes,No,0,5.0,1,54.7,16.0,178.52,3,Divorced,Tablet,No
CUST-04221,18.0,Female,72,109.55,7938.67,Two Year,Mailed Check,DSL,Yes,Yes,1,2.0,3,6.5,36.0,5.82,3,Single,Mobile,No
CUST-04222,53.0,Female,7,41.09,333.19,One Year,Mailed Check,DSL,Yes,No,1,5.0,1,14.0,8.0,289.12,1,Single,Mobile,No
CUST-04223,41.0,Male,2,43.7,59.9,Two Year,Bank Transfer,Fiber Optic,Yes,No,0,4.0,2,19.2,11.0,250.13,0,Married,Mobile,No
CUST-04224,58.0,Male,15,54.16,836.7,One Year,Bank Transfer,DSL,Yes,No,4,5.0,3,47.0,7.0,265.06,3,Married,Mobile,Yes
CUST-04225,22.0,Male,46,103.95,4725.31,Month-to-Month,Credit Card,DSL,Yes,No,0,3.0,5,33.2,60.0,135.76,4,Single,Mobile,No
CUST-04226,49.0,Male,19,111.88,2148.24,One Year,Mailed Check,Fiber Optic,Yes,Yes,1,3.0,2,13.6,,268.88,2,Married,Mobile,No
CUST-04227,68.0,Female,1,40.01,47.43,Two Year,Electronic Check,DSL,Yes,No,3,3.0,2,2.3,44.0,77.72,2,Divorced,Tablet,No
CUST-04228,47.0,Female,72,104.39,7535.03,Two Year,Mailed Check,Fiber Optic,No,No,4,4.0,1,28.0,29.0,240.48,4,Single,Desktop,No
CUST-04229,45.0,Female,42,43.82,1825.57,Month-to-Month,Credit Card,Fiber Optic,No,No Internet,3,2.0,3,25.5,31.0,183.76,3,Single,Desktop,No
CUST-04230,42.0,Female,3,115.06,449.38,Month-to-Month,Bank Transfer,DSL,No Internet,,3,3.0,4,15.3,62.0,285.78,1,Divorced,Tablet,Yes
CUST-04231,20.0,Male,61,77.74,4697.08,One Year,Electronic Check,DSL,No,No,1,4.0,4,68.0,22.0,88.9,2,Married,Mobile,Yes
CUST-04232,60.0,Male,14,18.71,310.52,One Year,Mailed Check,DSL,Yes,No,2,4.0,2,11.3,2.0,37.05,1,Married,Desktop,No
CUST-04233,33.0,Male,11,21.41,183.93,Month-to-Month,Bank Transfer,None,No,Yes,2,1.0,3,3.6,80.0,215.1,2,Married,Mobile,No
CUST-04234,49.0,Female,14,32.75,483.72,Month-to-Month,Bank Transfer,DSL,No Internet,No,0,3.0,4,4.4,12.0,295.82,1,Single,Desktop,No
CUST-04235,20.0,Female,43,36.76,1609.47,One Year,Mailed Check,None,No,Yes,4,3.0,5,7.8,0.0,43.75,1,Single,Mobile,No
CUST-04236,25.0,Male,25,94.76,2371.75,One Year,Credit Card,None,Yes,No,5,4.0,5,8.2,22.0,30.53,3,Married,Mobile,No
CUST-04237,62.0,Male,1,40.28,15.51,Two Year,Bank Transfer,Fiber Optic,No Internet,No,1,1.0,3,26.7,13.0,129.2,2,Married,Desktop,No
CUST-04238,37.0,Female,72,114.91,8280.58,Two Year,Bank Transfer,Fiber Optic,Yes,No,0,3.0,1,32.7,72.0,216.08,2,Single,Desktop,No
CUST-04239,62.0,Female,3,81.61,258.18,Month-to-Month,Credit Card,Fiber Optic,No Internet,Yes,0,5.0,2,7.2,21.0,178.98,0,Married,Desktop,No
CUST-04240,40.0,Female,32,87.25,2881.5,Two Year,Bank Transfer,Fiber Optic,No Internet,No Internet,1,1.0,2,43.6,1.0,282.03,3,Divorced,Mobile,No
CUST-04241,18.0,Male,24,39.78,911.1,One Year,Electronic Check,Fiber Optic,No,No Internet,2,4.0,1,39.5,8.0,242.78,3,Married,Mobile,No
CUST-04242,54.0,Male,4,107.27,401.28,Two Year,Bank Transfer,Fiber Optic,No,,2,2.0,2,7.9,7.0,171.78,2,Single,Mobile,Yes
CUST-04243,33.0,Female,4,84.78,353.36,Month-to-Month,Bank Transfer,DSL,Yes,No,2,3.0,4,30.4,43.0,108.34,3,Married,Desktop,Yes
CUST-04244,51.0,Female,49,104.44,5104.76,Month-to-Month,Electronic Check,Fiber Optic,No,No,3,5.0,3,1.8,2.0,250.6,3,Single,Mobile,Yes
CUST-04245,42.0,Male,13,113.65,1472.45,One Year,Mailed Check,Fiber Optic,No,Yes,3,3.0,1,10.7,11.0,146.49,2,Married,Mobile,Yes
CUST-04246,20.0,Female,25,30.56,817.52,Two Year,Electronic Check,DSL,,Yes,3,4.0,1,18.7,33.0,262.53,0,Married,Desktop,No
CUST-04247,44.0,Female,16,27.66,301.55,Two Year,Electronic Check,None,Yes,Yes,1,2.0,5,6.4,28.0,180.16,1,Single,Mobile,No
CUST-04248,72.0,Male,31,98.34,3018.64,One Year,Mailed Check,DSL,Yes,No,0,3.0,1,1.0,31.0,212.15,1,Single,Desktop,No
CUST-04249,48.0,Male,15,104.61,1482.03,Month-to-Month,Electronic Check,None,No,No,1,2.0,3,1.0,24.0,14.03,0,Single,Mobile,No
CUST-04250,41.0,Male,8,76.38,551.25,One Year,Mailed Check,Fiber Optic,No,No,0,4.0,1,33.7,5.0,297.11,2,Married,Mobile,Yes
CUST-04251,57.0,Male,10,54.6,666.23,Two Year,Electronic Check,Fiber Optic,No,No,2,3.0,1,11.0,33.0,226.37,0,Single,Mobile,Yes
CUST-04252,44.0,Female,47,83.26,3943.13,One Year,Electronic Check,None,No,No Internet,3,3.0,2,2.5,90.0,174.6,0,Single,Desktop,No
CUST-04253,44.0,Male,15,48.57,776.13,One Year,Electronic Check,None,,No Internet,0,5.0,2,34.9,1.0,159.66,3,Single,Desktop,No
CUST-04254,26.0,Female,5,41.84,205.17,Month-to-Month,Mailed Check,DSL,No,No,2,2.0,3,42.8,13.0,179.84,0,Married,Desktop,No
CUST-04255,45.0,Female,65,66.81,4380.59,One Year,Electronic Check,Fiber Optic,No,No Internet,2,5.0,1,5.9,10.0,13.77,1,Married,Mobile,Yes
CUST-04256,56.0,Male,38,39.62,1417.23,Month-to-Month,Electronic Check,DSL,No,Yes,2,1.0,2,13.2,4.0,109.38,1,Married,Tablet,No
CUST-04257,30.0,Male,1,66.37,118.28,Two Year,Credit Card,Fiber Optic,No Internet,Yes,2,5.0,3,5.9,9.0,26.84,5,Married,Mobile,No
CUST-04258,61.0,Female,72,113.66,8142.53,One Year,Mailed Check,None,No,No,2,3.0,1,19.4,0.0,52.62,2,Single,Mobile,No
CUST-04259,40.0,Female,28,101.98,2828.87,One Year,Bank Transfer,DSL,No Internet,No,2,5.0,4,44.3,30.0,99.9,1,Divorced,Mobile,No
CUST-04260,29.0,Female,4,112.16,473.9,Two Year,Credit Card,DSL,No,No,2,4.0,1,1.0,28.0,201.8,2,Married,Desktop,No
CUST-04261,55.0,Male,6,98.63,607.6,Month-to-Month,Electronic Check,Fiber Optic,Yes,No,3,4.0,2,9.5,21.0,279.19,1,Single,Desktop,Yes
CUST-04262,37.0,Male,28,53.48,1501.67,Month-to-Month,Bank Transfer,Fiber Optic,No,No Internet,0,3.0,1,24.1,11.0,296.13,1,Married,Desktop,Yes
CUST-04263,52.0,Female,36,99.2,3503.05,One Year,Credit Card,Fiber Optic,Yes,No Internet,1,4.0,3,17.5,112.0,225.33,3,Married,Tablet,No
CUST-04264,37.0,Female,6,110.29,666.73,Month-to-Month,Credit Card,Fiber Optic,No Internet,Yes,2,5.0,2,3.0,28.0,80.63,1,Married,Desktop,Yes
CUST-04265,,Male,7,112.7,836.93,Month-to-Month,Credit Card,Fiber Optic,No,No,3,3.0,1,7.5,65.0,96.71,3,Single,Mobile,Yes
CUST-04266,48.0,Female,8,86.32,663.94,Two Year,Credit Card,Fiber Optic,No,No Internet,0,3.0,3,9.5,10.0,92.12,2,Single,Mobile,No
CUST-04267,46.0,Male,21,39.14,887.69,One Year,Electronic Check,Fiber Optic,No,No,1,2.0,5,20.5,42.0,251.56,2,Single,Desktop,Yes
CUST-04268,18.0,Female,4,21.97,44.25,Month-to-Month,Mailed Check,None,Yes,No,2,5.0,4,9.2,0.0,232.36,3,Divorced,Mobile,No
CUST-04269,26.0,Female,2,32.72,65.77,Month-to-Month,Bank Transfer,None,No,No,1,3.0,3,5.7,33.0,18.92,4,Married,Mobile,No
CUST-04270,55.0,Male,27,114.55,3169.62,Month-to-Month,Electronic Check,Fiber Optic,No,No,0,2.0,1,8.0,41.0,148.4,2,Single,Desktop,Yes
CUST-04271,40.0,Female,36,64.21,2277.49,One Year,Electronic Check,DSL,No Internet,No,2,1.0,4,51.1,9.0,192.53,2,Divorced,Desktop,No
CUST-04272,34.0,Male,16,103.5,1708.7,Month-to-Month,Bank Transfer,Fiber Optic,No,Yes,1,4.0,4,1.0,188.0,4.67,5,Single,Desktop,Yes
CUST-04273,22.0,Male,10,64.5,743.73,Two Year,Electronic Check,None,No,No Internet,1,4.0,1,6.1,20.0,178.08,5,Married,Mobile,No
CUST-04274,26.0,Male,13,84.08,1101.59,One Year,Bank Transfer,Fiber Optic,No Internet,No Internet,1,2.0,1,3.3,13.0,282.42,2,Divorced,Desktop,No
CUST-04275,18.0,Male,11,20.41,198.16,Month-to-Month,Electronic Check,None,Yes,No,3,4.0,2,7.7,6.0,14.21,1,Married,Desktop,No
CUST-04276,40.0,Male,72,42.99,3056.64,Month-to-Month,Credit Card,Fiber Optic,Yes,No Internet,0,2.0,2,13.2,5.0,,1,Single,Mobile,No
CUST-04277,33.0,Female,35,61.63,2222.28,One Year,Mailed Check,None,Yes,Yes,1,3.0,2,3.2,6.0,31.0,6,Married,Mobile,No
CUST-04278,28.0,Female,5,81.06,469.13,Month-to-Month,Credit Card,DSL,No Internet,No,3,4.0,1,8.3,23.0,110.8,0,Married,Mobile,No
CUST-04279,41.0,Male,11,35.15,459.12,One Year,Bank Transfer,Fiber Optic,Yes,Yes,0,2.0,2,26.4,23.0,110.87,3,Married,Desktop,No
CUST-04280,47.0,Female,18,94.46,1698.64,Two Year,Credit Card,Fiber Optic,No,No Internet,4,1.0,3,15.4,22.0,286.71,2,Single,Mobile,No
CUST-04281,71.0,Female,22,54.44,1249.57,Month-to-Month,Electronic Check,None,No,No Internet,1,2.0,5,17.1,58.0,240.13,1,Married,Mobile,Yes
CUST-04282,20.0,Female,15,99.74,1493.66,Month-to-Month,Bank Transfer,Fiber Optic,Yes,,2,3.0,2,42.3,0.0,191.14,3,Single,Mobile,Yes
CUST-04283,58.0,Female,39,27.8,1040.05,Two Year,Bank Transfer,DSL,No Internet,No,0,3.0,3,7.9,9.0,192.67,2,Married,Desktop,No
CUST-04284,55.0,Male,35,85.98,3065.51,Month-to-Month,Credit Card,None,No,No,1,4.0,3,93.3,65.0,199.96,5,Single,Desktop,Yes
CUST-04285,31.0,Male,16,47.33,838.97,Month-to-Month,Credit Card,Fiber Optic,No,No,2,4.0,2,7.2,3.0,51.26,1,Divorced,Tablet,No
CUST-04286,44.0,Female,46,97.54,4435.81,Month-to-Month,Electronic Check,DSL,Yes,No,2,3.0,5,3.0,6.0,106.26,2,Divorced,Tablet,Yes
CUST-04287,35.0,Male,33,,1869.29,Two Year,Credit Card,Fiber Optic,No,No,0,3.0,1,24.7,11.0,193.97,0,Married,Desktop,No
CUST-04288,44.0,Male,36,84.53,3045.08,Two Year,Electronic Check,Fiber Optic,No,Yes,1,4.0,4,10.7,50.0,10.03,2,Married,Tablet,No
CUST-04289,63.0,Male,72,111.43,8070.77,Month-to-Month,Bank Transfer,Fiber Optic,No,Yes,0,4.0,4,6.3,26.0,146.97,1,Married,Mobile,No
CUST-04290,50.0,Male,7,20.06,83.73,One Year,Credit Card,None,No,Yes,0,5.0,1,4.2,24.0,251.0,2,Married,Mobile,No
CUST-04291,49.0,Male,7,,145.12,Month-to-Month,Credit Card,Fiber Optic,Yes,Yes,2,3.0,2,25.8,77.0,163.53,2,Married,Mobile,No
CUST-04292,35.0,Female,52,95.03,4912.04,One Year,Mailed Check,Fiber Optic,No Internet,No,3,5.0,2,12.5,20.0,259.55,1,Single,Mobile,No
CUST-04293,21.0,Male,35,82.64,2927.44,Month-to-Month,Electronic Check,DSL,No,Yes,3,2.0,2,14.7,88.0,223.94,0,Single,Desktop,No
CUST-04294,39.0,Female,62,47.3,2892.71,Month-to-Month,Credit Card,Fiber Optic,No,No,1,1.0,4,9.3,4.0,161.66,1,Single,Mobile,Yes
CUST-04295,58.0,Female,1,67.44,106.03,Two Year,Electronic Check,DSL,Yes,No,1,4.0,3,3.6,15.0,113.04,2,Married,Desktop,No
CUST-04296,20.0,Male,23,22.19,502.46,Month-to-Month,Electronic Check,DSL,No,No,1,3.0,1,6.2,51.0,196.74,1,Married,Mobile,Yes
CUST-04297,27.0,Male,3,37.24,64.86,Month-to-Month,Bank Transfer,DSL,Yes,No Internet,1,,5,2.1,4.0,149.22,1,Married,Mobile,No
CUST-04298,43.0,Male,16,60.45,970.38,Two Year,Electronic Check,DSL,No,No,0,1.0,1,6.3,5.0,298.27,2,Single,Mobile,No
CUST-04299,28.0,Male,4,101.4,308.7,One Year,Credit Card,DSL,No,Yes,0,1.0,3,36.6,14.0,183.14,2,Married,Mobile,No
CUST-04300,30.0,Male,3,65.97,,One Year,Credit Card,Fiber Optic,No Internet,Yes,0,3.0,2,12.8,79.0,75.52,2,Single,Mobile,No
CUST-04301,36.0,Male,1,76.64,,Two Year,Bank Transfer,DSL,No Internet,No Internet,3,4.0,1,1.0,6.0,288.9,2,Married,Desktop,No
CUST-04302,22.0,Female,23,105.38,2335.15,Month-to-Month,Electronic Check,DSL,No,No,2,4.0,3,21.7,93.0,86.11,1,Single,Mobile,Yes
CUST-04303,28.0,Female,10,48.88,360.24,Month-to-Month,Bank Transfer,None,No,No,0,5.0,5,,33.0,267.23,1,Single,Desktop,No
CUST-04304,51.0,Male,2,,59.17,Month-to-Month,Bank Transfer,Fiber Optic,No,No Internet,0,4.0,2,21.4,19.0,147.66,3,Single,Mobile,Yes
CUST-04305,23.0,Male,9,104.17,1003.89,Month-to-Month,Bank Transfer,Fiber Optic,Yes,Yes,1,2.0,2,14.4,0.0,211.48,0,Married,Tablet,No
CUST-04306,19.0,Female,4,38.26,149.2,Month-to-Month,Bank Transfer,DSL,No Internet,No,1,5.0,2,1.0,22.0,60.52,3,Married,Desktop,Yes
CUST-04307,33.0,Female,68,53.65,3621.58,One Year,Bank Transfer,Fiber Optic,No,No,3,4.0,4,7.2,16.0,167.82,3,Married,Desktop,No
CUST-04308,52.0,Female,9,115.98,1091.08,Month-to-Month,Electronic Check,Fiber Optic,No,No Internet,0,3.0,5,5.9,46.0,60.33,2,Divorced,Desktop,Yes
CUST-04309,39.0,Female,9,116.32,1026.66,Month-to-Month,Credit Card,Fiber Optic,No Internet,No Internet,3,3.0,2,1.0,24.0,71.26,1,Married,Desktop,No
CUST-04310,35.0,Male,43,40.32,1747.18,Month-to-Month,Electronic Check,Fiber Optic,No Internet,No,1,2.0,4,1.3,109.0,48.54,2,Married,Mobile,Yes
CUST-04311,42.0,Male,25,24.64,617.29,Month-to-Month,Credit Card,Fiber Optic,No,No Internet,0,5.0,1,8.2,3.0,134.81,0,Married,Mobile,No
CUST-04312,18.0,Female,29,45.09,1284.06,One Year,Electronic Check,None,No,Yes,4,3.0,2,31.9,73.0,154.41,1,Married,Desktop,Yes
CUST-04313,48.0,Male,24,57.77,1401.19,Month-to-Month,Bank Transfer,None,No Internet,No,2,3.0,2,49.0,14.0,78.78,1,Divorced,Tablet,No
CUST-04314,47.0,Female,70,62.1,4385.66,Month-to-Month,Electronic Check,DSL,No,Yes,2,5.0,1,20.4,21.0,184.05,2,Divorced,Mobile,No
CUST-04315,36.0,Female,5,79.88,390.15,Two Year,Electronic Check,Fiber Optic,No Internet,Yes,1,5.0,4,3.8,57.0,81.31,2,Married,Desktop,No
CUST-04316,56.0,Female,72,107.95,7749.37,One Year,Credit Card,DSL,Yes,No,0,1.0,3,,34.0,156.43,2,Married,Tablet,No
CUST-04317,26.0,Male,42,51.03,2126.13,One Year,Electronic Check,Fiber Optic,No,Yes,4,5.0,1,57.2,87.0,205.73,1,Married,Desktop,No
CUST-04318,57.0,Female,21,103.0,2048.1,One Year,Credit Card,Fiber Optic,No,No,2,1.0,3,8.4,125.0,18.01,4,Single,Desktop,No
CUST-04319,44.0,Female,26,27.35,725.25,One Year,Credit Card,Fiber Optic,No,No,4,5.0,3,11.1,30.0,258.04,6,Single,Desktop,No
CUST-04320,37.0,Male,25,22.19,494.29,Month-to-Month,Mailed Check,Fiber Optic,No Internet,Yes,2,5.0,3,6.4,24.0,107.34,0,Single,Mobile,No
CUST-04321,41.0,Male,1,68.4,99.89,Month-to-Month,Credit Card,Fiber Optic,No,No,1,4.0,3,28.7,8.0,155.05,2,Single,Desktop,No
CUST-04322,40.0,Female,5,23.97,115.33,One Year,Credit Card,Fiber Optic,No Internet,No,0,4.0,2,5.3,9.0,133.74,1,Married,Tablet,No
CUST-04323,,Female,72,57.25,4127.26,Month-to-Month,Credit Card,DSL,No,No,2,4.0,2,1.7,8.0,284.9,3,Married,Desktop,Yes
CUST-04324,26.0,Male,18,107.68,1973.26,Month-to-Month,Bank Transfer,Fiber Optic,Yes,No,3,3.0,1,9.1,46.0,56.94,4,Married,Tablet,No
CUST-04325,31.0,Male,11,42.15,417.32,Month-to-Month,Mailed Check,None,Yes,No,4,2.0,2,2.8,28.0,188.06,3,Single,Tablet,No
CUST-04326,56.0,Female,34,88.6,3030.86,Month-to-Month,Credit Card,DSL,Yes,No Internet,1,1.0,1,8.5,39.0,248.57,2,Divorced,Desktop,No
CUST-04327,33.0,Female,17,48.24,833.46,Two Year,Bank Transfer,DSL,No,Yes,0,5.0,2,13.2,50.0,128.57,3,Single,Desktop,No
CUST-04328,54.0,Female,1,22.49,13.25,Month-to-Month,Bank Transfer,Fiber Optic,Yes,No,2,4.0,1,24.3,67.0,100.56,4,Married,Mobile,Yes
CUST-04329,65.0,Female,31,73.67,2237.36,Month-to-Month,Bank Transfer,Fiber Optic,No,No Internet,3,4.0,3,17.7,4.0,33.71,0,Single,Mobile,No
CUST-04330,36.0,Male,31,101.49,3175.95,One Year,Electronic Check,Fiber Optic,No,Yes,4,3.0,4,20.1,62.0,216.23,2,Married,Mobile,No
CUST-04331,51.0,Female,4,58.95,270.97,One Year,Electronic Check,Fiber Optic,Yes,Yes,1,4.0,3,13.4,31.0,235.83,3,Divorced,Mobile,No
CUST-04332,25.0,Male,72,79.73,5746.24,One Year,Bank Transfer,None,Yes,No,1,3.0,1,1.3,75.0,94.08,0,Divorced,Mobile,No
CUST-04333,52.0,Female,6,108.0,594.48,Month-to-Month,Mailed Check,None,No,No,3,1.0,2,31.8,79.0,232.75,1,Married,Mobile,Yes
CUST-04334,44.0,Female,14,96.97,1331.21,Month-to-Month,Credit Card,DSL,No,No,3,3.0,3,18.0,16.0,29.93,0,Single,Mobile,Yes
CUST-04335,48.0,Male,2,37.39,71.76,One Year,Credit Card,Fiber Optic,No Internet,No Internet,1,5.0,4,23.4,37.0,129.14,3,Single,Desktop,No
CUST-04336,32.0,Male,22,91.34,2043.9,Month-to-Month,Mailed Check,Fiber Optic,No,Yes,4,5.0,2,42.4,52.0,83.04,2,Divorced,Mobile,Yes
CUST-04337,18.0,Female,11,68.19,670.92,Month-to-Month,Electronic Check,DSL,No Internet,No Internet,2,5.0,2,51.7,8.0,82.65,0,Divorced,Mobile,No
CUST-04338,49.0,Male,10,92.6,897.81,Two Year,Electronic Check,Fiber Optic,Yes,Yes,1,3.0,1,49.7,19.0,279.12,3,Single,Mobile,No
CUST-04339,18.0,Male,42,67.45,2812.77,Month-to-Month,Electronic Check,Fiber Optic,No,No,0,,3,4.7,9.0,232.91,3,Single,Desktop,No
CUST-04340,37.0,Female,1,30.8,26.64,Month-to-Month,Bank Transfer,None,No Internet,No,1,3.0,2,,2.0,229.85,0,Married,Mobile,No
CUST-04341,55.0,Male,38,74.99,2784.55,Month-to-Month,Electronic Check,None,No Internet,No,0,2.0,1,47.8,35.0,147.96,1,Single,Mobile,Yes
CUST-04342,44.0,Female,20,67.21,1333.32,Month-to-Month,Credit Card,DSL,No,No,2,3.0,2,18.4,25.0,186.49,3,Married,Desktop,No
CUST-04343,69.0,Male,72,69.79,5009.36,Month-to-Month,Electronic Check,Fiber Optic,No,No,1,5.0,3,18.9,15.0,235.8,2,Single,Desktop,No
CUST-04344,,Female,21,105.89,2171.81,Month-to-Month,Bank Transfer,Fiber Optic,Yes,No Internet,0,4.0,1,32.3,7.0,79.98,2,Single,Mobile,Yes
CUST-04345,32.0,Male,1,107.48,101.58,Month-to-Month,Mailed Check,DSL,Yes,No,3,3.0,2,5.1,6.0,87.4,1,Single,Mobile,Yes
CUST-04346,42.0,Male,1,63.35,36.29,Month-to-Month,Electronic Check,Fiber Optic,Yes,No,3,2.0,2,3.2,9.0,265.06,2,Married,Desktop,Yes
CUST-04347,41.0,Female,51,63.57,3266.85,Month-to-Month,Credit Card,None,Yes,No,1,4.0,5,8.6,120.0,68.7,1,Single,Tablet,No
CUST-04348,19.0,Female,44,69.52,3014.61,One Year,Bank Transfer,Fiber Optic,No,No Internet,2,5.0,1,44.9,98.0,203.99,1,Married,Desktop,No
CUST-04349,28.0,Male,10,69.96,704.09,One Year,Credit Card,None,Yes,No Internet,2,2.0,4,1.0,,,1,Married,Desktop,No
CUST-04350,34.0,Male,23,113.04,2559.5,Month-to-Month,Electronic Check,Fiber Optic,No,No,2,5.0,1,8.8,2.0,285.68,1,Divorced,Mobile,No
CUST-04351,18.0,Female,16,82.94,1297.05,Two Year,Bank Transfer,Fiber Optic,No Internet,No,2,2.0,5,17.6,53.0,90.96,1,Single,Mobile,No
CUST-04352,42.0,Female,72,45.75,3308.86,One Year,Bank Transfer,DSL,No,No,2,5.0,2,15.8,42.0,285.05,1,Married,Desktop,No
CUST-04353,38.0,Female,71,71.15,5063.39,One Year,Mailed Check,DSL,Yes,Yes,3,4.0,1,24.9,83.0,41.4,4,Married,Mobile,Yes
CUST-04354,18.0,Female,72,80.72,5790.99,Month-to-Month,Mailed Check,Fiber Optic,No,No,4,2.0,2,4.7,18.0,,2,Single,Tablet,No
CUST-04355,47.0,Female,48,81.98,3921.57,Two Year,Mailed Check,Fiber Optic,No Internet,No,1,2.0,1,4.0,21.0,120.51,3,Married,Mobile,No
CUST-04356,52.0,Male,57,76.53,4289.53,Two Year,Credit Card,Fiber Optic,Yes,No,0,5.0,1,26.4,25.0,227.88,4,Single,Tablet,No
CUST-04357,45.0,Female,5,35.77,248.99,Month-to-Month,Electronic Check,Fiber Optic,No Internet,No Internet,3,3.0,2,,23.0,26.9,3,Married,Mobile,Yes
CUST-04358,37.0,Female,42,21.36,931.49,One Year,Mailed Check,None,Yes,Yes,2,3.0,5,4.3,11.0,66.74,1,Single,Tablet,No
CUST-04359,50.0,Male,29,51.78,1534.19,One Year,Electronic Check,DSL,No,No,6,1.0,2,8.7,5.0,143.02,1,Single,Mobile,Yes
CUST-04360,51.0,Male,72,60.75,4294.25,Month-to-Month,Credit Card,Fiber Optic,Yes,Yes,2,2.0,3,9.0,37.0,22.43,8,Married,Mobile,No
CUST-04361,46.0,Male,20,24.18,453.83,Month-to-Month,Electronic Check,Fiber Optic,No,No,5,4.0,3,10.8,73.0,105.8,5,Married,Mobile,Yes
CUST-04362,30.0,Male,2,99.5,182.27,Month-to-Month,Mailed Check,DSL,No,Yes,1,4.0,1,27.2,32.0,184.37,1,Single,Mobile,No
CUST-04363,45.0,Male,21,52.41,1004.06,Month-to-Month,Electronic Check,None,No,No,0,5.0,2,13.9,53.0,231.78,0,Married,Tablet,Yes
CUST-04364,58.0,Female,27,109.36,2997.22,Month-to-Month,Credit Card,Fiber Optic,No,No,0,3.0,5,11.0,22.0,150.26,1,Married,Mobile,No
CUST-04365,33.0,Female,5,33.44,239.89,One Year,Credit Card,DSL,No Internet,No,2,3.0,1,5.1,21.0,134.49,2,Divorced,Tablet,No
CUST-04366,71.0,Female,12,23.69,387.38,One Year,Electronic Check,None,Yes,Yes,1,4.0,2,1.0,126.0,99.54,1,Married,Desktop,No
CUST-04367,34.0,Male,21,66.23,1338.54,Two Year,Bank Transfer,None,No,Yes,1,4.0,4,37.5,156.0,110.52,2,Single,Desktop,No
CUST-04368,42.0,Male,11,36.91,,One Year,Electronic Check,Fiber Optic,Yes,Yes,3,1.0,2,18.9,28.0,161.93,2,Single,Desktop,Yes
CUST-04369,32.0,Female,11,111.74,1295.28,Month-to-Month,Credit Card,Fiber Optic,No,No,0,5.0,5,1.2,13.0,118.83,0,Married,Tablet,Yes
CUST-04370,45.0,Male,3,19.03,44.41,Month-to-Month,Credit Card,None,No,Yes,1,4.0,2,5.3,13.0,95.2,2,Divorced,Mobile,Yes
CUST-04371,18.0,Female,67,59.26,3942.07,Two Year,Bank Transfer,DSL,Yes,Yes,2,1.0,4,15.6,33.0,187.02,3,Married,Tablet,No
CUST-04372,,Female,33,110.67,3558.81,Month-to-Month,Credit Card,Fiber Optic,Yes,No Internet,3,5.0,2,3.5,7.0,298.99,1,Divorced,Mobile,No
CUST-04373,26.0,Male,1,56.44,113.07,One Year,Electronic Check,DSL,No Internet,No,2,5.0,2,1.7,117.0,88.01,2,Married,Desktop,No
CUST-04374,43.0,Male,34,27.31,927.58,Month-to-Month,Bank Transfer,Fiber Optic,Yes,No,2,5.0,3,12.0,37.0,36.03,1,Married,Desktop,Yes
CUST-04375,55.0,Male,32,48.29,,Month-to-Month,Electronic Check,None,No,Yes,3,5.0,5,6.0,5.0,44.21,2,Married,Desktop,Yes
CUST-04376,51.0,Female,1,67.8,,Month-to-Month,Electronic Check,Fiber Optic,No,No,1,2.0,2,26.4,13.0,182.06,2,Married,Mobile,No
CUST-04377,18.0,Female,11,36.52,409.37,Month-to-Month,Credit Card,Fiber Optic,Yes,No,1,5.0,4,45.2,7.0,167.06,2,Married,Mobile,Yes
CUST-04378,70.0,Female,22,64.66,1430.93,One Year,Mailed Check,Fiber Optic,Yes,No,0,4.0,3,13.3,2.0,32.02,0,Married,Tablet,No
CUST-04379,46.0,Male,14,101.63,1411.97,One Year,Electronic Check,None,No,No,1,,2,18.7,31.0,123.02,1,Married,Mobile,No
CUST-04380,31.0,Female,36,105.26,3870.48,Month-to-Month,Electronic Check,Fiber Optic,Yes,No Internet,0,5.0,1,61.5,3.0,256.26,1,Married,Desktop,Yes
CUST-04381,44.0,Male,13,22.93,291.41,Two Year,Mailed Check,DSL,No Internet,,0,3.0,2,3.8,15.0,143.38,2,Divorced,Desktop,No
CUST-04382,44.0,Male,4,34.09,217.33,Month-to-Month,Credit Card,Fiber Optic,No Internet,No,2,5.0,4,35.3,33.0,234.54,2,Married,Tablet,No
CUST-04383,32.0,Female,72,45.53,3306.37,Month-to-Month,Bank Transfer,Fiber Optic,No,No,1,4.0,1,12.3,5.0,13.9,0,Single,Mobile,No
CUST-04384,44.0,Female,6,77.49,482.5,Two Year,Credit Card,DSL,Yes,No,1,4.0,3,3.1,64.0,147.4,1,Married,Mobile,Yes
CUST-04385,33.0,Male,30,54.1,1617.34,Month-to-Month,Bank Transfer,None,No,Yes,0,4.0,2,5.1,6.0,247.22,2,Married,Desktop,Yes
CUST-04386,36.0,Male,3,102.4,355.9,Two Year,Bank Transfer,Fiber Optic,Yes,No,3,4.0,3,17.5,28.0,180.59,6,Married,Tablet,No
CUST-04387,32.0,Male,9,89.67,812.68,Two Year,Electronic Check,None,No,Yes,2,3.0,5,38.3,77.0,34.3,3,Married,Desktop,Yes
CUST-04388,21.0,Male,14,28.05,346.09,Month-to-Month,Credit Card,Fiber Optic,Yes,No,0,5.0,3,1.9,3.0,265.39,3,Single,Mobile,No
CUST-04389,,Male,5,80.46,354.03,Month-to-Month,Credit Card,DSL,No,No,2,2.0,2,15.3,3.0,55.56,0,Single,Mobile,No
CUST-04390,50.0,Female,14,29.3,431.32,Month-to-Month,Bank Transfer,DSL,Yes,No,2,5.0,4,7.1,4.0,213.59,3,Married,Mobile,No
CUST-04391,49.0,Female,4,43.5,128.63,Month-to-Month,Credit Card,None,No,No,0,4.0,3,5.8,13.0,21.73,3,Married,Mobile,No
CUST-04392,53.0,Female,19,35.79,676.9,One Year,Electronic Check,DSL,Yes,Yes,3,5.0,4,3.0,33.0,161.52,1,Single,Desktop,No
CUST-04393,46.0,Female,26,35.31,970.92,Month-to-Month,Electronic Check,Fiber Optic,No,No,2,3.0,3,32.9,23.0,90.16,2,Single,Desktop,No
CUST-04394,34.0,Female,1,79.64,94.84,Month-to-Month,Bank Transfer,DSL,Yes,Yes,0,5.0,3,6.8,10.0,292.93,0,Divorced,Mobile,No
CUST-04395,53.0,Female,49,74.36,3607.53,One Year,Credit Card,Fiber Optic,No Internet,Yes,0,4.0,1,8.8,28.0,269.89,5,Married,Desktop,No
CUST-04396,22.0,Female,4,35.6,212.9,One Year,Credit Card,DSL,No,No,3,5.0,1,3.5,17.0,132.23,0,Married,Mobile,No
CUST-04397,29.0,Male,6,117.02,729.51,One Year,Electronic Check,DSL,Yes,No Internet,1,3.0,5,14.0,13.0,256.16,3,Divorced,Desktop,No
CUST-04398,28.0,Female,25,60.18,1555.39,One Year,Mailed Check,Fiber Optic,No,No,2,5.0,2,8.7,14.0,71.82,3,Divorced,Desktop,No
CUST-04399,57.0,Female,15,27.71,302.27,One Year,Bank Transfer,DSL,Yes,No,2,5.0,1,3.2,13.0,156.12,1,Divorced,Mobile,No
CUST-04400,55.0,Female,16,30.06,497.5,Two Year,Electronic Check,Fiber Optic,No,No Internet,2,3.0,1,5.6,21.0,248.61,3,Married,Desktop,No
CUST-04401,48.0,Female,3,76.39,271.28,Month-to-Month,Mailed Check,Fiber Optic,Yes,Yes,1,3.0,3,7.4,14.0,205.35,3,Married,Mobile,No
CUST-04402,57.0,Male,39,115.91,4605.5,One Year,Credit Card,Fiber Optic,No,No,3,4.0,1,1.2,11.0,134.63,2,Married,Mobile,Yes
CUST-04403,29.0,Female,23,75.2,1656.41,Month-to-Month,Mailed Check,DSL,No,Yes,3,2.0,3,1.0,11.0,160.62,4,Married,Mobile,No
CUST-04404,46.0,Male,3,112.9,399.01,Two Year,Bank Transfer,Fiber Optic,No,No,1,3.0,3,73.4,7.0,87.2,1,Single,Mobile,No
CUST-04405,40.0,Female,11,62.41,768.73,Month-to-Month,Mailed Check,None,No,No,1,5.0,1,39.4,7.0,169.08,1,Single,Desktop,Yes
CUST-04406,53.0,Male,39,61.58,2300.76,Two Year,Bank Transfer,Fiber Optic,No Internet,No Internet,0,3.0,1,13.5,10.0,40.76,0,Married,Desktop,No
CUST-04407,40.0,Male,20,68.0,1383.93,One Year,Credit Card,Fiber Optic,No Internet,No,0,4.0,1,4.2,107.0,227.08,1,Married,Mobile,No
CUST-04408,36.0,Male,2,87.74,206.36,One Year,Mailed Check,None,No Internet,No,4,4.0,2,4.0,6.0,298.48,2,Married,Desktop,No
CUST-04409,,Female,11,54.76,586.01,Month-to-Month,Credit Card,None,Yes,No,2,3.0,3,8.7,17.0,15.59,3,Married,Tablet,No
CUST-04410,54.0,Male,6,104.39,601.84,Month-to-Month,Mailed Check,Fiber Optic,No,Yes,2,4.0,1,7.3,71.0,237.76,1,Married,Mobile,No
CUST-04411,32.0,Female,17,20.93,389.2,One Year,Credit Card,None,No,No,2,5.0,3,19.8,0.0,251.93,1,Married,Mobile,No
CUST-04412,41.0,Male,44,61.98,2696.37,Month-to-Month,Electronic Check,DSL,No,No,1,4.0,5,7.8,27.0,10.15,3,Divorced,Mobile,No
CUST-04413,27.0,Female,13,69.1,887.44,Two Year,Bank Transfer,None,No Internet,Yes,2,4.0,4,46.6,61.0,175.44,1,Single,Desktop,No
CUST-04414,18.0,Female,13,78.7,1063.72,One Year,Mailed Check,DSL,Yes,No Internet,0,4.0,3,4.4,5.0,267.82,2,Married,Desktop,No
CUST-04415,44.0,Male,56,45.61,2641.86,Two Year,Credit Card,Fiber Optic,No,No Internet,1,1.0,5,1.0,50.0,170.33,1,Married,Mobile,No
CUST-04416,50.0,Male,20,60.75,1241.9,Month-to-Month,Bank Transfer,None,No,No,3,1.0,3,13.9,31.0,176.46,2,Married,Tablet,Yes
CUST-04417,45.0,Female,20,66.45,1335.67,Month-to-Month,Electronic Check,DSL,Yes,No,3,2.0,3,66.3,51.0,298.66,0,Married,Mobile,Yes
CUST-04418,18.0,Female,7,86.69,581.01,One Year,Mailed Check,DSL,No Internet,Yes,0,2.0,3,28.6,2.0,269.38,4,Divorced,Desktop,No
CUST-04419,,Female,22,95.35,2047.17,Month-to-Month,Bank Transfer,Fiber Optic,No,No,1,5.0,5,1.0,2.0,190.4,4,Single,Tablet,No
CUST-04420,18.0,Male,20,91.78,1891.08,Two Year,Bank Transfer,Fiber Optic,No,No,1,3.0,3,12.8,4.0,154.27,1,Single,Desktop,No
CUST-04421,61.0,Female,12,52.16,618.25,One Year,Bank Transfer,DSL,No Internet,No Internet,1,2.0,2,9.1,115.0,57.58,0,Married,Mobile,No
CUST-04422,26.0,Female,72,117.95,,Month-to-Month,Credit Card,Fiber Optic,No,No,2,4.0,1,21.9,63.0,253.23,3,Single,Mobile,Yes
CUST-04423,59.0,Male,51,102.87,5229.89,One Year,Electronic Check,Fiber Optic,No Internet,No Internet,0,4.0,2,4.4,25.0,85.7,3,Married,Desktop,No
CUST-04424,55.0,Male,33,44.0,1419.54,One Year,Credit Card,DSL,Yes,No Internet,1,2.0,3,4.2,22.0,1.97,1,Married,Mobile,No
CUST-04425,29.0,Male,18,37.51,696.22,One Year,Electronic Check,Fiber Optic,No,No,0,3.0,3,5.7,8.0,16.79,1,Single,Tablet,No
CUST-04426,26.0,Female,14,49.4,687.77,One Year,Bank Transfer,DSL,No,No,1,2.0,1,4.2,7.0,59.01,1,Married,Tablet,No
CUST-04427,46.0,Female,4,63.23,192.64,Month-to-Month,Credit Card,DSL,No,No,2,4.0,4,1.0,8.0,244.06,3,Married,Desktop,No
CUST-04428,30.0,Male,8,103.08,915.51,Month-to-Month,Bank Transfer,Fiber Optic,Yes,No,0,2.0,5,14.8,39.0,292.36,2,Married,Desktop,No
CUST-04429,43.0,Male,35,95.84,3323.05,One Year,Electronic Check,None,No,No Internet,1,4.0,3,14.2,30.0,215.0,3,Married,Tablet,Yes
CUST-04430,35.0,Male,14,103.12,1490.06,Month-to-Month,Bank Transfer,Fiber Optic,Yes,,2,2.0,1,28.6,20.0,49.87,2,Married,Desktop,No
CUST-04431,18.0,Male,51,45.2,2347.29,One Year,Credit Card,DSL,Yes,No,2,1.0,3,17.9,53.0,259.51,2,Married,Desktop,No
CUST-04432,18.0,Male,3,77.35,169.08,One Year,Credit Card,Fiber Optic,No,No,2,5.0,5,15.4,1.0,243.01,3,Single,Desktop,No
CUST-04433,45.0,Female,17,46.32,737.32,Two Year,Electronic Check,None,No,No,1,3.0,2,4.0,1.0,254.67,2,Married,Desktop,Yes
CUST-04434,34.0,Male,24,28.9,678.52,Two Year,Bank Transfer,Fiber Optic,No Internet,No,2,3.0,3,20.2,51.0,54.35,3,Married,Tablet,No
CUST-04435,34.0,Male,17,86.42,1425.86,One Year,Mailed Check,Fiber Optic,No,Yes,2,2.0,1,29.0,16.0,154.89,0,Married,Mobile,No
CUST-04436,51.0,Female,52,32.3,1765.92,Month-to-Month,Electronic Check,None,No,No,1,3.0,4,8.8,32.0,187.91,2,Divorced,Mobile,No
CUST-04437,58.0,Female,72,84.77,6093.43,Month-to-Month,Bank Transfer,Fiber Optic,Yes,No,1,2.0,4,11.7,15.0,203.32,3,Married,Mobile,Yes
CUST-04438,38.0,Female,2,82.8,210.09,Month-to-Month,Electronic Check,None,Yes,No,3,5.0,2,23.0,17.0,205.48,2,Married,Tablet,Yes
CUST-04439,37.0,Male,3,99.02,322.74,Month-to-Month,Bank Transfer,Fiber Optic,No,No,1,4.0,2,9.4,0.0,4.0,2,Single,Mobile,Yes
CUST-04440,49.0,Male,3,31.96,109.08,One Year,Mailed Check,DSL,Yes,No Internet,1,4.0,1,16.5,22.0,287.92,1,Married,Mobile,Yes
CUST-04441,23.0,Female,27,96.35,2603.47,Two Year,Bank Transfer,DSL,No,No Internet,3,4.0,2,3.6,1.0,173.78,2,Single,Desktop,No
CUST-04442,45.0,Female,11,117.93,1359.09,Month-to-Month,Credit Card,Fiber Optic,Yes,Yes,1,3.0,3,,12.0,58.25,0,Married,Mobile,No
CUST-04443,49.0,Male,31,103.1,3154.85,Month-to-Month,Electronic Check,Fiber Optic,No,No,2,3.0,1,1.0,4.0,229.87,2,Married,Desktop,No
CUST-04444,51.0,Female,12,93.18,1204.48,One Year,Electronic Check,Fiber Optic,No,No,1,2.0,1,3.5,7.0,16.21,0,Divorced,Desktop,No
CUST-04445,18.0,Female,23,84.22,,Two Year,Electronic Check,DSL,No Internet,No,2,1.0,3,,71.0,49.58,0,Married,Mobile,No
CUST-04446,31.0,Male,35,60.18,2145.38,Month-to-Month,Mailed Check,None,No,No Internet,3,3.0,3,13.6,104.0,119.0,1,Single,Mobile,Yes
CUST-04447,29.0,Female,19,91.05,1659.69,Month-to-Month,Bank Transfer,None,Yes,No,2,5.0,5,9.1,1.0,168.95,3,Married,Desktop,No
CUST-04448,,Female,18,90.42,1611.77,Two Year,Bank Transfer,Fiber Optic,No Internet,No,1,4.0,2,11.1,73.0,125.3,6,Married,Mobile,Yes
CUST-04449,48.0,Male,2,81.15,166.97,Month-to-Month,Bank Transfer,Fiber Optic,No,No,0,3.0,1,1.0,57.0,91.1,3,Married,Tablet,No
CUST-04450,62.0,Female,12,97.63,1147.23,One Year,Mailed Check,DSL,No Internet,No,2,5.0,3,9.2,21.0,221.09,4,Married,Desktop,No
CUST-04451,35.0,Female,18,62.88,1122.76,One Year,Mailed Check,Fiber Optic,Yes,No Internet,0,3.0,1,2.3,19.0,2.02,2,Single,Desktop,No
CUST-04452,35.0,Female,14,30.13,352.47,Month-to-Month,Mailed Check,Fiber Optic,No,Yes,2,3.0,1,29.3,14.0,203.53,3,Single,Desktop,Yes
CUST-04453,58.0,Male,55,73.91,4015.68,Month-to-Month,Credit Card,Fiber Optic,Yes,No,1,5.0,3,8.0,31.0,284.96,1,Single,Desktop,No
CUST-04454,46.0,Male,56,44.5,2516.91,Two Year,Bank Transfer,Fiber Optic,Yes,Yes,1,2.0,2,4.0,6.0,45.15,2,Single,Mobile,No
CUST-04455,59.0,Female,41,56.44,2315.52,Month-to-Month,Credit Card,Fiber Optic,Yes,Yes,1,3.0,2,10.8,2.0,256.72,1,Married,Tablet,No
CUST-04456,46.0,Male,11,19.74,182.61,Month-to-Month,Bank Transfer,DSL,No,Yes,2,3.0,2,6.8,117.0,55.59,2,Married,Tablet,Yes
CUST-04457,25.0,Male,30,56.28,1754.61,One Year,Credit Card,DSL,No Internet,Yes,0,4.0,4,9.2,51.0,126.26,1,Married,Mobile,No
CUST-04458,23.0,Male,12,98.88,,Month-to-Month,Credit Card,None,No,No,1,,3,19.4,14.0,292.51,2,Married,Mobile,No
CUST-04459,20.0,Male,6,72.27,415.54,One Year,Bank Transfer,DSL,No,No,0,3.0,2,10.7,2.0,236.02,0,Divorced,Mobile,Yes
CUST-04460,51.0,Female,10,18.98,164.52,Two Year,Bank Transfer,DSL,No Internet,Yes,2,2.0,2,37.0,94.0,107.82,1,Single,Desktop,No
CUST-04461,58.0,Male,1,64.98,95.73,Two Year,Credit Card,Fiber Optic,Yes,Yes,2,5.0,3,4.5,1.0,104.78,2,Single,Tablet,No
CUST-04462,67.0,Female,9,47.15,426.76,Month-to-Month,Credit Card,DSL,Yes,Yes,0,5.0,1,5.9,0.0,96.61,2,Single,Mobile,Yes
CUST-04463,53.0,Male,14,65.76,915.23,Month-to-Month,Electronic Check,Fiber Optic,Yes,No,0,3.0,3,22.5,10.0,108.75,3,Married,Tablet,No
CUST-04464,58.0,Female,72,58.47,4117.63,Month-to-Month,Credit Card,Fiber Optic,No Internet,No,1,3.0,4,22.9,41.0,292.76,1,Married,Mobile,Yes
CUST-04465,33.0,Male,9,111.2,1044.05,Two Year,Electronic Check,DSL,No,Yes,3,4.0,1,56.3,55.0,102.23,2,Married,Mobile,No
CUST-04466,25.0,Female,55,22.12,1205.71,Month-to-Month,Bank Transfer,DSL,No,No Internet,1,1.0,2,14.8,26.0,133.53,2,Single,Desktop,No
CUST-04467,53.0,Female,6,86.36,523.94,Month-to-Month,Electronic Check,DSL,No Internet,No Internet,1,5.0,1,12.8,18.0,63.64,2,Married,Mobile,No
CUST-04468,47.0,Male,5,103.1,478.07,Two Year,Credit Card,Fiber Optic,Yes,Yes,3,3.0,5,13.3,0.0,191.62,0,Single,Tablet,No
CUST-04469,43.0,Female,17,113.92,1891.35,One Year,Credit Card,None,Yes,Yes,1,2.0,4,6.7,12.0,249.81,0,Single,Mobile,No
CUST-04470,47.0,Male,26,35.76,1004.72,Month-to-Month,Electronic Check,DSL,No,No,1,3.0,1,7.3,2.0,85.79,2,Single,Mobile,No
CUST-04471,46.0,Female,1,71.13,0.0,Month-to-Month,Mailed Check,Fiber Optic,No,No Internet,2,5.0,5,4.9,7.0,63.83,0,Married,Tablet,Yes
CUST-04472,,Female,5,22.36,59.09,One Year,Credit Card,Fiber Optic,Yes,Yes,0,1.0,1,13.6,2.0,135.41,4,Married,Mobile,No
CUST-04473,60.0,Female,14,67.92,1024.9,One Year,Credit Card,DSL,Yes,No Internet,1,2.0,1,27.5,68.0,205.44,2,Married,Mobile,No
CUST-04474,49.0,Female,9,30.55,306.99,One Year,Mailed Check,Fiber Optic,No,Yes,4,2.0,1,15.1,36.0,121.98,1,Married,Mobile,No
CUST-04475,53.0,Male,29,101.79,2935.64,Month-to-Month,Credit Card,Fiber Optic,Yes,No,0,1.0,3,9.6,18.0,44.31,0,Divorced,Mobile,No
CUST-04476,49.0,Male,17,29.39,,Month-to-Month,Credit Card,Fiber Optic,No,Yes,1,2.0,5,1.0,80.0,54.11,1,Married,Tablet,Yes
CUST-04477,35.0,Male,4,69.33,299.66,One Year,Mailed Check,None,,No Internet,1,5.0,1,4.3,7.0,86.25,4,Single,Desktop,Yes
CUST-04478,52.0,Female,53,70.11,3727.46,Two Year,Electronic Check,Fiber Optic,No,No,1,3.0,5,28.0,92.0,250.36,2,Married,Mobile,No
CUST-04479,22.0,Female,8,115.17,932.64,Month-to-Month,Bank Transfer,DSL,No Internet,No,1,4.0,2,7.6,2.0,152.75,1,Married,Mobile,No
CUST-04480,56.0,Male,31,83.5,2611.76,Month-to-Month,Mailed Check,Fiber Optic,No,Yes,5,2.0,3,32.5,48.0,176.35,2,Single,Mobile,Yes
CUST-04481,25.0,Female,36,46.78,1709.36,One Year,Electronic Check,DSL,Yes,No,2,3.0,5,4.2,11.0,60.37,4,Married,Tablet,No
CUST-04482,46.0,Male,72,42.08,3139.56,One Year,Credit Card,DSL,No,No,2,5.0,1,12.9,4.0,196.35,2,Single,Desktop,No
CUST-04483,30.0,Male,16,30.82,483.38,Month-to-Month,Electronic Check,None,No,No Internet,0,2.0,2,49.8,32.0,251.64,0,Married,Mobile,Yes
CUST-04484,49.0,Female,22,93.65,,One Year,Bank Transfer,Fiber Optic,No Internet,No Internet,3,,3,12.2,30.0,60.03,1,Single,Mobile,No
CUST-04485,41.0,Male,9,87.08,721.88,Two Year,Electronic Check,Fiber Optic,No,No Internet,2,4.0,2,3.5,81.0,17.53,1,Married,Mobile,No
CUST-04486,19.0,Female,27,78.99,,One Year,Mailed Check,DSL,No,No Internet,3,3.0,1,3.9,9.0,199.21,0,Single,Mobile,No
CUST-04487,47.0,Male,14,22.08,402.26,Month-to-Month,Credit Card,DSL,No Internet,No Internet,0,2.0,3,2.6,43.0,244.76,2,Married,Mobile,No
CUST-04488,33.0,Female,13,,1274.86,Two Year,Electronic Check,DSL,No,Yes,0,4.0,1,1.0,76.0,205.29,3,Single,Desktop,Yes
CUST-04489,,Male,46,82.19,3753.56,Month-to-Month,Bank Transfer,None,No Internet,Yes,1,5.0,5,17.7,18.0,128.53,3,Married,Mobile,No
CUST-04490,42.0,Male,1,114.39,115.89,Month-to-Month,Credit Card,None,Yes,Yes,0,2.0,2,22.9,16.0,196.05,2,Divorced,Desktop,No
CUST-04491,47.0,Female,51,76.72,3847.9,One Year,Electronic Check,Fiber Optic,Yes,No,0,1.0,4,25.7,13.0,299.08,1,Married,Tablet,Yes
CUST-04492,28.0,Female,45,48.4,2129.54,One Year,Electronic Check,DSL,No,,3,4.0,4,1.1,123.0,187.08,0,Divorced,Desktop,Yes
CUST-04493,33.0,Male,16,56.15,905.87,Two Year,Mailed Check,Fiber Optic,Yes,No,3,4.0,1,42.8,28.0,158.44,1,Single,Mobile,No
CUST-04494,35.0,Male,16,35.58,544.56,Month-to-Month,Mailed Check,None,No,,1,3.0,2,14.5,76.0,161.93,1,Single,Desktop,No
CUST-04495,53.0,Female,10,90.29,850.67,Month-to-Month,Electronic Check,None,No,No Internet,2,3.0,4,1.4,17.0,140.71,2,Married,Desktop,Yes
CUST-04496,65.0,Male,72,88.77,6415.93,Two Year,Bank Transfer,Fiber Optic,No,No Internet,2,3.0,2,1.3,64.0,206.35,1,Divorced,Desktop,No
CUST-04497,30.0,Female,2,38.07,72.03,Month-to-Month,Bank Transfer,Fiber Optic,No Internet,No,0,3.0,2,10.7,18.0,253.43,3,Single,Tablet,No
CUST-04498,57.0,Female,21,33.85,632.47,Month-to-Month,Bank Transfer,Fiber Optic,No,No Internet,2,2.0,3,4.2,5.0,216.24,3,Single,Mobile,Yes
CUST-04499,18.0,Male,27,25.7,590.14,One Year,Credit Card,DSL,No Internet,Yes,1,4.0,3,4.1,27.0,67.62,5,Single,Mobile,Yes
CUST-04500,25.0,Male,65,109.2,7069.5,Two Year,Electronic Check,Fiber Optic,No,No,0,3.0,3,1.0,61.0,110.0,0,Married,Tablet,No
CUST-04501,28.0,Female,36,41.31,1407.75,One Year,Electronic Check,Fiber Optic,No,No,0,5.0,2,9.9,1.0,177.27,1,Single,Mobile,Yes
CUST-04502,23.0,Male,24,52.42,1164.63,Month-to-Month,Electronic Check,Fiber Optic,No,No,1,5.0,1,1.4,10.0,297.95,1,Married,Mobile,Yes
CUST-04503,19.0,Female,2,46.05,148.55,One Year,Mailed Check,Fiber Optic,No Internet,Yes,3,2.0,5,1.2,87.0,20.58,0,Married,Mobile,Yes
CUST-04504,47.0,Male,11,59.36,648.07,Two Year,Credit Card,Fiber Optic,Yes,No Internet,2,4.0,2,2.6,9.0,56.58,0,Married,Tablet,No
CUST-04505,39.0,Female,3,89.4,254.93,Two Year,Bank Transfer,Fiber Optic,No,No,3,5.0,3,1.0,15.0,232.41,2,Married,Desktop,No
CUST-04506,47.0,Male,51,105.06,5348.64,Month-to-Month,Electronic Check,DSL,Yes,No,3,4.0,2,1.6,11.0,57.69,5,Married,Desktop,Yes
CUST-04507,51.0,Female,33,36.26,1139.69,Two Year,Electronic Check,None,Yes,Yes,2,3.0,2,13.5,9.0,201.77,2,Single,Desktop,No
CUST-04508,45.0,Male,34,86.64,2966.31,Two Year,Credit Card,Fiber Optic,No Internet,No Internet,0,5.0,2,4.4,14.0,298.3,1,Single,Tablet,No
CUST-04509,51.0,Male,25,53.26,1324.96,One Year,Bank Transfer,Fiber Optic,Yes,No,3,4.0,1,1.1,57.0,192.24,1,Single,Tablet,Yes
CUST-04510,41.0,Female,16,116.05,1818.93,One Year,Credit Card,DSL,No,Yes,2,3.0,2,2.2,12.0,143.73,4,Married,Mobile,No
CUST-04511,25.0,Male,3,47.89,113.29,Month-to-Month,Electronic Check,None,No,Yes,2,4.0,5,1.0,36.0,249.79,1,Married,Tablet,Yes
CUST-04512,56.0,Male,9,18.72,107.11,One Year,Mailed Check,Fiber Optic,No Internet,No Internet,1,4.0,1,22.5,8.0,231.53,2,Divorced,Desktop,Yes
CUST-04513,33.0,Male,3,69.56,,One Year,Credit Card,Fiber Optic,No,No Internet,1,2.0,3,12.4,5.0,213.26,3,Married,Desktop,Yes
CUST-04514,28.0,Male,30,33.07,980.12,Month-to-Month,Credit Card,None,Yes,No,2,5.0,5,9.6,49.0,35.16,2,Divorced,Mobile,No
CUST-04515,39.0,Female,4,22.45,68.19,Month-to-Month,Credit Card,None,No,No,1,5.0,1,31.0,4.0,189.53,4,Single,Tablet,Yes
CUST-04516,,Female,29,87.83,2549.83,Month-to-Month,Credit Card,Fiber Optic,Yes,No Internet,0,3.0,1,1.2,44.0,3.98,0,Single,Mobile,No
CUST-04517,36.0,Male,28,91.23,2550.51,Two Year,Credit Card,DSL,No,No,2,4.0,4,1.0,30.0,16.95,1,Single,Tablet,No
CUST-04518,46.0,Female,14,64.07,908.52,One Year,Credit Card,None,No,No Internet,2,3.0,3,8.3,23.0,11.59,2,Divorced,Mobile,No
CUST-04519,46.0,Female,3,85.69,304.22,Month-to-Month,Bank Transfer,None,Yes,No,1,1.0,2,4.6,18.0,32.68,0,Married,Mobile,Yes
CUST-04520,29.0,Female,9,71.82,676.03,Two Year,Bank Transfer,DSL,No Internet,No Internet,0,5.0,2,,22.0,129.75,2,Married,Desktop,No
CUST-04521,35.0,Male,9,80.98,776.55,One Year,Electronic Check,Fiber Optic,Yes,No,2,2.0,5,35.1,4.0,283.87,0,Married,Tablet,No
CUST-04522,57.0,Female,28,77.67,2132.37,Two Year,Bank Transfer,Fiber Optic,Yes,No,4,1.0,1,8.9,8.0,22.46,0,Divorced,Tablet,No
CUST-04523,,Female,2,84.58,143.73,Month-to-Month,Electronic Check,DSL,Yes,Yes,1,5.0,2,2.8,0.0,216.4,3,Single,Desktop,No
CUST-04524,71.0,Female,42,37.96,1627.0,One Year,Mailed Check,DSL,Yes,No,0,1.0,2,24.0,36.0,152.2,3,Married,Mobile,No
CUST-04525,58.0,Male,34,44.87,1559.15,One Year,Bank Transfer,Fiber Optic,No,No,1,4.0,1,7.4,47.0,82.75,1,Married,Desktop,Yes
CUST-04526,58.0,Male,4,62.0,214.07,Month-to-Month,Credit Card,None,Yes,No,1,5.0,2,21.1,35.0,95.08,4,Married,Mobile,Yes
CUST-04527,22.0,Female,30,62.61,1908.88,Month-to-Month,Credit Card,DSL,No Internet,No,4,3.0,2,2.3,37.0,6.86,0,Divorced,Mobile,No
CUST-04528,52.0,Male,26,95.44,2434.26,Month-to-Month,Credit Card,None,No Internet,No,2,1.0,5,6.2,59.0,210.12,4,Divorced,Desktop,Yes
CUST-04529,41.0,Female,33,54.74,1830.47,One Year,Bank Transfer,None,No,No Internet,0,2.0,2,1.0,36.0,30.12,3,Single,Mobile,Yes
CUST-04530,34.0,Male,5,34.25,169.94,Month-to-Month,Electronic Check,None,No,No,3,5.0,5,4.0,12.0,10.41,2,Single,Desktop,Yes
CUST-04531,44.0,Female,4,43.15,103.38,Month-to-Month,Bank Transfer,Fiber Optic,No Internet,Yes,0,3.0,4,15.6,8.0,140.49,0,Married,Desktop,No
CUST-04532,55.0,Female,6,39.47,215.12,Month-to-Month,Credit Card,Fiber Optic,No,Yes,1,4.0,3,5.2,15.0,143.2,1,Married,Desktop,Yes
CUST-04533,49.0,Female,10,91.17,1020.81,Month-to-Month,Electronic Check,Fiber Optic,Yes,No,3,2.0,2,2.2,18.0,196.42,3,Divorced,Desktop,No
CUST-04534,29.0,Female,37,65.03,2416.25,Two Year,Credit Card,None,No,No,1,5.0,2,1.0,9.0,211.93,0,Married,Mobile,No
CUST-04535,52.0,Female,32,88.86,2958.54,Month-to-Month,Credit Card,Fiber Optic,Yes,Yes,1,3.0,1,13.8,10.0,152.64,2,Single,Mobile,No
CUST-04536,33.0,Male,62,59.62,3624.24,One Year,Electronic Check,DSL,No,No,1,3.0,2,1.2,37.0,212.41,1,Married,Mobile,No
CUST-04537,45.0,Female,1,106.97,144.51,Month-to-Month,Credit Card,DSL,No,No Internet,0,4.0,4,24.1,6.0,75.07,4,Divorced,Desktop,No
CUST-04538,37.0,Male,1,116.35,0.0,Month-to-Month,Electronic Check,Fiber Optic,No,No Internet,2,4.0,3,6.6,43.0,43.11,3,Married,Desktop,Yes
CUST-04539,38.0,Female,28,84.98,2379.43,Two Year,Mailed Check,None,Yes,Yes,1,2.0,4,5.5,8.0,279.44,0,Married,Mobile,No
CUST-04540,52.0,Male,7,104.38,762.22,Two Year,Electronic Check,Fiber Optic,Yes,Yes,3,5.0,1,14.7,15.0,111.98,1,Single,Mobile,Yes
CUST-04541,27.0,Female,9,68.79,661.0,Month-to-Month,Credit Card,Fiber Optic,No Internet,Yes,0,2.0,1,12.2,9.0,27.02,0,Single,Mobile,Yes
CUST-04542,69.0,Female,18,111.46,1966.32,Month-to-Month,Bank Transfer,DSL,No Internet,No Internet,2,2.0,3,65.8,51.0,248.13,0,Single,Mobile,No
CUST-04543,18.0,Male,2,101.16,254.27,Month-to-Month,Bank Transfer,None,No,Yes,0,1.0,3,1.0,15.0,183.93,8,Married,Mobile,Yes
CUST-04544,33.0,Male,24,117.18,,Month-to-Month,Mailed Check,Fiber Optic,No,Yes,0,1.0,1,28.6,115.0,177.58,0,Married,Tablet,Yes
CUST-04545,47.0,Female,9,80.31,714.59,One Year,Mailed Check,None,No,Yes,2,3.0,3,13.7,27.0,39.78,0,Single,Desktop,No
CUST-04546,50.0,Male,24,95.92,2280.41,Month-to-Month,Credit Card,Fiber Optic,No,No Internet,3,,2,32.1,0.0,227.21,1,Married,Desktop,Yes
CUST-04547,40.0,Male,43,72.29,3051.65,One Year,Mailed Check,Fiber Optic,Yes,No,1,2.0,4,17.8,50.0,61.09,2,Single,Mobile,No
CUST-04548,41.0,Male,4,43.91,254.13,One Year,Credit Card,Fiber Optic,No,No,2,5.0,2,21.6,35.0,12.63,2,Married,Desktop,No
CUST-04549,47.0,Female,64,53.48,3425.12,Month-to-Month,Bank Transfer,DSL,No Internet,No,2,5.0,1,23.2,8.0,48.32,1,Married,Desktop,No
CUST-04550,38.0,Female,18,107.4,1987.57,One Year,Bank Transfer,DSL,No Internet,No,1,,1,1.0,9.0,210.17,3,Divorced,Desktop,Yes
CUST-04551,61.0,Female,61,23.59,1491.23,Two Year,Credit Card,DSL,No,No,2,3.0,4,27.3,20.0,237.35,3,Divorced,Desktop,No
CUST-04552,53.0,Female,5,77.15,337.35,One Year,Mailed Check,Fiber Optic,Yes,Yes,1,3.0,4,17.1,32.0,73.98,2,Married,Mobile,No
CUST-04553,54.0,Male,22,55.25,1276.31,Two Year,Bank Transfer,Fiber Optic,No Internet,No,3,5.0,2,44.2,68.0,94.51,2,Married,Mobile,No
CUST-04554,28.0,Female,12,56.67,705.21,One Year,Electronic Check,DSL,No,No,2,2.0,1,2.1,5.0,48.82,0,Married,Mobile,Yes
CUST-04555,40.0,Male,35,106.46,3674.05,One Year,Mailed Check,Fiber Optic,No,No,0,4.0,2,38.2,5.0,135.83,2,Single,Desktop,No
CUST-04556,37.0,Male,22,,2296.8,Two Year,Electronic Check,Fiber Optic,Yes,Yes,2,2.0,2,28.9,35.0,66.02,3,Married,Desktop,No
CUST-04557,27.0,Male,16,77.88,1194.93,One Year,Bank Transfer,Fiber Optic,No,Yes,0,4.0,1,3.8,11.0,295.23,1,Married,Tablet,No
CUST-04558,47.0,Female,58,45.29,2707.14,One Year,Electronic Check,DSL,No,No Internet,2,4.0,1,2.0,7.0,230.09,1,Married,Mobile,Yes
CUST-04559,,Female,11,65.55,761.74,Month-to-Month,Bank Transfer,Fiber Optic,No,No,2,3.0,5,14.9,34.0,179.13,3,Married,Mobile,Yes
CUST-04560,51.0,Male,5,58.83,290.59,Two Year,Electronic Check,Fiber Optic,No,No,1,2.0,3,16.9,1.0,216.4,2,Single,Tablet,No
CUST-04561,,Female,22,53.36,1237.16,Month-to-Month,Credit Card,DSL,No,No,0,4.0,4,18.6,22.0,50.07,2,Single,Tablet,Yes
CUST-04562,66.0,Male,23,28.28,571.34,Month-to-Month,Electronic Check,Fiber Optic,No,Yes,4,1.0,2,28.0,30.0,223.08,2,Single,Desktop,Yes
CUST-04563,29.0,Male,13,72.31,902.56,One Year,Electronic Check,DSL,No,Yes,0,3.0,2,12.2,14.0,103.9,7,Married,Desktop,No
CUST-04564,45.0,Male,16,,758.26,One Year,Electronic Check,None,Yes,No,1,3.0,1,5.0,4.0,140.86,1,Divorced,Mobile,No
CUST-04565,53.0,Female,72,84.08,6165.54,One Year,Mailed Check,None,No,No,2,4.0,3,29.2,12.0,265.58,5,Divorced,Mobile,No
CUST-04566,34.0,Female,31,49.92,1494.0,One Year,Credit Card,Fiber Optic,Yes,No Internet,5,3.0,3,8.5,,283.26,4,Married,Mobile,No
CUST-04567,53.0,Male,2,61.12,36.87,Month-to-Month,Bank Transfer,DSL,No,Yes,2,3.0,1,8.6,5.0,230.57,2,Married,Mobile,Yes
CUST-04568,24.0,Female,5,23.24,43.98,Two Year,Bank Transfer,Fiber Optic,No,Yes,1,3.0,2,10.2,20.0,230.28,2,Married,Mobile,No
CUST-04569,62.0,Male,72,117.25,8487.31,One Year,Bank Transfer,Fiber Optic,No,Yes,3,3.0,5,27.1,12.0,223.36,5,Married,Desktop,No
CUST-04570,42.0,Female,31,68.76,2101.85,Two Year,Bank Transfer,Fiber Optic,No,No,1,4.0,4,53.0,69.0,187.92,0,Married,Mobile,No
CUST-04571,33.0,Female,59,20.42,1196.83,Month-to-Month,Credit Card,DSL,No,Yes,0,5.0,3,2.8,1.0,58.66,2,Married,Mobile,No
CUST-04572,37.0,Male,8,72.12,615.1,One Year,Electronic Check,DSL,Yes,Yes,1,2.0,1,2.0,33.0,176.53,3,Married,Desktop,No
CUST-04573,,Female,32,105.04,3353.38,One Year,Mailed Check,DSL,No,Yes,3,4.0,1,5.1,38.0,16.98,0,Married,Desktop,No
CUST-04574,33.0,Female,30,95.26,2868.01,Month-to-Month,Credit Card,Fiber Optic,Yes,Yes,2,1.0,2,35.2,28.0,9.21,3,Single,Mobile,Yes
CUST-04575,,Male,8,88.09,731.48,Two Year,Credit Card,None,No,No,0,4.0,2,11.3,22.0,251.4,1,Married,Mobile,No
CUST-04576,38.0,Female,19,31.95,585.52,Month-to-Month,Credit Card,Fiber Optic,No,No,2,4.0,1,1.0,3.0,162.16,1,Single,Mobile,No
CUST-04577,25.0,Female,23,83.77,1918.39,One Year,Bank Transfer,DSL,Yes,No,2,4.0,2,13.1,28.0,4.92,1,Single,Mobile,No
CUST-04578,67.0,Male,15,94.63,1431.55,One Year,Electronic Check,DSL,No,Yes,2,3.0,2,11.9,25.0,81.82,1,Married,Mobile,Yes
CUST-04579,34.0,Male,42,75.24,3203.49,One Year,Credit Card,Fiber Optic,No Internet,No,1,2.0,1,1.2,73.0,204.88,2,Divorced,Tablet,No
CUST-04580,53.0,Male,42,107.27,4465.72,One Year,Electronic Check,DSL,No,No Internet,2,3.0,2,2.4,61.0,281.81,2,Single,Mobile,No
CUST-04581,44.0,Female,45,45.7,1905.47,Month-to-Month,Credit Card,DSL,No,Yes,1,1.0,2,1.5,0.0,253.23,3,Divorced,Desktop,No
CUST-04582,28.0,Female,39,42.21,1680.17,One Year,Mailed Check,DSL,No Internet,No Internet,3,3.0,1,11.0,125.0,133.54,2,Single,Tablet,No
CUST-04583,41.0,Female,16,104.96,1725.75,Month-to-Month,Mailed Check,Fiber Optic,No,No,1,5.0,3,11.4,25.0,85.67,3,Single,Mobile,No
CUST-04584,52.0,Male,11,80.54,895.94,Month-to-Month,Mailed Check,Fiber Optic,No,Yes,0,3.0,1,9.2,74.0,93.04,3,Single,Mobile,No
CUST-04585,,Male,42,18.14,,Month-to-Month,Credit Card,None,Yes,Yes,0,4.0,3,9.0,4.0,220.09,2,Single,Tablet,No
CUST-04586,58.0,Male,16,53.31,824.74,Month-to-Month,Bank Transfer,Fiber Optic,Yes,Yes,3,3.0,5,13.0,35.0,241.33,0,Single,Desktop,No
CUST-04587,56.0,Female,6,103.79,647.75,One Year,Credit Card,DSL,No,No,3,2.0,1,16.3,18.0,109.64,2,Divorced,Mobile,No
CUST-04588,54.0,Female,16,20.73,374.34,Two Year,Electronic Check,Fiber Optic,Yes,No,5,3.0,2,49.8,4.0,186.86,3,Single,Tablet,Yes
CUST-04589,35.0,Female,3,18.32,,Month-to-Month,Credit Card,DSL,No,No Internet,2,1.0,1,11.8,0.0,223.68,1,Married,Mobile,No
CUST-04590,26.0,Male,28,46.13,1416.2,Month-to-Month,Electronic Check,Fiber Optic,Yes,No,1,5.0,2,4.6,7.0,253.71,2,Married,Mobile,Yes
CUST-04591,33.0,Female,9,109.4,906.41,Month-to-Month,Electronic Check,DSL,No Internet,No,0,4.0,4,55.1,,192.28,5,Married,Desktop,No
CUST-04592,44.0,Female,7,108.15,765.2,One Year,Electronic Check,DSL,No Internet,No,2,5.0,5,1.7,27.0,259.29,2,Married,Desktop,No
CUST-04593,49.0,Male,72,69.88,4972.64,Month-to-Month,Electronic Check,Fiber Optic,No Internet,No,4,5.0,4,5.6,10.0,84.46,2,Married,Desktop,Yes
CUST-04594,18.0,Female,36,73.32,2683.51,Month-to-Month,Bank Transfer,DSL,No Internet,Yes,1,4.0,3,34.9,92.0,209.63,2,Single,Mobile,Yes
CUST-04595,41.0,Male,37,51.2,1815.33,One Year,Credit Card,DSL,No Internet,Yes,1,4.0,3,43.2,30.0,120.62,1,Single,Mobile,No
CUST-04596,44.0,Male,23,42.37,907.81,Month-to-Month,Electronic Check,DSL,No,No,3,,1,15.5,43.0,278.59,0,Divorced,Tablet,Yes
CUST-04597,38.0,Male,43,99.52,4247.7,Month-to-Month,Mailed Check,Fiber Optic,No,Yes,2,2.0,1,1.0,17.0,65.63,4,Married,Desktop,No
CUST-04598,60.0,Male,34,28.63,986.71,Month-to-Month,Electronic Check,DSL,Yes,No,2,4.0,2,8.8,9.0,236.21,1,Married,Mobile,Yes
CUST-04599,47.0,Male,21,66.74,1371.77,Month-to-Month,Electronic Check,Fiber Optic,No,No,1,3.0,1,40.5,43.0,279.5,1,Married,Tablet,Yes
CUST-04600,60.0,Male,72,81.44,5834.41,Month-to-Month,Mailed Check,Fiber Optic,No,No,1,4.0,4,33.1,18.0,204.73,0,Single,Mobile,No
CUST-04601,38.0,Male,5,28.37,132.81,One Year,Bank Transfer,DSL,No,Yes,3,4.0,2,33.6,231.0,236.7,0,Divorced,Desktop,Yes
CUST-04602,55.0,Female,68,69.96,4745.17,Month-to-Month,Mailed Check,None,Yes,Yes,1,4.0,1,5.2,26.0,265.85,0,Married,Desktop,No
CUST-04603,64.0,Female,12,75.75,983.37,Month-to-Month,Credit Card,None,No,,1,4.0,1,26.1,55.0,92.86,2,Single,Mobile,No
CUST-04604,60.0,Female,18,92.25,1694.8,Month-to-Month,Bank Transfer,None,Yes,Yes,1,3.0,5,16.7,10.0,37.36,1,Single,Mobile,No
CUST-04605,26.0,Male,3,41.48,108.21,One Year,Credit Card,Fiber Optic,No,No,0,4.0,4,33.6,16.0,280.95,1,Single,Desktop,No
CUST-04606,38.0,Male,18,47.33,956.79,Two Year,Bank Transfer,Fiber Optic,No,No,2,5.0,5,15.2,8.0,11.25,0,Single,Mobile,No
CUST-04607,37.0,Male,22,74.95,1673.48,One Year,Credit Card,Fiber Optic,No Internet,Yes,2,3.0,5,7.1,44.0,,2,Divorced,Desktop,No
CUST-04608,48.0,Male,72,116.31,8325.87,One Year,Credit Card,DSL,No Internet,Yes,1,2.0,3,15.1,42.0,96.74,3,Married,Mobile,No
CUST-04609,51.0,Female,72,39.75,2874.83,One Year,Credit Card,DSL,Yes,No,3,4.0,2,6.6,26.0,166.38,1,Married,Mobile,No
CUST-04610,30.0,Female,72,116.59,8421.26,Month-to-Month,Bank Transfer,DSL,No Internet,Yes,1,3.0,2,1.0,39.0,296.8,2,Married,Mobile,No
CUST-04611,42.0,Female,10,89.43,859.92,Month-to-Month,Credit Card,Fiber Optic,No Internet,Yes,1,3.0,2,25.5,13.0,13.72,1,Married,Mobile,No
CUST-04612,18.0,Female,72,100.61,7191.29,Month-to-Month,Electronic Check,DSL,No,No,2,2.0,3,28.4,63.0,230.88,3,Single,Mobile,No
CUST-04613,62.0,Male,14,26.96,381.76,Month-to-Month,Credit Card,Fiber Optic,No Internet,Yes,3,4.0,5,20.7,76.0,7.37,2,Single,Desktop,No
CUST-04614,34.0,Male,45,48.04,2143.79,Month-to-Month,Bank Transfer,DSL,Yes,No Internet,2,4.0,2,3.9,32.0,78.37,1,Single,Mobile,No
CUST-04615,42.0,Female,5,23.77,192.81,One Year,Credit Card,Fiber Optic,No Internet,No,0,4.0,2,2.2,14.0,211.67,1,Divorced,Tablet,No
CUST-04616,37.0,Male,16,55.15,919.46,Month-to-Month,Credit Card,Fiber Optic,No,No,2,5.0,1,2.8,55.0,82.45,2,Married,Mobile,No
CUST-04617,58.0,Male,72,116.13,8329.32,Two Year,Mailed Check,DSL,No Internet,Yes,2,2.0,2,10.4,118.0,183.22,0,Single,Desktop,No
CUST-04618,18.0,Male,70,28.53,2018.4,Two Year,Electronic Check,DSL,No,Yes,0,5.0,1,4.6,25.0,290.04,0,Divorced,Desktop,No
CUST-04619,41.0,Male,27,74.24,2067.84,Two Year,Electronic Check,DSL,No,Yes,0,4.0,1,31.6,32.0,262.42,2,Single,Mobile,No
CUST-04620,40.0,Male,38,18.61,637.49,Month-to-Month,Bank Transfer,DSL,No,Yes,2,4.0,2,11.8,57.0,250.9,2,Married,Desktop,No
CUST-04621,35.0,Female,4,89.27,305.94,Two Year,Credit Card,Fiber Optic,No,No,0,4.0,3,9.0,33.0,58.06,0,Divorced,Mobile,No
CUST-04622,66.0,Female,30,37.72,1131.04,Two Year,Credit Card,None,No Internet,Yes,2,4.0,2,30.8,,81.53,1,Single,Mobile,No
CUST-04623,29.0,Male,23,30.96,713.86,Two Year,Electronic Check,Fiber Optic,No,No Internet,1,3.0,2,1.3,16.0,236.27,0,Married,Mobile,No
CUST-04624,52.0,Male,2,51.7,100.79,One Year,Electronic Check,None,No Internet,No Internet,1,5.0,3,30.7,28.0,219.15,3,Married,Desktop,Yes
CUST-04625,46.0,Female,2,95.1,174.66,One Year,Mailed Check,None,No,No,0,2.0,3,24.3,18.0,87.4,3,Divorced,Mobile,No
CUST-04626,59.0,Male,2,28.66,41.02,Month-to-Month,Credit Card,Fiber Optic,No Internet,No Internet,2,2.0,3,17.4,34.0,128.67,1,Single,Mobile,No
CUST-04627,32.0,Male,30,40.98,1248.61,Month-to-Month,Bank Transfer,DSL,No,Yes,1,1.0,1,1.8,9.0,194.56,1,Single,Desktop,No
CUST-04628,31.0,Male,3,18.85,113.25,Month-to-Month,Credit Card,None,Yes,No,2,4.0,1,1.0,5.0,157.66,5,Single,Tablet,No
CUST-04629,57.0,Male,15,114.84,1698.55,Two Year,Electronic Check,Fiber Optic,No,Yes,3,5.0,2,2.7,0.0,136.83,3,Married,Tablet,No
CUST-04630,47.0,Female,10,77.21,,Month-to-Month,Credit Card,None,Yes,No Internet,0,2.0,2,4.7,1.0,30.03,5,Single,Tablet,No
CUST-04631,20.0,Female,19,89.99,1807.84,Month-to-Month,Bank Transfer,Fiber Optic,No Internet,No,0,1.0,1,14.4,13.0,130.49,5,Married,Desktop,No
CUST-04632,34.0,Male,29,83.14,2477.52,Two Year,Mailed Check,Fiber Optic,No,No,2,,3,1.3,0.0,297.65,0,Divorced,Mobile,No
CUST-04633,47.0,Male,27,32.44,907.0,Month-to-Month,Electronic Check,None,No,No,3,5.0,2,3.0,9.0,102.58,1,Single,Mobile,Yes
CUST-04634,53.0,Male,17,77.49,1417.73,Two Year,Credit Card,Fiber Optic,No,Yes,0,1.0,4,3.4,21.0,208.2,0,Married,Tablet,No
CUST-04635,32.0,Male,14,31.14,421.45,One Year,Credit Card,Fiber Optic,No,No,0,2.0,2,16.7,40.0,151.74,7,Divorced,Tablet,Yes
CUST-04636,18.0,Female,12,58.12,655.81,Month-to-Month,Electronic Check,Fiber Optic,No,No Internet,1,1.0,5,6.4,26.0,238.42,3,Married,Desktop,No
CUST-04637,49.0,Female,47,74.9,3494.0,Month-to-Month,Electronic Check,None,No Internet,Yes,0,5.0,3,4.8,22.0,224.48,2,Single,Desktop,No
CUST-04638,24.0,Female,9,73.89,614.86,One Year,Electronic Check,Fiber Optic,No,No,1,2.0,4,1.0,8.0,283.32,1,Divorced,Desktop,Yes
CUST-04639,18.0,Female,7,29.91,215.46,Two Year,Credit Card,Fiber Optic,No,No,3,5.0,5,1.5,0.0,195.22,4,Married,Tablet,No
CUST-04640,18.0,Female,32,21.44,701.07,Two Year,Mailed Check,Fiber Optic,Yes,No,4,3.0,2,12.0,4.0,284.33,2,Single,Desktop,No
CUST-04641,53.0,Female,10,97.82,988.24,Month-to-Month,Electronic Check,Fiber Optic,No,No,2,3.0,3,15.1,120.0,12.47,0,Single,Mobile,Yes
CUST-04642,43.0,Male,45,90.59,4075.93,Month-to-Month,Mailed Check,DSL,Yes,No Internet,0,,4,,78.0,122.04,5,Married,Mobile,Yes
CUST-04643,38.0,Male,9,26.18,242.28,Month-to-Month,Bank Transfer,DSL,No,Yes,1,3.0,3,10.3,11.0,202.57,2,Married,Mobile,No
CUST-04644,61.0,Female,29,30.74,978.28,One Year,Credit Card,DSL,No,Yes,2,3.0,1,4.7,11.0,,2,Married,Mobile,No
CUST-04645,50.0,Male,1,107.26,138.26,Month-to-Month,Credit Card,None,No Internet,No,0,5.0,3,5.2,66.0,279.65,1,Married,Mobile,No
CUST-04646,64.0,Female,11,94.91,1090.14,Month-to-Month,Mailed Check,DSL,No,No,0,3.0,5,15.8,2.0,42.15,3,Married,Desktop,No
CUST-04647,22.0,Female,10,117.62,1185.74,One Year,Credit Card,Fiber Optic,Yes,No,0,5.0,3,8.3,5.0,144.06,1,Married,Desktop,No
CUST-04648,41.0,Female,40,43.4,1655.22,Month-to-Month,Credit Card,None,No,No Internet,1,3.0,3,2.6,3.0,256.85,0,Divorced,Desktop,No
CUST-04649,19.0,Male,72,66.78,4717.47,Month-to-Month,Credit Card,DSL,Yes,No,2,5.0,1,1.0,61.0,227.23,3,Single,Tablet,No
CUST-04650,38.0,Female,14,41.65,687.24,One Year,Electronic Check,DSL,Yes,No,1,4.0,3,4.5,0.0,237.36,5,Married,Mobile,No
CUST-04651,38.0,Male,41,80.28,3264.89,One Year,Mailed Check,None,No,,1,3.0,1,21.1,0.0,138.73,3,Married,Mobile,No
CUST-04652,50.0,Female,28,29.54,796.28,Month-to-Month,Electronic Check,Fiber Optic,No,Yes,3,4.0,5,16.4,50.0,101.53,6,Single,Desktop,Yes
CUST-04653,42.0,Male,72,30.72,2224.12,One Year,Electronic Check,DSL,Yes,No,2,2.0,4,1.5,30.0,151.9,8,Single,Tablet,No
CUST-04654,50.0,Female,39,25.19,1009.93,One Year,Mailed Check,None,Yes,No Internet,2,2.0,5,8.8,24.0,60.32,0,Single,Tablet,No
CUST-04655,51.0,Female,1,87.36,121.2,One Year,Credit Card,Fiber Optic,No,No,3,4.0,2,2.3,76.0,192.41,7,Married,Mobile,No
CUST-04656,72.0,Male,29,67.41,2043.61,Two Year,Mailed Check,None,No,No,4,4.0,2,9.6,19.0,235.94,2,Single,Mobile,No
CUST-04657,37.0,Male,18,79.77,1510.9,One Year,Bank Transfer,DSL,No,No,1,4.0,3,1.8,18.0,21.54,0,Married,Tablet,No
CUST-04658,28.0,Female,1,105.93,65.38,One Year,Bank Transfer,Fiber Optic,Yes,Yes,1,3.0,3,17.1,16.0,179.72,1,Single,Mobile,Yes
CUST-04659,45.0,Male,6,92.03,600.62,One Year,Credit Card,Fiber Optic,No,Yes,2,2.0,2,13.2,31.0,172.63,5,Single,Desktop,Yes
CUST-04660,30.0,Female,61,64.17,3895.17,One Year,Credit Card,Fiber Optic,No Internet,No,1,3.0,5,4.5,11.0,79.22,0,Married,Mobile,No
CUST-04661,62.0,Male,62,116.44,7212.4,Month-to-Month,Bank Transfer,DSL,No,No Internet,0,4.0,4,73.2,33.0,,4,Married,Mobile,Yes
CUST-04662,38.0,Female,38,63.63,2363.24,Month-to-Month,Credit Card,DSL,Yes,No Internet,1,2.0,3,13.3,36.0,149.94,5,Single,Mobile,Yes
CUST-04663,34.0,Female,72,29.25,2021.35,One Year,Bank Transfer,Fiber Optic,No,No,0,4.0,3,4.7,7.0,266.4,3,Divorced,Mobile,No
CUST-04664,35.0,Male,39,117.27,4571.95,Month-to-Month,Credit Card,Fiber Optic,No Internet,No,1,3.0,3,6.6,27.0,57.11,3,Single,Mobile,No
CUST-04665,52.0,Male,1,20.28,0.0,Month-to-Month,Credit Card,DSL,Yes,No,2,2.0,3,37.2,38.0,224.65,3,Married,Desktop,No
CUST-04666,39.0,Female,8,72.99,630.31,One Year,Mailed Check,Fiber Optic,No,No,1,3.0,3,3.4,97.0,23.79,3,Married,Desktop,Yes
CUST-04667,33.0,Male,1,48.91,34.86,Month-to-Month,Mailed Check,Fiber Optic,No Internet,No,0,3.0,4,3.4,83.0,20.44,1,Married,Tablet,Yes
CUST-04668,65.0,Male,2,68.36,152.15,One Year,Mailed Check,DSL,Yes,No,2,5.0,5,12.7,6.0,57.64,2,Married,Desktop,No
CUST-04669,30.0,Female,5,73.87,437.73,Month-to-Month,Electronic Check,Fiber Optic,No Internet,Yes,4,3.0,4,6.1,25.0,221.18,2,Married,Mobile,Yes
CUST-04670,42.0,Male,16,42.01,597.9,Month-to-Month,Electronic Check,Fiber Optic,No,Yes,1,1.0,1,5.4,19.0,299.09,1,Married,Desktop,Yes
CUST-04671,51.0,Male,45,73.69,3279.82,Month-to-Month,Electronic Check,Fiber Optic,No,No,0,5.0,2,7.9,12.0,243.29,1,Single,Tablet,Yes
CUST-04672,19.0,Female,47,93.61,4408.71,Month-to-Month,Electronic Check,DSL,No Internet,No,2,3.0,3,26.7,12.0,127.41,3,Married,Desktop,Yes
CUST-04673,48.0,Male,22,44.65,997.93,Month-to-Month,Bank Transfer,DSL,Yes,Yes,1,4.0,2,27.6,106.0,193.08,3,Single,Tablet,Yes
CUST-04674,27.0,Male,63,56.34,3604.59,Month-to-Month,Credit Card,Fiber Optic,No,No Internet,4,4.0,2,16.4,1.0,142.38,2,Married,Desktop,No
CUST-04675,53.0,Male,16,44.82,760.48,Month-to-Month,Credit Card,None,No Internet,No Internet,3,5.0,5,12.9,57.0,74.22,1,Single,Desktop,No
CUST-04676,28.0,Female,52,100.06,5207.97,One Year,Electronic Check,DSL,No,No,2,3.0,2,1.0,18.0,184.76,5,Single,Mobile,No
CUST-04677,51.0,Female,14,90.5,1282.17,Month-to-Month,Electronic Check,Fiber Optic,Yes,No,1,2.0,2,12.5,25.0,158.88,7,Married,Mobile,Yes
CUST-04678,57.0,Female,7,105.12,752.39,One Year,Bank Transfer,DSL,No,Yes,2,3.0,4,46.2,40.0,161.33,3,Single,Mobile,No
CUST-04679,54.0,Male,59,35.0,1991.51,One Year,Credit Card,DSL,Yes,No Internet,1,4.0,1,27.2,18.0,19.02,1,Married,Desktop,No
CUST-04680,45.0,Male,11,25.36,271.14,Month-to-Month,Credit Card,DSL,No,Yes,3,2.0,4,2.3,131.0,36.32,4,Married,Desktop,Yes
CUST-04681,38.0,Male,16,29.94,491.46,Month-to-Month,Electronic Check,None,No,Yes,0,3.0,2,54.7,60.0,149.91,3,Married,Desktop,No
CUST-04682,33.0,Male,9,34.1,329.83,Month-to-Month,Bank Transfer,DSL,No,No,0,4.0,2,3.7,7.0,107.61,2,Married,Tablet,Yes
CUST-04683,62.0,Female,26,71.31,1807.84,Two Year,Bank Transfer,DSL,No,No,0,2.0,3,2.0,33.0,127.5,2,Married,Mobile,No
CUST-04684,32.0,Male,72,115.09,8223.04,Two Year,Bank Transfer,Fiber Optic,Yes,No Internet,1,5.0,3,5.1,19.0,117.01,3,Married,Mobile,No
CUST-04685,27.0,Male,1,53.72,41.99,Month-to-Month,Electronic Check,DSL,Yes,No,0,4.0,5,2.3,,213.43,3,Married,Mobile,No
CUST-04686,51.0,Male,55,113.85,,One Year,Mailed Check,DSL,No Internet,Yes,4,3.0,1,3.8,13.0,53.57,0,Married,Desktop,No
CUST-04687,30.0,Female,1,21.82,0.0,Two Year,Mailed Check,DSL,Yes,No Internet,3,3.0,3,5.5,5.0,282.64,0,Married,Mobile,No
CUST-04688,28.0,Female,10,110.69,1165.6,One Year,Credit Card,None,Yes,No,3,3.0,4,13.4,18.0,141.12,3,Married,Mobile,No
CUST-04689,21.0,Female,4,36.12,223.72,Month-to-Month,Bank Transfer,DSL,No Internet,No,2,3.0,3,14.3,27.0,102.12,3,Divorced,Desktop,No
CUST-04690,35.0,Female,33,109.25,3607.52,Month-to-Month,Bank Transfer,None,No,No,0,3.0,5,11.5,48.0,6.35,1,Divorced,Desktop,No
CUST-04691,40.0,Female,1,23.62,0.0,Month-to-Month,Bank Transfer,DSL,No,No Internet,2,1.0,2,5.3,10.0,106.54,1,Married,Mobile,Yes
CUST-04692,45.0,Male,19,112.82,,One Year,Electronic Check,DSL,Yes,No,3,5.0,3,46.0,44.0,187.73,2,Married,Desktop,No
CUST-04693,55.0,Male,8,38.08,314.39,One Year,Credit Card,None,Yes,Yes,4,5.0,3,5.3,24.0,239.18,0,Married,Mobile,No
CUST-04694,49.0,Female,3,48.27,101.85,One Year,Electronic Check,Fiber Optic,No,No,3,3.0,1,7.7,8.0,,1,Married,Desktop,No
CUST-04695,39.0,Female,35,67.09,2315.21,Month-to-Month,Bank Transfer,Fiber Optic,No,No Internet,3,3.0,3,8.2,46.0,171.97,2,Single,Desktop,No
CUST-04696,39.0,Female,5,56.07,303.03,Two Year,Mailed Check,Fiber Optic,No Internet,Yes,1,3.0,2,1.0,27.0,130.83,1,Single,Desktop,No
CUST-04697,,Female,6,84.75,555.17,Two Year,Credit Card,DSL,No,Yes,1,2.0,2,8.4,92.0,157.63,0,Married,Desktop,Yes
CUST-04698,59.0,Female,7,115.48,792.22,Month-to-Month,Credit Card,Fiber Optic,Yes,No,1,1.0,4,6.2,10.0,288.54,2,Divorced,Mobile,No
CUST-04699,43.0,Female,21,78.64,1647.98,Month-to-Month,Electronic Check,Fiber Optic,No,No,2,3.0,3,1.1,108.0,289.83,4,Single,Mobile,Yes
CUST-04700,35.0,Female,25,90.15,2287.18,One Year,Electronic Check,DSL,Yes,No,0,1.0,3,25.0,24.0,240.99,4,Married,Mobile,No
CUST-04701,28.0,Female,1,26.8,18.18,Month-to-Month,Electronic Check,None,Yes,No Internet,4,1.0,3,18.7,18.0,50.05,2,Single,Desktop,Yes
CUST-04702,21.0,Male,6,80.78,469.71,Month-to-Month,Mailed Check,Fiber Optic,No,Yes,3,1.0,2,5.0,62.0,280.27,1,Single,Desktop,Yes
CUST-04703,51.0,Female,13,63.38,786.17,Month-to-Month,Bank Transfer,DSL,No,,1,,2,4.5,5.0,194.37,5,Divorced,Tablet,No
CUST-04704,50.0,Female,9,106.58,920.59,Two Year,Bank Transfer,DSL,Yes,No,1,2.0,2,35.3,18.0,143.34,5,Married,Desktop,No
CUST-04705,,Male,51,56.82,3031.26,Two Year,Mailed Check,None,No Internet,No,1,3.0,3,3.1,4.0,168.43,1,Married,Mobile,No
CUST-04706,40.0,Female,37,85.95,3170.34,Month-to-Month,Bank Transfer,Fiber Optic,No,Yes,1,3.0,3,31.0,28.0,142.93,5,Married,Desktop,Yes
CUST-04707,61.0,Female,23,40.82,1007.11,Two Year,Bank Transfer,Fiber Optic,Yes,No,2,3.0,2,1.2,1.0,143.46,2,Married,Mobile,No
CUST-04708,35.0,Male,9,43.94,479.66,One Year,Electronic Check,None,Yes,Yes,2,2.0,1,27.4,117.0,129.36,2,Married,Mobile,No
CUST-04709,55.0,Female,28,55.61,1547.9,Month-to-Month,Electronic Check,Fiber Optic,No Internet,No,2,5.0,2,11.7,0.0,268.75,1,Married,Mobile,Yes
CUST-04710,41.0,Male,44,48.41,2148.46,Two Year,Bank Transfer,Fiber Optic,No Internet,No,0,3.0,3,22.4,80.0,136.75,0,Married,Desktop,No
CUST-04711,33.0,Female,21,43.39,916.31,One Year,Credit Card,DSL,No,No,0,5.0,2,1.5,31.0,66.04,3,Single,Mobile,No
CUST-04712,50.0,Female,36,22.97,746.31,Two Year,Bank Transfer,Fiber Optic,No,No,1,3.0,2,8.2,51.0,68.63,0,Divorced,Mobile,No
CUST-04713,47.0,Male,33,101.67,3277.51,Month-to-Month,Credit Card,Fiber Optic,No,No,3,1.0,4,9.0,13.0,39.48,1,Single,Mobile,No
CUST-04714,46.0,Male,20,24.43,491.04,One Year,Mailed Check,None,No Internet,No Internet,0,5.0,2,10.9,8.0,166.28,1,Married,Mobile,No
CUST-04715,43.0,Female,8,106.74,,Month-to-Month,Credit Card,DSL,Yes,No,2,3.0,3,14.8,5.0,97.45,5,Single,Mobile,No
CUST-04716,41.0,Male,32,30.55,1072.18,Month-to-Month,Credit Card,DSL,No Internet,No,4,5.0,3,,22.0,173.22,0,Married,Mobile,Yes
CUST-04717,75.0,Male,5,24.53,110.82,One Year,Electronic Check,DSL,No Internet,Yes,0,4.0,3,8.9,9.0,279.26,5,Divorced,Mobile,No
CUST-04718,58.0,Female,36,74.3,2772.35,Two Year,Electronic Check,Fiber Optic,No,Yes,0,2.0,4,6.9,63.0,286.69,1,Divorced,Tablet,No
CUST-04719,52.0,Male,39,68.24,2637.54,One Year,Electronic Check,DSL,Yes,Yes,0,5.0,1,18.0,0.0,91.74,4,Married,Mobile,No
CUST-04720,43.0,Male,41,67.12,2847.53,Month-to-Month,Bank Transfer,None,No,No,0,1.0,4,35.9,2.0,66.06,1,Married,Mobile,No
CUST-04721,56.0,Female,15,75.45,1157.07,Month-to-Month,Mailed Check,None,Yes,No,0,3.0,3,1.8,7.0,16.6,0,Single,Mobile,No
CUST-04722,49.0,Female,5,46.71,261.71,Two Year,Bank Transfer,Fiber Optic,Yes,No,0,3.0,3,5.1,2.0,81.87,2,Married,Mobile,Yes
CUST-04723,42.0,Female,2,84.29,142.99,Month-to-Month,Bank Transfer,DSL,No Internet,No,3,3.0,2,3.7,52.0,151.89,4,Single,Mobile,No
CUST-04724,37.0,Female,32,68.24,2212.53,Month-to-Month,Electronic Check,DSL,No,No Internet,2,4.0,2,42.0,0.0,180.78,2,Single,Desktop,Yes
CUST-04725,40.0,Male,52,51.47,2761.08,Two Year,Credit Card,None,No,Yes,1,4.0,2,13.5,31.0,29.45,1,Single,Mobile,No
CUST-04726,18.0,Male,25,100.65,,Two Year,Mailed Check,DSL,Yes,No Internet,1,3.0,2,2.3,18.0,73.65,2,Single,Mobile,No
CUST-04727,44.0,Male,3,90.77,255.34,One Year,Bank Transfer,Fiber Optic,No,No,0,1.0,4,7.6,44.0,,3,Married,Mobile,No
CUST-04728,35.0,Female,65,57.36,3716.06,Month-to-Month,Mailed Check,Fiber Optic,No,Yes,1,1.0,3,9.6,15.0,232.86,1,Married,Desktop,No
CUST-04729,64.0,Female,72,102.76,7479.73,Month-to-Month,Credit Card,None,Yes,No,1,4.0,2,14.6,31.0,81.05,1,Single,Tablet,No
CUST-04730,42.0,Female,13,110.03,1473.16,One Year,Mailed Check,DSL,No,No,0,5.0,1,3.6,30.0,170.74,2,Single,Desktop,No
CUST-04731,25.0,Female,21,71.69,1577.87,Two Year,Electronic Check,DSL,Yes,No,1,5.0,3,10.5,13.0,138.07,2,Single,Mobile,No
CUST-04732,41.0,Female,36,39.5,1437.68,Two Year,Electronic Check,Fiber Optic,No,Yes,0,2.0,3,24.3,3.0,143.21,0,Married,Mobile,No
CUST-04733,27.0,Male,31,109.58,3398.95,One Year,Bank Transfer,DSL,No Internet,No,2,2.0,2,16.2,17.0,199.71,3,Single,Mobile,No
CUST-04734,48.0,Male,72,36.95,2681.6,Two Year,Mailed Check,Fiber Optic,Yes,Yes,0,4.0,1,1.7,62.0,123.12,2,Single,Desktop,No
CUST-04735,46.0,Male,2,22.84,99.19,Month-to-Month,Bank Transfer,DSL,Yes,Yes,3,4.0,3,36.5,47.0,74.95,2,Married,Mobile,Yes
CUST-04736,55.0,Male,20,,1002.64,Month-to-Month,Bank Transfer,Fiber Optic,No,No Internet,3,4.0,2,6.2,13.0,122.87,2,Divorced,Tablet,Yes
CUST-04737,30.0,Female,28,90.7,2608.03,Month-to-Month,Electronic Check,Fiber Optic,No,,2,5.0,4,8.3,60.0,247.13,1,Married,Mobile,No
CUST-04738,42.0,Male,52,110.33,5755.45,Two Year,Credit Card,Fiber Optic,No,No,0,3.0,3,17.7,17.0,168.63,1,Married,Desktop,No
CUST-04739,22.0,Female,49,81.73,,Month-to-Month,Credit Card,None,No,No,2,2.0,4,9.3,6.0,,2,Divorced,Desktop,Yes
CUST-04740,51.0,Female,72,113.18,8193.13,Month-to-Month,Electronic Check,None,Yes,No Internet,0,5.0,5,13.3,59.0,235.5,3,Married,Desktop,No
CUST-04741,49.0,Male,17,27.24,399.46,Two Year,Credit Card,Fiber Optic,No,No,0,4.0,2,9.7,20.0,247.68,3,Single,Mobile,No
CUST-04742,,Male,42,24.08,1054.32,Month-to-Month,Electronic Check,Fiber Optic,Yes,No,1,4.0,2,5.5,17.0,234.8,1,Single,Mobile,Yes
CUST-04743,42.0,Male,13,78.42,1064.54,Month-to-Month,Electronic Check,Fiber Optic,Yes,No,4,3.0,2,8.7,8.0,132.7,4,Single,Mobile,No
CUST-04744,47.0,Male,13,114.61,1506.42,One Year,Bank Transfer,DSL,No,Yes,1,4.0,1,5.6,43.0,241.07,1,Married,Desktop,No
CUST-04745,,Female,7,68.27,505.07,One Year,Credit Card,Fiber Optic,No,No,0,4.0,2,8.9,23.0,189.24,3,Married,Desktop,No
CUST-04746,,Male,40,23.15,980.94,Month-to-Month,Electronic Check,DSL,Yes,No,1,4.0,2,3.4,6.0,67.7,2,Married,Desktop,No
CUST-04747,43.0,Female,72,40.12,2863.86,Two Year,Electronic Check,DSL,Yes,No,2,4.0,1,1.0,9.0,28.49,0,Divorced,Mobile,No
CUST-04748,26.0,Female,7,42.48,337.03,Month-to-Month,Bank Transfer,Fiber Optic,No,No,3,4.0,4,18.0,14.0,149.66,0,Divorced,Mobile,Yes
CUST-04749,29.0,Female,1,51.79,109.94,Two Year,Bank Transfer,Fiber Optic,No,No Internet,1,5.0,2,2.0,22.0,174.87,3,Married,Mobile,No
CUST-04750,43.0,Female,40,22.36,982.4,One Year,Credit Card,DSL,Yes,No Internet,0,3.0,3,25.9,49.0,104.82,1,Married,Mobile,No
CUST-04751,57.0,Male,23,108.49,2439.98,Month-to-Month,Electronic Check,Fiber Optic,Yes,Yes,2,1.0,1,6.8,6.0,188.89,0,Married,Desktop,Yes
CUST-04752,38.0,Male,72,69.56,5028.75,Two Year,Electronic Check,None,No,Yes,1,2.0,1,4.3,40.0,45.23,2,Single,Mobile,No
CUST-04753,38.0,Male,6,85.09,462.47,Month-to-Month,Credit Card,Fiber Optic,Yes,No,1,5.0,5,7.9,74.0,241.9,4,Divorced,Desktop,Yes
CUST-04754,36.0,Male,1,24.72,0.0,Month-to-Month,Electronic Check,Fiber Optic,No,No,0,3.0,1,2.4,15.0,120.23,0,Divorced,Mobile,No
CUST-04755,34.0,Female,16,23.41,392.51,Two Year,Mailed Check,DSL,No,No,2,2.0,3,28.4,13.0,217.78,1,Single,Desktop,No
CUST-04756,46.0,Female,2,76.65,157.17,Month-to-Month,Credit Card,None,No Internet,No Internet,2,2.0,3,2.7,19.0,255.89,1,Married,Mobile,No
CUST-04757,21.0,Male,7,106.73,804.36,Month-to-Month,Electronic Check,DSL,No,Yes,2,1.0,2,10.2,50.0,71.66,1,Married,Mobile,Yes
CUST-04758,59.0,Male,3,70.85,,Month-to-Month,Mailed Check,None,No,Yes,2,2.0,1,2.7,2.0,163.63,3,Single,Mobile,Yes
CUST-04759,32.0,Male,6,,627.98,Month-to-Month,Mailed Check,None,No,Yes,1,5.0,2,1.0,14.0,37.5,2,Married,Mobile,Yes
CUST-04760,52.0,Female,2,99.1,208.78,Two Year,Credit Card,Fiber Optic,No,No,3,3.0,4,24.0,0.0,12.77,4,Married,Tablet,Yes
CUST-04761,24.0,Female,72,25.59,1799.39,Two Year,Bank Transfer,None,No,No,1,3.0,4,12.2,21.0,12.01,1,Married,Mobile,No
CUST-04762,51.0,Female,7,38.2,231.25,Month-to-Month,Mailed Check,Fiber Optic,No,Yes,1,4.0,3,1.2,86.0,285.05,1,Single,Mobile,Yes
CUST-04763,51.0,Female,14,83.77,1228.58,Month-to-Month,Credit Card,None,No Internet,No,1,4.0,3,33.5,5.0,13.44,1,Married,Mobile,No
CUST-04764,47.0,Male,54,62.35,,One Year,Bank Transfer,Fiber Optic,No Internet,No,2,5.0,2,7.5,8.0,180.95,2,Single,Desktop,No
CUST-04765,28.0,Male,27,47.07,1330.01,Month-to-Month,Bank Transfer,DSL,,Yes,0,4.0,3,8.3,36.0,17.22,3,Divorced,Desktop,No
CUST-04766,45.0,Male,23,59.86,1407.15,Month-to-Month,Electronic Check,DSL,No Internet,Yes,0,2.0,4,10.2,35.0,214.39,1,Single,Mobile,No
CUST-04767,25.0,Male,29,62.52,1735.7,Month-to-Month,Bank Transfer,Fiber Optic,No,No Internet,4,5.0,3,3.8,27.0,146.8,3,Single,Mobile,Yes
CUST-04768,38.0,Female,42,109.06,4607.04,Month-to-Month,Mailed Check,None,No,No Internet,1,,2,12.0,8.0,62.51,1,Married,Mobile,Yes
CUST-04769,56.0,Female,50,28.35,1443.62,One Year,Credit Card,None,No,Yes,1,3.0,3,4.3,2.0,180.99,3,Married,Mobile,No
CUST-04770,53.0,Female,24,45.97,1124.43,Two Year,Electronic Check,None,Yes,Yes,2,3.0,1,27.1,7.0,100.26,1,Single,Mobile,No
CUST-04771,42.0,Female,52,71.76,3724.43,One Year,Bank Transfer,DSL,No Internet,No,1,5.0,5,26.2,30.0,45.45,3,Divorced,Desktop,No
CUST-04772,28.0,Male,18,87.83,1533.94,One Year,Credit Card,Fiber Optic,No,No,0,2.0,5,9.7,10.0,221.93,3,Married,Tablet,No
CUST-04773,51.0,Male,7,81.06,634.73,Month-to-Month,Credit Card,Fiber Optic,No,No,1,2.0,5,11.4,55.0,114.53,3,Single,Tablet,No
CUST-04774,42.0,Female,50,112.16,5602.92,Two Year,Mailed Check,Fiber Optic,No,No,0,3.0,1,74.2,28.0,140.75,4,Single,Desktop,No
CUST-04775,18.0,Female,18,97.56,,Two Year,Electronic Check,DSL,No,No,2,4.0,3,23.8,1.0,11.6,4,Single,Mobile,No
CUST-04776,52.0,Male,56,73.71,4150.63,Two Year,Electronic Check,Fiber Optic,Yes,No Internet,1,3.0,3,1.0,2.0,169.12,1,Married,Mobile,No
CUST-04777,41.0,Female,1,39.47,2.33,Month-to-Month,Electronic Check,Fiber Optic,Yes,No,0,3.0,2,2.8,9.0,154.12,1,Divorced,Desktop,No
CUST-04778,58.0,Female,12,63.09,709.63,One Year,Credit Card,Fiber Optic,No Internet,Yes,1,3.0,4,13.6,25.0,224.55,2,Married,Mobile,No
CUST-04779,26.0,Male,70,87.34,6095.03,One Year,Electronic Check,Fiber Optic,No Internet,No,0,2.0,3,7.0,82.0,143.44,2,Single,Mobile,No
CUST-04780,18.0,Female,6,101.8,577.53,Month-to-Month,Credit Card,Fiber Optic,No Internet,Yes,0,4.0,3,24.4,3.0,253.21,2,Single,Mobile,No
CUST-04781,45.0,Male,68,113.97,7704.35,Two Year,Electronic Check,DSL,Yes,No,1,3.0,1,15.4,53.0,104.4,3,Married,Desktop,No
CUST-04782,46.0,Female,72,78.55,5695.92,Month-to-Month,Credit Card,None,No,No,1,3.0,5,70.1,25.0,224.14,3,Married,Mobile,Yes
CUST-04783,18.0,Female,51,70.69,3599.5,Month-to-Month,Electronic Check,DSL,No,No,1,1.0,3,1.0,13.0,72.52,1,Married,Desktop,No
CUST-04784,28.0,Female,19,19.77,438.24,Month-to-Month,Electronic Check,Fiber Optic,,Yes,1,4.0,5,8.7,30.0,258.97,3,Married,Mobile,No
CUST-04785,80.0,Male,24,25.21,562.31,Month-to-Month,Bank Transfer,DSL,No,No Internet,1,4.0,1,7.9,46.0,105.57,7,Divorced,Mobile,Yes
CUST-04786,37.0,Male,48,33.61,1526.9,Two Year,Bank Transfer,Fiber Optic,Yes,No,1,5.0,3,8.5,13.0,220.92,1,Single,Tablet,No
CUST-04787,52.0,Male,35,23.48,829.24,Month-to-Month,Credit Card,None,Yes,Yes,4,2.0,3,32.5,75.0,241.27,1,Single,Desktop,Yes
CUST-04788,32.0,Male,23,58.09,1428.87,Month-to-Month,Mailed Check,DSL,Yes,Yes,1,5.0,1,7.8,24.0,49.24,2,Single,Desktop,No
CUST-04789,18.0,Female,72,51.69,3748.23,One Year,Credit Card,None,No,Yes,0,3.0,1,23.9,5.0,240.37,2,Single,Desktop,No
CUST-04790,39.0,Female,27,81.74,2367.75,Month-to-Month,Bank Transfer,DSL,No,No,2,4.0,3,15.0,23.0,86.89,2,Married,Mobile,No
CUST-04791,38.0,Male,72,71.57,5169.64,One Year,Credit Card,DSL,No Internet,Yes,3,5.0,3,10.0,43.0,178.56,1,Single,Mobile,No
CUST-04792,36.0,Male,1,77.6,89.38,One Year,Mailed Check,None,Yes,Yes,0,5.0,4,17.7,26.0,156.48,1,Single,Desktop,No
CUST-04793,40.0,Male,3,65.2,87.83,Month-to-Month,Electronic Check,Fiber Optic,No,Yes,1,,3,3.9,26.0,175.68,1,Married,Mobile,Yes
CUST-04794,45.0,Male,14,45.77,662.18,Two Year,Credit Card,DSL,No Internet,No,4,3.0,1,2.3,0.0,236.58,3,Single,Mobile,No
CUST-04795,39.0,Male,11,113.28,1254.51,One Year,Electronic Check,None,No,No,3,3.0,5,,18.0,249.39,2,Married,Desktop,Yes
CUST-04796,24.0,Male,36,26.64,938.67,One Year,Mailed Check,Fiber Optic,Yes,Yes,1,4.0,2,,13.0,75.23,2,Single,Mobile,Yes
CUST-04797,48.0,Female,4,111.89,440.72,Two Year,Electronic Check,DSL,Yes,No Internet,1,4.0,3,5.4,1.0,56.77,4,Married,Tablet,No
CUST-04798,18.0,Male,72,49.12,3533.23,One Year,Bank Transfer,None,No,No Internet,0,4.0,2,4.6,34.0,25.11,1,Divorced,Tablet,No
CUST-04799,18.0,Female,9,69.27,614.43,Month-to-Month,Credit Card,Fiber Optic,Yes,No,2,2.0,1,14.6,6.0,211.8,0,Married,Mobile,Yes
CUST-04800,52.0,Female,13,28.88,,Month-to-Month,Credit Card,DSL,No Internet,No,1,4.0,5,84.5,12.0,142.86,0,Single,Mobile,No
CUST-04801,49.0,Male,7,25.09,157.09,One Year,Credit Card,None,No,No,1,2.0,3,33.8,25.0,44.82,0,Divorced,Desktop,Yes
CUST-04802,41.0,Female,20,60.95,1227.47,Two Year,Electronic Check,Fiber Optic,No,No,2,4.0,1,7.7,17.0,144.98,1,Single,Mobile,No
CUST-04803,22.0,Female,1,92.17,71.97,Month-to-Month,Electronic Check,Fiber Optic,No,No,3,5.0,2,33.8,,295.37,2,Married,Mobile,Yes
CUST-04804,32.0,Female,3,44.94,173.99,Month-to-Month,Mailed Check,None,No Internet,No,1,4.0,3,9.2,55.0,167.33,0,Married,Mobile,Yes
CUST-04805,38.0,Male,32,74.23,2384.2,One Year,Electronic Check,None,No,No,0,4.0,3,1.7,5.0,261.62,1,Married,Desktop,No
CUST-04806,19.0,Male,4,45.87,169.48,One Year,Credit Card,DSL,No,No,2,1.0,1,3.1,9.0,26.51,1,Single,Mobile,Yes
CUST-04807,31.0,Female,6,56.86,244.86,Month-to-Month,Electronic Check,None,No Internet,No,1,2.0,3,4.2,6.0,270.62,4,Married,Mobile,No
CUST-04808,51.0,Female,37,108.64,4031.85,Two Year,Electronic Check,Fiber Optic,No Internet,No Internet,0,3.0,2,37.5,20.0,167.44,1,Married,Mobile,Yes
CUST-04809,61.0,Male,2,103.58,191.68,Two Year,Bank Transfer,Fiber Optic,Yes,Yes,2,5.0,2,57.9,2.0,161.99,3,Single,Mobile,No
CUST-04810,36.0,Male,13,69.6,901.76,One Year,Electronic Check,None,Yes,No Internet,1,3.0,2,3.9,40.0,41.32,3,Married,Mobile,No
CUST-04811,52.0,Male,1,41.81,0.0,Month-to-Month,Credit Card,Fiber Optic,Yes,No Internet,1,5.0,2,7.7,4.0,137.06,0,Divorced,Desktop,No
CUST-04812,18.0,Male,10,37.32,444.86,One Year,Credit Card,DSL,Yes,No Internet,1,2.0,4,59.9,87.0,145.36,1,Married,Tablet,No
CUST-04813,51.0,Female,28,113.41,3218.32,Month-to-Month,Bank Transfer,Fiber Optic,No Internet,Yes,1,4.0,1,28.2,55.0,42.0,5,Single,Desktop,No
CUST-04814,30.0,Male,2,38.27,148.08,One Year,Credit Card,Fiber Optic,No,Yes,0,4.0,1,8.8,104.0,100.67,4,Married,Mobile,No
CUST-04815,46.0,Male,52,98.82,5195.99,Month-to-Month,Bank Transfer,DSL,No,No Internet,2,4.0,1,9.0,1.0,263.66,2,Single,Mobile,No
CUST-04816,38.0,Female,57,54.9,3158.92,One Year,Bank Transfer,None,Yes,No Internet,4,4.0,4,31.6,6.0,10.01,3,Married,Mobile,No
CUST-04817,60.0,Male,2,116.57,176.03,Month-to-Month,Mailed Check,None,No Internet,Yes,0,4.0,2,1.0,97.0,157.1,3,Single,Tablet,Yes
CUST-04818,29.0,Female,72,54.82,4039.21,Two Year,Mailed Check,Fiber Optic,No Internet,No,1,3.0,3,40.0,125.0,234.5,1,Married,Desktop,No
CUST-04819,50.0,Female,8,53.15,378.82,One Year,Mailed Check,Fiber Optic,No,Yes,1,5.0,1,1.4,9.0,290.32,2,Divorced,Desktop,No
CUST-04820,38.0,Male,2,81.75,150.08,Two Year,Mailed Check,DSL,No,Yes,3,3.0,1,34.8,27.0,197.43,2,Married,Mobile,No
CUST-04821,39.0,Female,1,114.15,149.5,Month-to-Month,Mailed Check,None,No,Yes,3,3.0,3,1.0,6.0,12.09,3,Divorced,Mobile,No
CUST-04822,39.0,Female,12,115.62,1425.27,Month-to-Month,Electronic Check,Fiber Optic,No,Yes,1,4.0,3,52.2,67.0,215.73,1,Married,Mobile,Yes
CUST-04823,30.0,Male,23,88.72,2069.17,Month-to-Month,Mailed Check,DSL,Yes,No,0,2.0,3,1.0,4.0,218.74,2,Married,Mobile,No
CUST-04824,41.0,Male,9,93.46,821.13,Month-to-Month,Electronic Check,None,No,Yes,0,3.0,3,50.3,34.0,161.14,0,Married,Mobile,Yes
CUST-04825,41.0,Female,43,74.34,3166.27,Month-to-Month,Electronic Check,None,No,No Internet,3,3.0,3,1.0,10.0,113.34,4,Single,Desktop,No
CUST-04826,45.0,Female,30,93.58,2934.13,One Year,Credit Card,Fiber Optic,No,No,2,3.0,1,2.0,14.0,131.9,1,Married,Mobile,No
CUST-04827,43.0,Female,10,103.98,1037.83,One Year,Electronic Check,DSL,No,No,1,4.0,3,49.4,23.0,283.56,2,Married,Mobile,No
CUST-04828,53.0,Male,31,66.61,2056.82,Month-to-Month,Mailed Check,DSL,No Internet,No Internet,2,3.0,2,23.5,16.0,266.22,0,Married,Desktop,No
CUST-04829,54.0,Female,67,79.99,5323.65,Month-to-Month,Bank Transfer,Fiber Optic,No,No,1,5.0,4,27.5,22.0,85.24,1,Single,Mobile,Yes
CUST-04830,27.0,Male,2,71.73,155.69,One Year,Credit Card,Fiber Optic,No,Yes,5,3.0,3,8.5,34.0,22.22,1,Single,Mobile,Yes
CUST-04831,54.0,Female,8,74.25,603.9,Month-to-Month,Bank Transfer,Fiber Optic,No Internet,No,4,3.0,2,1.3,10.0,223.5,2,Married,Mobile,No
CUST-04832,25.0,Female,14,107.0,1497.19,Two Year,Electronic Check,Fiber Optic,No,No,1,5.0,3,2.4,,159.9,2,Single,Mobile,No
CUST-04833,50.0,Female,16,53.56,876.05,Month-to-Month,Electronic Check,Fiber Optic,No,No,0,3.0,4,38.6,16.0,192.08,3,Married,Desktop,No
CUST-04834,50.0,Female,18,38.82,786.94,Month-to-Month,Bank Transfer,Fiber Optic,No,No,2,2.0,1,7.3,0.0,283.16,3,Married,Mobile,No
CUST-04835,18.0,Female,8,63.63,479.29,Month-to-Month,Credit Card,None,No,No,1,,4,21.1,56.0,282.86,3,Single,Desktop,Yes
CUST-04836,43.0,Female,26,38.81,1011.21,Month-to-Month,Mailed Check,Fiber Optic,Yes,No,2,5.0,1,17.6,9.0,249.06,0,Married,Desktop,Yes
CUST-04837,35.0,Male,24,67.84,1595.77,Two Year,Electronic Check,None,No,No,0,2.0,3,9.6,59.0,79.48,4,Single,Tablet,Yes
CUST-04838,31.0,Female,20,108.35,2181.73,Month-to-Month,Credit Card,None,No Internet,No,4,5.0,2,29.6,40.0,240.41,0,Divorced,Mobile,No
CUST-04839,60.0,Female,2,79.74,131.06,One Year,Electronic Check,DSL,No,Yes,2,3.0,2,15.9,15.0,254.14,2,Married,Mobile,No
CUST-04840,32.0,Male,15,103.54,1526.83,Month-to-Month,Bank Transfer,None,No,No Internet,4,1.0,1,20.2,31.0,0.27,0,Married,Tablet,Yes
CUST-04841,30.0,Female,10,34.62,273.22,One Year,Bank Transfer,DSL,Yes,No,4,4.0,1,27.2,144.0,122.57,1,Married,Mobile,No
CUST-04842,43.0,Male,16,108.09,1734.33,Two Year,Mailed Check,None,No Internet,No,0,5.0,3,3.8,11.0,93.9,2,Single,Mobile,No
CUST-04843,51.0,Female,61,78.18,4790.47,Two Year,Mailed Check,Fiber Optic,No,No,2,3.0,1,5.2,17.0,253.18,3,Single,Tablet,No
CUST-04844,,Female,15,21.18,410.72,Month-to-Month,Bank Transfer,Fiber Optic,No,Yes,2,4.0,3,21.1,4.0,32.34,4,Single,Tablet,No
CUST-04845,58.0,Male,1,81.31,104.79,Two Year,Credit Card,DSL,No,No,1,2.0,5,26.5,61.0,186.65,2,Single,Mobile,No
CUST-04846,49.0,Female,13,113.14,1448.34,Month-to-Month,Credit Card,DSL,No,No,0,5.0,3,13.7,24.0,152.76,0,Married,Desktop,Yes
CUST-04847,18.0,Male,41,25.92,994.74,Month-to-Month,Mailed Check,DSL,Yes,No,3,2.0,1,75.1,3.0,277.52,1,Divorced,Desktop,No
CUST-04848,34.0,Female,36,,2683.94,One Year,Mailed Check,None,Yes,No,4,2.0,2,31.6,27.0,142.27,1,Single,Desktop,No
CUST-04849,34.0,Male,17,109.55,1797.57,Two Year,Bank Transfer,Fiber Optic,Yes,No,2,5.0,4,24.2,18.0,23.07,0,Married,Desktop,No
CUST-04850,48.0,Male,6,18.97,207.72,Month-to-Month,Bank Transfer,Fiber Optic,No,No,3,5.0,5,4.2,11.0,266.8,2,Married,Mobile,No
CUST-04851,18.0,Male,15,81.09,1230.74,One Year,Bank Transfer,None,No,No,3,4.0,3,6.1,0.0,180.35,1,Single,Desktop,No
CUST-04852,77.0,Male,19,65.49,1215.16,Month-to-Month,Mailed Check,DSL,No,No,5,2.0,2,6.7,7.0,200.49,1,Divorced,Tablet,Yes
CUST-04853,49.0,Female,72,52.7,3746.41,Month-to-Month,Bank Transfer,Fiber Optic,No,Yes,1,4.0,2,1.5,6.0,216.01,3,Divorced,Tablet,No
CUST-04854,44.0,Female,24,80.75,1895.19,Two Year,Bank Transfer,Fiber Optic,Yes,No,2,5.0,3,19.7,37.0,248.34,1,Divorced,Desktop,No
CUST-04855,58.0,Male,28,23.27,621.1,One Year,Electronic Check,DSL,No,No,3,4.0,3,8.0,9.0,221.63,5,Single,Mobile,No
CUST-04856,74.0,Male,16,93.31,1558.77,Month-to-Month,Credit Card,None,Yes,No,2,2.0,2,14.6,115.0,77.18,3,Single,Desktop,Yes
CUST-04857,54.0,Male,10,18.45,183.0,One Year,Credit Card,Fiber Optic,No,No,4,5.0,1,18.5,6.0,287.42,2,Single,Mobile,Yes
CUST-04858,55.0,Female,40,48.69,1875.23,One Year,Bank Transfer,DSL,No,No Internet,1,5.0,3,1.0,67.0,43.62,2,Married,Desktop,No
CUST-04859,43.0,Female,16,68.4,1209.92,One Year,Electronic Check,Fiber Optic,Yes,,2,4.0,3,1.0,13.0,124.31,2,Married,Mobile,No
CUST-04860,40.0,Male,72,55.7,3953.39,Month-to-Month,Electronic Check,None,No,No,2,5.0,1,6.1,222.0,159.73,2,Divorced,Mobile,Yes
CUST-04861,35.0,Female,14,48.75,652.96,Month-to-Month,Bank Transfer,DSL,No,No,2,1.0,3,16.0,48.0,16.14,2,Single,Desktop,Yes
CUST-04862,30.0,Male,1,101.08,166.59,Two Year,Credit Card,Fiber Optic,No,No,1,3.0,1,9.8,27.0,37.4,3,Divorced,Mobile,No
CUST-04863,32.0,Female,27,111.48,3030.72,One Year,Bank Transfer,None,No,No Internet,1,2.0,4,41.9,53.0,56.67,3,Divorced,Desktop,Yes
CUST-04864,23.0,Female,1,105.37,81.87,One Year,Credit Card,None,Yes,Yes,3,5.0,3,4.5,68.0,261.06,1,Married,Tablet,No
CUST-04865,40.0,Female,6,70.24,359.87,One Year,Credit Card,Fiber Optic,No,No,0,5.0,1,1.6,180.0,180.42,4,Married,Mobile,No
CUST-04866,18.0,Female,10,106.42,1015.87,Month-to-Month,Electronic Check,DSL,No Internet,No Internet,4,5.0,2,1.8,5.0,30.22,0,Married,Mobile,No
CUST-04867,44.0,Female,32,110.09,3477.56,One Year,Mailed Check,Fiber Optic,No,Yes,4,3.0,4,3.8,26.0,219.85,1,Divorced,Mobile,No
CUST-04868,41.0,Female,16,58.92,943.07,Month-to-Month,Electronic Check,Fiber Optic,Yes,No,2,3.0,4,4.0,14.0,136.89,0,Married,Desktop,Yes
CUST-04869,44.0,Female,1,46.34,55.89,Month-to-Month,Electronic Check,DSL,No,No,0,5.0,1,,14.0,47.74,4,Married,Mobile,Yes
CUST-04870,34.0,Male,23,27.83,632.66,Month-to-Month,Electronic Check,Fiber Optic,Yes,No Internet,1,4.0,1,12.5,30.0,168.45,2,Married,Desktop,Yes
CUST-04871,80.0,Male,12,65.91,788.96,One Year,Mailed Check,Fiber Optic,No Internet,No,2,1.0,3,4.3,21.0,115.4,1,Divorced,Tablet,No
CUST-04872,61.0,Male,61,112.63,6817.89,Month-to-Month,Electronic Check,None,No Internet,Yes,2,2.0,1,10.9,49.0,194.51,2,Married,Tablet,Yes
CUST-04873,24.0,Female,16,74.09,1200.1,Month-to-Month,Electronic Check,DSL,No,No Internet,2,5.0,3,9.7,11.0,294.09,2,Divorced,Desktop,No
CUST-04874,45.0,Male,29,84.76,2522.07,Month-to-Month,Bank Transfer,DSL,No Internet,No,1,3.0,3,5.5,,218.28,2,Single,Tablet,No
CUST-04875,33.0,Male,5,29.29,138.31,Month-to-Month,Credit Card,Fiber Optic,Yes,No,1,2.0,3,8.5,101.0,153.75,2,Married,Mobile,Yes
CUST-04876,27.0,Male,34,32.35,1090.79,Month-to-Month,Bank Transfer,Fiber Optic,Yes,No,3,4.0,2,7.3,2.0,183.8,3,Single,Desktop,No
CUST-04877,23.0,Male,30,64.45,,One Year,Mailed Check,Fiber Optic,No,Yes,3,5.0,1,45.0,9.0,232.16,1,Married,Mobile,No
CUST-04878,48.0,Female,56,113.13,6391.19,Month-to-Month,Electronic Check,DSL,No,No Internet,1,2.0,2,1.1,3.0,68.99,1,Married,Tablet,Yes
CUST-04879,32.0,Female,1,54.08,9.34,Month-to-Month,Credit Card,DSL,No,Yes,1,3.0,2,21.8,1.0,40.58,3,Married,Mobile,Yes
CUST-04880,55.0,Female,14,105.75,1553.04,One Year,Electronic Check,Fiber Optic,No,No,0,5.0,2,5.6,0.0,172.79,0,Single,Mobile,No
CUST-04881,55.0,Female,27,30.03,831.87,One Year,Bank Transfer,None,Yes,No,0,1.0,2,3.1,13.0,223.68,5,Married,Mobile,No
CUST-04882,61.0,Female,2,79.7,160.83,One Year,Mailed Check,Fiber Optic,No Internet,No,1,5.0,4,30.7,,126.7,1,Single,Mobile,No
CUST-04883,30.0,Female,12,78.06,997.38,Month-to-Month,Credit Card,Fiber Optic,Yes,No,2,1.0,2,9.5,8.0,58.14,1,Married,Tablet,Yes
CUST-04884,48.0,Male,68,103.99,7012.22,Two Year,Electronic Check,None,No,Yes,3,2.0,1,10.7,11.0,191.43,2,Married,Mobile,No
CUST-04885,50.0,Female,13,18.33,264.39,Month-to-Month,Electronic Check,Fiber Optic,Yes,No,2,,3,8.1,58.0,203.03,3,Single,Mobile,No
CUST-04886,35.0,Male,72,36.99,2684.8,One Year,Mailed Check,Fiber Optic,Yes,Yes,0,3.0,3,,4.0,236.6,1,Married,Mobile,No
CUST-04887,31.0,Male,1,39.97,0.0,Month-to-Month,Electronic Check,DSL,Yes,No Internet,0,2.0,2,17.7,8.0,175.88,0,Married,Tablet,No
CUST-04888,64.0,Female,30,113.0,3413.03,Month-to-Month,Mailed Check,None,No,No,2,5.0,1,21.4,37.0,109.78,4,Single,Mobile,Yes
CUST-04889,,Male,20,33.37,681.57,One Year,Credit Card,Fiber Optic,No,No,2,4.0,2,23.3,40.0,65.74,0,Married,Desktop,No
CUST-04890,50.0,Male,16,21.7,338.26,Month-to-Month,Credit Card,Fiber Optic,No,,0,3.0,1,11.2,13.0,12.75,3,Divorced,Tablet,Yes
CUST-04891,30.0,Male,72,71.45,5187.54,Month-to-Month,Bank Transfer,DSL,No,No,2,4.0,1,18.2,0.0,120.25,1,Single,Desktop,No
CUST-04892,24.0,Male,3,70.86,183.99,One Year,Electronic Check,Fiber Optic,No Internet,No Internet,1,4.0,5,22.5,14.0,231.06,3,Married,Mobile,Yes
CUST-04893,34.0,Male,54,102.4,5543.12,One Year,Bank Transfer,DSL,Yes,No Internet,1,5.0,1,17.2,37.0,225.86,2,Married,Mobile,No
CUST-04894,40.0,Male,28,112.89,3154.34,One Year,Credit Card,DSL,Yes,Yes,2,2.0,2,3.2,37.0,282.6,1,Married,Mobile,Yes
CUST-04895,27.0,Female,7,71.85,472.22,One Year,Electronic Check,None,No,No,2,4.0,1,18.7,16.0,5.42,1,Married,Mobile,No
CUST-04896,41.0,Female,55,111.0,6130.14,One Year,Electronic Check,DSL,No,Yes,2,4.0,4,15.7,12.0,52.99,1,Married,Tablet,No
CUST-04897,18.0,Male,13,90.52,1166.37,Month-to-Month,Bank Transfer,Fiber Optic,Yes,No,0,2.0,5,1.5,36.0,,1,Married,Desktop,No
CUST-04898,26.0,Female,40,44.46,1704.75,Two Year,Credit Card,DSL,No,No Internet,3,4.0,1,15.6,89.0,162.54,3,Married,Desktop,No
CUST-04899,51.0,Male,11,110.84,1129.19,One Year,Mailed Check,Fiber Optic,No,No Internet,2,1.0,4,31.2,47.0,215.43,2,Married,Tablet,No
CUST-04900,50.0,Male,45,84.74,3852.75,One Year,Electronic Check,Fiber Optic,No,No,1,3.0,1,8.0,7.0,116.61,3,Married,Desktop,No
CUST-04901,36.0,Male,24,59.41,1364.81,Month-to-Month,Credit Card,DSL,No,Yes,5,2.0,2,,98.0,105.82,2,Divorced,Desktop,Yes
CUST-04902,27.0,Female,3,86.02,272.03,Two Year,Electronic Check,None,No,Yes,1,4.0,3,14.1,28.0,,2,Married,Desktop,No
CUST-04903,27.0,Male,25,58.13,1456.0,Month-to-Month,Bank Transfer,Fiber Optic,No Internet,No,0,2.0,2,4.1,3.0,122.6,0,Married,Mobile,Yes
CUST-04904,36.0,Female,5,29.42,128.67,One Year,Bank Transfer,None,Yes,Yes,2,4.0,1,11.8,12.0,77.74,4,Married,Tablet,No
CUST-04905,51.0,Female,12,89.9,1176.63,Month-to-Month,Bank Transfer,DSL,No,No,1,2.0,3,16.6,38.0,90.48,3,Single,Mobile,No
CUST-04906,54.0,Female,4,100.41,410.62,One Year,Mailed Check,Fiber Optic,Yes,Yes,0,4.0,3,10.7,61.0,65.86,1,Divorced,Mobile,No
CUST-04907,35.0,Female,1,90.88,128.66,Month-to-Month,Mailed Check,None,No,Yes,2,2.0,5,5.5,22.0,3.36,3,Married,Mobile,Yes
CUST-04908,25.0,Female,5,40.91,218.79,One Year,Credit Card,None,No Internet,No Internet,3,,2,29.2,4.0,207.59,1,Single,Desktop,No
CUST-04909,45.0,Male,18,113.66,2034.3,Month-to-Month,Credit Card,None,Yes,No,1,4.0,2,2.2,3.0,220.44,1,Single,Mobile,No
CUST-04910,30.0,Male,15,20.53,307.0,Month-to-Month,Credit Card,Fiber Optic,No,Yes,2,2.0,2,1.0,11.0,237.54,2,Married,Mobile,No
CUST-04911,34.0,Female,16,51.27,893.25,Two Year,Electronic Check,Fiber Optic,No Internet,No,2,4.0,1,26.5,1.0,53.79,1,Divorced,Desktop,No
CUST-04912,60.0,Female,6,44.01,318.47,Month-to-Month,Credit Card,None,No,No Internet,1,5.0,1,1.0,16.0,274.19,0,Divorced,Mobile,Yes
CUST-04913,53.0,Male,27,22.81,713.47,Month-to-Month,Electronic Check,DSL,No,No,1,3.0,3,10.0,45.0,99.38,3,Single,Desktop,Yes
CUST-04914,44.0,Male,29,58.57,1709.61,Month-to-Month,Bank Transfer,Fiber Optic,No Internet,No,1,1.0,2,11.6,18.0,,3,Single,Mobile,No
CUST-04915,24.0,Male,10,80.31,759.25,Two Year,Electronic Check,None,Yes,No Internet,0,3.0,2,6.2,53.0,81.69,1,Married,Tablet,No
CUST-04916,44.0,Male,51,106.26,5397.23,Month-to-Month,Bank Transfer,DSL,Yes,No,4,5.0,5,4.8,32.0,12.64,1,Married,Mobile,No
CUST-04917,56.0,Male,24,116.97,2747.89,Month-to-Month,Mailed Check,DSL,No Internet,No,0,4.0,1,20.2,6.0,155.44,2,Single,Mobile,No
CUST-04918,36.0,Female,29,98.81,2903.84,One Year,Credit Card,DSL,Yes,No,3,4.0,2,6.8,7.0,159.09,1,Divorced,Mobile,No
CUST-04919,60.0,Female,7,64.87,424.79,Month-to-Month,Electronic Check,None,No Internet,No Internet,1,4.0,2,2.0,12.0,270.28,2,Divorced,Mobile,Yes
CUST-04920,60.0,Female,1,90.37,0.0,Month-to-Month,Electronic Check,Fiber Optic,No,No,2,5.0,5,9.3,23.0,201.01,0,Married,Desktop,Yes
CUST-04921,65.0,Female,48,102.36,5036.47,Two Year,Electronic Check,Fiber Optic,No Internet,No Internet,1,2.0,4,19.4,34.0,247.9,0,Married,Desktop,No
CUST-04922,46.0,Female,41,64.53,,Month-to-Month,Bank Transfer,None,No,No,0,4.0,1,5.5,5.0,255.91,4,Married,Desktop,No
CUST-04923,50.0,Male,3,96.51,260.7,One Year,Credit Card,Fiber Optic,No,No,1,5.0,1,2.1,4.0,146.35,2,Single,Desktop,No
CUST-04924,61.0,Male,11,66.27,812.55,One Year,Electronic Check,None,No,No,2,4.0,1,6.3,0.0,272.48,4,Divorced,Mobile,Yes
CUST-04925,48.0,Female,25,56.65,1355.84,Two Year,Electronic Check,DSL,Yes,No Internet,0,3.0,1,11.8,3.0,,1,Married,Mobile,No
CUST-04926,34.0,Female,25,70.61,1822.08,Two Year,Credit Card,Fiber Optic,Yes,No,0,,1,,41.0,32.79,1,Single,Mobile,No
CUST-04927,35.0,Male,47,85.59,3993.36,Month-to-Month,Bank Transfer,DSL,No,Yes,2,3.0,1,4.0,1.0,74.78,0,Single,Mobile,No
CUST-04928,45.0,Female,3,90.69,205.88,One Year,Credit Card,DSL,No Internet,Yes,1,3.0,2,53.0,27.0,30.81,2,Married,Tablet,No
CUST-04929,23.0,Male,13,53.67,,One Year,Electronic Check,DSL,No,No,3,2.0,5,3.4,27.0,175.07,1,Single,Mobile,Yes
CUST-04930,39.0,Male,2,75.13,196.41,Month-to-Month,Electronic Check,Fiber Optic,No Internet,Yes,2,5.0,4,1.0,146.0,66.98,3,Married,Tablet,Yes
CUST-04931,57.0,Male,11,108.99,1244.89,Month-to-Month,Electronic Check,None,No Internet,No,1,2.0,1,,33.0,282.69,1,Single,Mobile,No
CUST-04932,18.0,Male,1,115.63,134.01,Two Year,Bank Transfer,Fiber Optic,No,,3,5.0,3,1.2,36.0,268.01,4,Divorced,Desktop,No
CUST-04933,63.0,Female,54,40.72,2228.84,Month-to-Month,Credit Card,DSL,No Internet,No,2,3.0,5,1.0,2.0,238.53,2,Married,Tablet,No
CUST-04934,57.0,Female,17,37.28,572.15,Month-to-Month,Electronic Check,None,Yes,Yes,1,4.0,4,1.0,62.0,263.25,1,Married,Mobile,No
CUST-04935,35.0,Male,45,85.67,3860.73,Two Year,Bank Transfer,DSL,No,Yes,2,2.0,2,5.3,11.0,252.77,3,Married,Desktop,No
CUST-04936,49.0,Female,1,59.47,13.03,One Year,Credit Card,None,No,No,3,3.0,2,1.1,11.0,52.61,1,Married,Desktop,No
CUST-04937,42.0,Female,6,20.42,53.07,Month-to-Month,Electronic Check,None,Yes,No,0,1.0,3,3.2,18.0,27.36,2,Married,Mobile,Yes
CUST-04938,59.0,Female,7,52.69,389.38,Month-to-Month,Credit Card,Fiber Optic,No Internet,Yes,1,5.0,3,15.7,36.0,209.49,6,Married,Mobile,No
CUST-04939,55.0,Female,11,98.67,1143.28,Month-to-Month,Electronic Check,DSL,Yes,No,3,3.0,2,5.1,10.0,102.67,4,Married,Mobile,Yes
CUST-04940,22.0,Male,38,97.74,3694.95,Two Year,Credit Card,Fiber Optic,No,Yes,2,4.0,1,12.9,45.0,187.83,1,Married,Mobile,No
CUST-04941,50.0,Female,11,67.47,731.57,Two Year,Bank Transfer,None,Yes,No Internet,1,5.0,3,7.9,8.0,190.24,5,Single,Tablet,No
CUST-04942,39.0,Male,5,65.26,269.39,Month-to-Month,Credit Card,Fiber Optic,No,No,4,1.0,4,32.4,3.0,257.35,3,Single,Mobile,No
CUST-04943,43.0,Female,1,75.95,76.31,Two Year,Electronic Check,DSL,No,No,4,3.0,1,17.9,35.0,48.51,4,Married,Desktop,No
CUST-04944,31.0,Male,1,39.94,77.94,Month-to-Month,Bank Transfer,None,No,No Internet,3,,5,28.7,76.0,265.53,2,Single,Mobile,Yes
CUST-04945,66.0,Female,34,70.6,2439.98,One Year,Electronic Check,Fiber Optic,No,No,2,1.0,1,11.0,72.0,97.37,2,Married,Desktop,Yes
CUST-04946,56.0,Female,14,19.1,294.66,Month-to-Month,Bank Transfer,DSL,No,No Internet,2,4.0,2,22.8,1.0,267.24,3,Married,Mobile,No
CUST-04947,31.0,Male,31,65.56,2001.44,One Year,Credit Card,None,No,No,1,2.0,1,14.3,14.0,61.08,8,Single,Mobile,Yes
CUST-04948,23.0,Male,27,51.61,1360.96,Month-to-Month,Credit Card,None,Yes,Yes,2,3.0,1,20.4,10.0,48.03,2,Married,Mobile,No
CUST-04949,36.0,Female,3,85.49,296.24,Month-to-Month,Mailed Check,Fiber Optic,No,No,0,2.0,2,17.3,18.0,184.73,0,Married,Desktop,No
CUST-04950,48.0,Female,3,81.84,286.12,Month-to-Month,Bank Transfer,DSL,No Internet,Yes,3,2.0,3,5.4,1.0,271.16,1,Single,Desktop,No
CUST-04951,45.0,Male,33,56.08,1842.04,Month-to-Month,Electronic Check,Fiber Optic,No,No,1,3.0,4,2.0,15.0,146.05,2,Single,Desktop,No
CUST-04952,59.0,Female,30,18.73,540.59,Two Year,Mailed Check,DSL,No,No,1,4.0,1,24.6,97.0,24.74,0,Married,Desktop,No
CUST-04953,53.0,Male,11,43.23,533.89,Two Year,Credit Card,DSL,Yes,Yes,0,1.0,2,1.2,25.0,261.09,1,Divorced,Desktop,No
CUST-04954,55.0,Male,1,81.33,63.33,Two Year,Electronic Check,None,No,Yes,1,3.0,2,13.9,7.0,149.26,1,Married,Mobile,No
CUST-04955,46.0,Male,1,25.24,62.54,Month-to-Month,Credit Card,None,No Internet,No,0,4.0,5,67.4,49.0,151.6,2,Married,Mobile,No
CUST-04956,22.0,Male,8,28.76,223.24,Month-to-Month,Credit Card,Fiber Optic,No Internet,No Internet,1,4.0,1,3.0,15.0,64.8,4,Single,Mobile,Yes
CUST-04957,39.0,Female,1,82.7,30.32,Month-to-Month,Credit Card,Fiber Optic,Yes,Yes,3,5.0,2,20.4,1.0,59.58,1,Married,Desktop,No
CUST-04958,56.0,Female,6,93.58,642.1,Month-to-Month,Electronic Check,DSL,,Yes,1,5.0,1,45.9,13.0,182.96,2,Divorced,Mobile,Yes
CUST-04959,41.0,Male,13,50.15,657.95,Month-to-Month,Bank Transfer,Fiber Optic,No,No Internet,1,4.0,4,10.3,50.0,129.19,1,Single,Mobile,Yes
CUST-04960,49.0,Female,3,66.97,165.37,One Year,Credit Card,DSL,No,No,1,3.0,3,12.8,7.0,44.34,4,Single,Mobile,Yes
CUST-04961,37.0,Male,2,112.57,155.6,Month-to-Month,Credit Card,DSL,No,No Internet,0,,3,6.9,11.0,293.17,1,Married,Mobile,No
CUST-04962,27.0,Female,54,112.55,6013.2,Two Year,Credit Card,Fiber Optic,No,No,3,2.0,1,8.7,9.0,14.02,4,Single,Mobile,No
CUST-04963,40.0,Male,21,48.75,1005.1,One Year,Mailed Check,None,No Internet,No,1,4.0,1,14.9,68.0,13.02,3,Single,Mobile,No
CUST-04964,46.0,Female,65,99.0,6531.26,Month-to-Month,Bank Transfer,Fiber Optic,No Internet,Yes,1,5.0,3,30.8,10.0,293.58,2,Single,Desktop,No
CUST-04965,32.0,Female,10,77.39,744.67,One Year,Mailed Check,Fiber Optic,No Internet,Yes,1,3.0,2,45.7,8.0,66.43,3,Single,Mobile,No
CUST-04966,38.0,Male,27,115.55,3192.22,Month-to-Month,Electronic Check,DSL,No,No Internet,1,2.0,1,11.8,78.0,4.22,3,Married,Desktop,Yes
CUST-04967,28.0,Female,5,65.76,322.26,Month-to-Month,Electronic Check,Fiber Optic,Yes,No Internet,3,3.0,2,22.9,252.0,119.26,2,Married,Mobile,No
CUST-04968,57.0,Male,23,95.47,2136.75,Month-to-Month,Credit Card,Fiber Optic,No,No,0,1.0,5,20.0,27.0,65.59,1,Divorced,Tablet,Yes
CUST-04969,37.0,Male,3,94.81,260.77,One Year,Credit Card,DSL,No,No,0,4.0,1,4.3,81.0,241.75,2,Married,Mobile,Yes
CUST-04970,62.0,Male,1,67.74,3.69,Month-to-Month,Electronic Check,DSL,No Internet,Yes,2,1.0,5,9.3,43.0,76.04,3,Single,Tablet,Yes
CUST-04971,63.0,Male,64,97.56,6201.04,One Year,Bank Transfer,DSL,No Internet,No,0,5.0,3,17.3,6.0,245.15,4,Married,Desktop,No
CUST-04972,40.0,Male,19,44.1,793.61,Month-to-Month,Bank Transfer,Fiber Optic,No,No,2,5.0,1,2.1,34.0,159.24,1,Married,Tablet,No
CUST-04973,27.0,Male,62,30.23,1779.07,Month-to-Month,Credit Card,DSL,No,No,2,2.0,4,32.3,46.0,241.51,2,Single,Desktop,No
CUST-04974,18.0,Male,9,60.52,620.32,Month-to-Month,Mailed Check,None,No,No,2,2.0,3,7.7,40.0,184.18,0,Married,Mobile,Yes
CUST-04975,21.0,Male,9,112.36,1021.79,One Year,Credit Card,None,No,Yes,3,5.0,3,9.1,22.0,226.74,0,Single,Mobile,No
CUST-04976,22.0,Female,12,68.07,782.53,One Year,Credit Card,DSL,Yes,No,1,5.0,3,30.6,21.0,137.7,1,Married,Mobile,No
CUST-04977,61.0,Female,29,81.53,2375.46,One Year,Electronic Check,Fiber Optic,No Internet,No,0,5.0,1,2.8,51.0,126.33,2,Single,Mobile,No
CUST-04978,43.0,Male,20,80.42,1566.63,Month-to-Month,Credit Card,Fiber Optic,No,No,3,,3,1.0,35.0,136.3,4,Single,Mobile,No
CUST-04979,47.0,Male,62,31.26,1804.57,Month-to-Month,Credit Card,None,No Internet,Yes,4,2.0,3,5.1,47.0,222.98,4,Single,Mobile,Yes
CUST-04980,18.0,Male,1,57.03,204.86,One Year,Credit Card,DSL,Yes,No,2,4.0,2,2.4,6.0,132.71,1,Married,Mobile,No
CUST-04981,25.0,Female,29,88.69,2581.49,Month-to-Month,Credit Card,Fiber Optic,Yes,Yes,1,5.0,3,63.6,101.0,87.55,2,Single,Desktop,No
CUST-04982,54.0,Female,9,115.2,1007.35,Month-to-Month,Credit Card,DSL,No,Yes,4,2.0,3,12.5,39.0,243.19,3,Single,Desktop,No
CUST-04983,46.0,Male,4,34.8,42.5,Month-to-Month,Credit Card,Fiber Optic,No Internet,Yes,3,5.0,1,12.5,16.0,124.45,0,Married,Desktop,No
CUST-04984,39.0,Male,17,59.04,928.97,One Year,Bank Transfer,DSL,No,Yes,1,3.0,1,23.7,27.0,134.12,4,Married,Desktop,No
CUST-04985,49.0,Male,16,27.51,522.88,One Year,Bank Transfer,DSL,No Internet,Yes,1,2.0,2,4.5,30.0,24.68,1,Single,Mobile,No
CUST-04986,64.0,Male,3,42.24,201.82,Month-to-Month,Bank Transfer,DSL,No,Yes,1,3.0,2,11.1,48.0,109.94,0,Single,Desktop,No
CUST-04987,38.0,Female,5,55.68,316.06,One Year,Electronic Check,DSL,No Internet,No,1,3.0,4,2.3,36.0,246.76,1,Married,Desktop,Yes
CUST-04988,42.0,Female,12,72.06,808.97,One Year,Credit Card,DSL,Yes,Yes,1,1.0,2,1.5,55.0,200.35,1,Single,Mobile,No
CUST-04989,44.0,Male,12,41.06,568.22,Month-to-Month,Credit Card,Fiber Optic,No,No Internet,3,3.0,3,8.7,15.0,39.52,4,Single,Desktop,Yes
CUST-04990,75.0,Female,9,40.76,389.33,Month-to-Month,Mailed Check,Fiber Optic,Yes,Yes,1,4.0,2,36.6,16.0,140.72,2,Single,Tablet,Yes
CUST-04991,18.0,Male,3,95.78,320.09,One Year,Electronic Check,Fiber Optic,Yes,No,1,4.0,1,8.7,6.0,277.64,2,Divorced,Tablet,No
CUST-04992,51.0,Male,1,114.26,136.57,One Year,Credit Card,DSL,No,No,3,2.0,3,9.0,,69.32,2,Married,Tablet,Yes
CUST-04993,40.0,Female,72,50.36,3550.57,Month-to-Month,Mailed Check,DSL,No,No,5,5.0,4,30.0,15.0,247.53,2,Married,Mobile,Yes
CUST-04994,49.0,Female,68,86.8,5842.49,One Year,Electronic Check,None,No,Yes,2,2.0,2,5.1,32.0,169.27,1,Married,Desktop,Yes
CUST-04995,32.0,Male,15,43.81,631.64,Month-to-Month,Credit Card,DSL,No,Yes,3,4.0,3,10.1,27.0,107.05,1,Married,Mobile,Yes
CUST-04996,41.0,Male,72,110.8,8009.78,One Year,Mailed Check,None,No,No,1,4.0,3,2.7,58.0,291.46,2,Single,Desktop,No
CUST-04997,51.0,Female,26,85.29,2148.52,Month-to-Month,Bank Transfer,None,No Internet,No,1,5.0,2,28.1,5.0,216.33,1,Married,Mobile,No
CUST-04998,80.0,Female,1,98.27,89.5,Month-to-Month,Mailed Check,DSL,No Internet,No,3,1.0,1,1.0,74.0,95.18,2,Married,Mobile,Yes
CUST-04999,53.0,Male,3,22.94,59.99,One Year,Credit Card,None,No Internet,No,2,2.0,4,8.0,7.0,58.44,2,Divorced,Tablet,Yes
CUST-05000,30.0,Male,59,77.85,4632.79,Month-to-Month,Credit Card,Fiber Optic,No,No,3,2.0,4,4.9,38.0,263.51,1,Married,Desktop,Yes
CUST-05001,36.0,Male,23,70.76,1661.21,Month-to-Month,Electronic Check,Fiber Optic,No,No Internet,0,3.0,4,4.5,20.0,177.43,5,Single,Mobile,Yes
CUST-05002,35.0,Female,44,47.3,2030.69,One Year,Credit Card,None,No,No,1,3.0,4,4.2,36.0,10.98,1,Single,Mobile,No
CUST-05003,18.0,Female,54,44.24,2461.29,One Year,Credit Card,Fiber Optic,Yes,No,1,2.0,1,6.9,23.0,128.34,0,Married,Mobile,No
CUST-05004,37.0,Male,14,76.0,1005.84,One Year,Electronic Check,Fiber Optic,No,No Internet,0,3.0,2,34.8,31.0,133.11,3,Single,Mobile,Yes
CUST-05005,52.0,Female,1,88.65,143.26,Month-to-Month,Credit Card,Fiber Optic,No,No,1,2.0,1,18.5,41.0,232.63,1,Single,Mobile,Yes
CUST-05006,24.0,Female,5,21.32,79.09,One Year,Mailed Check,Fiber Optic,No,No,1,1.0,1,33.0,6.0,71.51,1,Married,Tablet,No
CUST-05007,56.0,Male,1,74.74,82.94,Month-to-Month,Bank Transfer,Fiber Optic,No,No Internet,1,1.0,3,3.3,,137.35,5,Single,Mobile,No
CUST-05008,48.0,Male,5,35.05,186.55,Month-to-Month,Mailed Check,DSL,Yes,No,1,5.0,2,28.4,60.0,,2,Divorced,Desktop,Yes
CUST-05009,31.0,Female,12,32.04,394.37,Month-to-Month,Bank Transfer,DSL,No,No,0,3.0,1,8.4,54.0,37.11,0,Single,Mobile,No
CUST-05010,40.0,Female,3,80.31,274.65,Month-to-Month,Bank Transfer,None,No,No,2,3.0,2,59.5,34.0,238.19,1,Married,Desktop,Yes
CUST-05011,64.0,Female,4,49.09,215.93,Month-to-Month,Bank Transfer,DSL,No,No,1,3.0,5,13.5,10.0,157.11,1,Single,Desktop,No
CUST-05012,52.0,Female,14,62.09,908.44,Month-to-Month,Electronic Check,Fiber Optic,No,No,1,2.0,1,10.0,6.0,,1,Divorced,Tablet,No
CUST-05013,42.0,Male,9,54.0,509.23,Two Year,Bank Transfer,Fiber Optic,Yes,Yes,1,3.0,2,38.9,1.0,79.88,3,Married,Mobile,No
CUST-05014,38.0,Male,15,82.83,1179.23,Two Year,Credit Card,DSL,No Internet,No,0,2.0,3,7.2,81.0,289.09,1,Married,Tablet,No
CUST-05015,43.0,Female,13,65.01,858.62,Two Year,Credit Card,DSL,Yes,Yes,1,3.0,1,20.7,30.0,140.46,1,Divorced,Desktop,Yes
CUST-05016,34.0,Male,24,114.35,2716.21,One Year,Credit Card,DSL,No,Yes,3,5.0,5,9.6,15.0,169.05,2,Single,Mobile,No
CUST-05017,18.0,Female,66,53.24,3458.38,Two Year,Bank Transfer,Fiber Optic,No Internet,No,3,2.0,3,19.8,35.0,295.31,1,Single,Desktop,No
CUST-05018,70.0,Female,2,92.03,169.57,Month-to-Month,Electronic Check,None,Yes,No,1,3.0,1,4.8,18.0,225.87,3,Divorced,Mobile,Yes
CUST-05019,44.0,Female,2,,96.62,One Year,Credit Card,Fiber Optic,No,Yes,1,4.0,2,7.8,12.0,113.32,2,Divorced,Desktop,No
CUST-05020,47.0,Male,45,68.88,3112.08,Month-to-Month,Credit Card,Fiber Optic,No,No Internet,0,5.0,2,6.4,20.0,166.94,1,Single,Mobile,No
CUST-05021,41.0,Female,16,73.26,1224.96,Month-to-Month,Mailed Check,Fiber Optic,Yes,No,4,5.0,1,30.5,40.0,118.58,1,Married,Mobile,No
CUST-05022,31.0,Female,34,50.91,1796.31,Month-to-Month,Electronic Check,None,No,No,1,3.0,2,39.6,54.0,166.12,3,Married,Desktop,Yes
CUST-05023,39.0,Female,5,65.18,342.71,One Year,Mailed Check,Fiber Optic,No,No,2,5.0,3,19.9,3.0,194.05,6,Divorced,Desktop,No
CUST-05024,19.0,Female,42,45.93,1954.92,Month-to-Month,Mailed Check,DSL,Yes,Yes,0,3.0,1,25.9,2.0,292.6,0,Single,Desktop,Yes
CUST-05025,73.0,Male,61,18.6,1139.37,One Year,Credit Card,Fiber Optic,No,No,0,5.0,1,6.6,12.0,219.5,2,Married,Mobile,No
CUST-05026,24.0,Male,24,39.56,987.8,Two Year,Mailed Check,None,Yes,No,3,2.0,2,2.4,1.0,209.14,4,Single,Tablet,No
CUST-05027,27.0,Male,2,88.01,200.37,Month-to-Month,Credit Card,Fiber Optic,No Internet,No,2,2.0,2,17.4,20.0,29.02,2,Married,Mobile,Yes
CUST-05028,35.0,Male,54,95.1,5132.68,Month-to-Month,Mailed Check,None,No,Yes,2,1.0,1,15.2,52.0,95.8,2,Single,Desktop,Yes
CUST-05029,60.0,Female,37,46.02,1810.34,One Year,Bank Transfer,DSL,Yes,No,0,3.0,3,4.6,12.0,84.21,0,Single,Desktop,No
CUST-05030,42.0,Female,33,58.8,1913.09,Month-to-Month,Bank Transfer,None,No Internet,No Internet,1,5.0,1,36.5,19.0,30.18,1,Married,Mobile,No
CUST-05031,24.0,Female,1,21.74,94.46,Two Year,Electronic Check,DSL,No,Yes,2,2.0,2,6.6,25.0,261.55,2,Single,Mobile,Yes
CUST-05032,59.0,Female,38,41.71,1517.27,Two Year,Mailed Check,DSL,Yes,Yes,1,2.0,1,25.3,73.0,243.97,1,Divorced,Desktop,No
CUST-05033,52.0,Male,3,95.92,328.44,Month-to-Month,Electronic Check,Fiber Optic,Yes,Yes,3,2.0,3,2.1,78.0,237.07,0,Married,Mobile,Yes
CUST-05034,49.0,Female,6,78.6,543.43,Month-to-Month,Bank Transfer,DSL,No,No Internet,2,3.0,3,5.1,29.0,52.97,1,Married,Desktop,No
CUST-05035,52.0,Male,20,38.58,676.24,Two Year,Credit Card,Fiber Optic,Yes,No,0,1.0,1,14.3,0.0,179.91,1,Single,Desktop,No
CUST-05036,75.0,Male,7,43.74,313.13,Two Year,Electronic Check,None,Yes,No Internet,2,3.0,3,4.2,6.0,158.21,1,Single,Mobile,No
CUST-05037,72.0,Female,25,99.68,2527.77,Month-to-Month,Credit Card,None,No,No Internet,2,5.0,3,47.0,6.0,183.76,2,Single,Mobile,Yes
CUST-05038,32.0,Female,22,38.91,868.62,Month-to-Month,Electronic Check,Fiber Optic,No Internet,No Internet,1,3.0,1,12.0,27.0,236.18,0,Married,Desktop,No
CUST-05039,64.0,Female,2,51.42,121.75,One Year,Bank Transfer,Fiber Optic,No,No,3,5.0,3,19.7,36.0,28.17,3,Single,Mobile,No
CUST-05040,47.0,Male,25,84.44,2117.81,Month-to-Month,Bank Transfer,None,No,No,2,4.0,2,12.4,2.0,57.33,1,Single,Mobile,Yes
CUST-05041,48.0,Female,61,74.11,4466.0,Two Year,Electronic Check,Fiber Optic,No Internet,No Internet,2,1.0,1,7.8,10.0,84.38,2,Married,Desktop,No
CUST-05042,18.0,Male,4,64.09,374.76,One Year,Electronic Check,None,Yes,No,0,4.0,4,25.9,21.0,141.18,2,Married,Desktop,Yes
CUST-05043,39.0,Male,21,,2242.19,One Year,Mailed Check,None,Yes,Yes,4,5.0,3,1.0,44.0,175.72,5,Married,Desktop,No
CUST-05044,30.0,Female,10,39.97,421.41,Month-to-Month,Credit Card,DSL,No Internet,No,1,4.0,2,8.3,12.0,91.56,0,Single,Mobile,No
CUST-05045,53.0,Female,14,92.14,1257.62,One Year,Mailed Check,DSL,No,No,0,3.0,4,31.9,20.0,32.92,1,Married,Mobile,No
CUST-05046,56.0,Female,8,33.91,157.49,Month-to-Month,Mailed Check,Fiber Optic,Yes,Yes,1,4.0,2,1.3,20.0,152.18,1,Married,Mobile,Yes
CUST-05047,18.0,Female,10,79.57,749.47,Month-to-Month,Electronic Check,None,No,No,1,5.0,1,3.5,78.0,17.84,1,Divorced,Mobile,Yes
CUST-05048,41.0,Female,1,105.06,32.68,One Year,Mailed Check,None,No Internet,No Internet,0,4.0,5,48.5,55.0,109.09,1,Single,Mobile,No
CUST-05049,57.0,Female,72,63.79,4647.46,Month-to-Month,Electronic Check,Fiber Optic,Yes,Yes,1,3.0,2,47.9,58.0,13.24,2,Single,Tablet,No
CUST-05050,39.0,Female,23,90.43,2049.55,One Year,Credit Card,DSL,No,Yes,0,1.0,3,7.3,5.0,65.64,1,Single,Mobile,Yes
CUST-05051,52.0,Female,16,100.04,1574.94,Two Year,Electronic Check,DSL,Yes,Yes,2,2.0,5,20.9,69.0,33.04,2,Single,Desktop,No
CUST-05052,46.0,Female,11,31.6,294.38,Month-to-Month,Electronic Check,None,No,No,1,4.0,1,14.7,15.0,133.91,2,Married,Mobile,Yes
CUST-05053,46.0,Female,18,88.58,1599.14,Month-to-Month,Mailed Check,Fiber Optic,No,No,1,4.0,5,10.2,23.0,70.61,6,Single,Desktop,Yes
CUST-05054,38.0,Male,11,109.98,1173.96,Month-to-Month,Electronic Check,Fiber Optic,Yes,No,1,3.0,2,25.2,28.0,16.42,3,Married,Desktop,No
CUST-05055,24.0,Female,10,75.64,806.02,Month-to-Month,Electronic Check,None,No,No Internet,3,4.0,5,15.8,16.0,89.44,5,Married,Desktop,No
CUST-05056,26.0,Female,14,36.61,527.64,One Year,Electronic Check,None,No,Yes,3,3.0,1,1.4,,267.8,1,Divorced,Mobile,No
CUST-05057,51.0,Male,7,30.69,186.24,One Year,Credit Card,Fiber Optic,Yes,No,3,3.0,2,27.5,8.0,252.72,2,Married,Mobile,No
CUST-05058,42.0,Female,4,43.97,218.39,Two Year,Credit Card,Fiber Optic,No,No,1,1.0,5,4.8,21.0,264.85,4,Single,Desktop,No
CUST-05059,40.0,Male,19,28.35,539.05,One Year,Electronic Check,Fiber Optic,No,No,2,4.0,1,15.0,54.0,117.48,2,Divorced,Tablet,Yes
CUST-05060,36.0,Female,44,69.34,3052.03,Month-to-Month,Credit Card,DSL,,No,2,3.0,2,22.4,43.0,263.65,0,Single,Mobile,No
CUST-05061,37.0,Female,3,24.97,1.78,Month-to-Month,Credit Card,Fiber Optic,No Internet,No,2,5.0,1,34.2,21.0,285.45,3,Divorced,Mobile,Yes
CUST-05062,56.0,Male,1,40.34,36.79,Month-to-Month,Electronic Check,DSL,No,Yes,1,4.0,5,38.9,12.0,287.41,2,Married,Tablet,Yes
CUST-05063,37.0,Male,6,61.99,388.02,Month-to-Month,Electronic Check,None,Yes,Yes,0,2.0,2,39.0,0.0,37.27,1,Single,Desktop,Yes
CUST-05064,23.0,Female,72,65.39,4774.76,Month-to-Month,Electronic Check,None,No,No,2,2.0,1,16.1,6.0,247.06,1,Single,Mobile,Yes
CUST-05065,52.0,Male,42,74.54,3093.09,Month-to-Month,Mailed Check,None,No,No,1,3.0,3,14.7,6.0,100.96,2,Married,Desktop,Yes
CUST-05066,39.0,Male,21,88.56,1973.67,Two Year,Credit Card,Fiber Optic,No Internet,Yes,2,4.0,2,1.0,26.0,134.93,1,Single,Mobile,No
CUST-05067,42.0,Male,63,22.72,1459.2,Month-to-Month,Credit Card,Fiber Optic,Yes,No Internet,3,3.0,3,1.3,76.0,196.68,1,Single,Mobile,No
CUST-05068,64.0,Female,14,26.06,288.87,One Year,Electronic Check,DSL,No,No Internet,1,3.0,3,7.5,11.0,227.3,1,Married,Desktop,Yes
CUST-05069,41.0,Female,72,24.09,1692.22,Month-to-Month,Electronic Check,DSL,No,No,0,2.0,3,23.6,47.0,269.94,1,Single,Mobile,Yes
CUST-05070,46.0,Female,8,60.32,553.61,Month-to-Month,Bank Transfer,Fiber Optic,No Internet,Yes,0,3.0,2,13.4,12.0,287.34,1,Married,Mobile,Yes
CUST-05071,25.0,Male,6,22.18,195.24,Month-to-Month,Credit Card,Fiber Optic,No,No,1,3.0,5,4.0,99.0,231.0,0,Married,Tablet,No
CUST-05072,,Female,24,92.61,2223.54,Month-to-Month,Electronic Check,DSL,No,Yes,1,5.0,1,2.0,6.0,72.07,2,Divorced,Mobile,Yes
CUST-05073,50.0,Female,11,40.3,450.8,Month-to-Month,Electronic Check,Fiber Optic,Yes,No,1,5.0,5,9.5,15.0,152.52,0,Married,Desktop,Yes
CUST-05074,20.0,Male,23,111.92,2515.93,One Year,Credit Card,Fiber Optic,No,No,0,4.0,2,36.6,4.0,103.71,0,Single,Tablet,No
CUST-05075,44.0,Female,8,66.64,599.19,One Year,Credit Card,DSL,Yes,Yes,1,,1,1.0,7.0,259.53,2,Single,Mobile,Yes
CUST-05076,43.0,Female,23,62.63,1391.1,One Year,Bank Transfer,DSL,,Yes,0,3.0,3,9.3,3.0,148.59,4,Single,Mobile,No
CUST-05077,42.0,Female,7,96.05,714.59,Two Year,Credit Card,Fiber Optic,Yes,No,6,5.0,4,1.0,3.0,256.96,0,Married,Mobile,No
CUST-05078,56.0,Male,1,89.32,156.92,Two Year,Bank Transfer,Fiber Optic,No,No,2,3.0,2,4.3,29.0,292.27,0,Married,Desktop,No
CUST-05079,46.0,Male,58,78.73,4568.75,One Year,Credit Card,Fiber Optic,Yes,Yes,0,4.0,1,46.1,45.0,86.29,1,Married,Mobile,No
CUST-05080,62.0,Male,51,111.51,5735.39,Month-to-Month,Credit Card,Fiber Optic,No Internet,No,3,3.0,2,1.7,2.0,8.77,2,Single,Tablet,No
CUST-05081,28.0,Male,72,60.23,4428.94,Two Year,Bank Transfer,DSL,No,Yes,0,4.0,5,1.0,7.0,64.3,1,Divorced,Tablet,No
CUST-05082,43.0,Female,30,98.85,2978.9,Two Year,Credit Card,DSL,No Internet,No,1,3.0,2,1.4,11.0,191.92,2,Single,Desktop,No
CUST-05083,43.0,Male,27,56.01,1503.5,One Year,Credit Card,DSL,Yes,No,1,5.0,1,17.6,82.0,242.73,2,Single,Mobile,No
CUST-05084,,Female,19,101.83,1931.43,One Year,Electronic Check,DSL,Yes,No Internet,0,4.0,2,1.0,27.0,224.52,1,Married,Mobile,Yes
CUST-05085,55.0,Male,3,43.95,94.7,Month-to-Month,Credit Card,None,No,No,2,2.0,2,7.5,3.0,240.89,1,Single,Tablet,No
CUST-05086,74.0,Male,5,46.93,196.37,One Year,Electronic Check,DSL,No,No,0,5.0,1,46.0,13.0,277.39,1,Married,Mobile,No
CUST-05087,41.0,Female,8,85.79,708.44,Two Year,Electronic Check,DSL,No,Yes,5,3.0,4,1.1,37.0,67.31,3,Single,Tablet,No
CUST-05088,49.0,Male,53,39.27,2073.11,One Year,Credit Card,DSL,No,Yes,2,3.0,3,40.3,114.0,15.01,0,Married,Desktop,Yes
CUST-05089,43.0,Female,4,40.92,180.06,One Year,Credit Card,Fiber Optic,Yes,No,0,3.0,1,1.9,40.0,98.51,6,Divorced,Desktop,No
CUST-05090,32.0,Male,61,48.53,2885.83,Month-to-Month,Electronic Check,DSL,No,Yes,1,2.0,5,2.1,5.0,256.14,5,Single,Tablet,No
CUST-05091,18.0,Male,17,85.89,1455.5,Month-to-Month,Bank Transfer,DSL,No,No Internet,4,1.0,3,13.9,51.0,218.35,1,Married,Tablet,Yes
CUST-05092,32.0,Female,30,106.94,3259.71,One Year,Bank Transfer,DSL,No,No,3,3.0,3,4.2,0.0,9.91,2,Married,Mobile,No
CUST-05093,22.0,Female,2,85.46,114.97,Month-to-Month,Electronic Check,None,No,Yes,2,5.0,3,1.0,19.0,46.4,1,Divorced,Mobile,Yes
CUST-05094,65.0,Male,7,100.78,706.29,One Year,Credit Card,None,Yes,No Internet,2,2.0,5,20.8,12.0,278.91,6,Single,Mobile,Yes
CUST-05095,40.0,Male,72,72.36,5117.19,One Year,Electronic Check,Fiber Optic,No Internet,Yes,0,5.0,4,7.0,87.0,148.85,2,Married,Desktop,No
CUST-05096,37.0,Female,7,24.89,108.96,Month-to-Month,Mailed Check,DSL,No,Yes,1,4.0,1,35.8,1.0,192.03,1,Single,Mobile,Yes
CUST-05097,54.0,Female,8,28.05,264.78,Month-to-Month,Credit Card,DSL,No,Yes,2,4.0,1,4.9,8.0,28.28,2,Married,Mobile,Yes
CUST-05098,26.0,Female,5,,351.74,Two Year,Credit Card,Fiber Optic,No,No,0,4.0,2,16.6,9.0,173.04,5,Single,Mobile,No
CUST-05099,,Male,3,50.78,243.44,Month-to-Month,Electronic Check,DSL,Yes,No,1,4.0,2,5.9,16.0,253.84,0,Divorced,Mobile,No
CUST-05100,42.0,Female,6,40.06,261.98,Month-to-Month,Mailed Check,Fiber Optic,No,Yes,0,2.0,2,2.4,77.0,270.73,3,Single,Mobile,No
CUST-05101,56.0,Male,24,64.63,1577.65,One Year,Credit Card,Fiber Optic,No,No,0,4.0,2,55.2,31.0,135.17,2,Divorced,Mobile,No
CUST-05102,49.0,Male,14,84.65,1131.28,Two Year,Bank Transfer,Fiber Optic,No,Yes,1,3.0,4,13.3,3.0,176.06,1,Married,Mobile,No
CUST-05103,45.0,Female,19,56.5,,Two Year,Credit Card,Fiber Optic,No Internet,No Internet,3,2.0,1,27.5,52.0,218.94,4,Married,Mobile,No
CUST-05104,43.0,Male,3,98.25,258.12,One Year,Bank Transfer,DSL,Yes,No Internet,4,4.0,1,4.3,29.0,119.69,4,Married,Mobile,No
CUST-05105,47.0,Male,38,91.85,3437.03,Month-to-Month,Credit Card,Fiber Optic,Yes,No,3,4.0,2,7.5,0.0,87.66,4,Single,Desktop,Yes
CUST-05106,44.0,Male,36,91.49,3326.83,Two Year,Bank Transfer,Fiber Optic,No,No,0,4.0,1,9.7,75.0,26.7,4,Married,Desktop,No
CUST-05107,27.0,Male,1,116.52,159.75,One Year,Electronic Check,Fiber Optic,No,Yes,1,3.0,3,14.9,1.0,58.63,2,Married,Desktop,No
CUST-05108,42.0,Female,11,47.52,542.67,One Year,Mailed Check,Fiber Optic,Yes,Yes,1,4.0,2,7.5,28.0,294.8,1,Married,Desktop,No
CUST-05109,26.0,Female,1,82.47,41.07,Month-to-Month,Electronic Check,Fiber Optic,No,No,1,4.0,3,4.3,27.0,261.35,0,Married,Desktop,Yes
CUST-05110,43.0,Male,37,103.55,3847.89,Month-to-Month,Electronic Check,None,Yes,No,2,3.0,1,3.2,28.0,103.93,1,Married,Mobile,No
CUST-05111,35.0,Female,32,75.95,2334.77,Month-to-Month,Credit Card,Fiber Optic,No,No,2,5.0,3,13.7,56.0,249.08,2,Divorced,Desktop,No
CUST-05112,77.0,Female,55,96.95,,Month-to-Month,Credit Card,Fiber Optic,No,Yes,0,,2,4.3,3.0,229.44,4,Married,Desktop,No
CUST-05113,41.0,Female,6,59.45,291.79,Month-to-Month,Electronic Check,Fiber Optic,No Internet,No,0,4.0,3,7.6,22.0,290.26,2,Divorced,Desktop,Yes
CUST-05114,22.0,Male,14,77.05,1022.68,Two Year,Bank Transfer,Fiber Optic,No,No,0,3.0,2,1.0,25.0,11.82,2,Single,Mobile,No
CUST-05115,40.0,Female,4,23.57,100.04,Month-to-Month,Bank Transfer,None,No Internet,No,1,4.0,4,4.4,15.0,173.7,1,Married,Mobile,Yes
CUST-05116,49.0,Female,11,116.58,1292.59,Month-to-Month,Credit Card,Fiber Optic,No,No,1,1.0,4,9.9,22.0,210.23,2,Married,Mobile,Yes
CUST-05117,65.0,Male,17,98.0,1662.36,Month-to-Month,Bank Transfer,Fiber Optic,No Internet,No,3,5.0,2,23.8,20.0,248.83,0,Single,Mobile,Yes
CUST-05118,33.0,Male,1,104.88,49.37,One Year,Credit Card,Fiber Optic,No Internet,Yes,4,4.0,4,7.0,42.0,240.8,3,Divorced,Desktop,No
CUST-05119,19.0,Male,30,87.43,2679.57,Two Year,Bank Transfer,DSL,No,Yes,1,4.0,2,5.2,4.0,83.0,2,Married,Mobile,No
CUST-05120,53.0,Female,18,36.61,574.68,One Year,Credit Card,Fiber Optic,No,Yes,0,3.0,4,10.9,0.0,211.07,1,Married,Mobile,No
CUST-05121,22.0,Male,42,21.1,812.04,Two Year,Mailed Check,DSL,No,Yes,0,5.0,1,1.0,80.0,242.91,1,Married,Desktop,No
CUST-05122,35.0,Female,7,104.47,725.94,Two Year,Credit Card,Fiber Optic,No,No,6,4.0,2,6.6,11.0,154.77,4,Married,Desktop,No
CUST-05123,38.0,Male,56,57.63,3164.07,Two Year,Mailed Check,Fiber Optic,Yes,No Internet,1,3.0,4,2.2,47.0,150.31,2,Married,Mobile,No
CUST-05124,41.0,Female,72,44.39,3257.21,Month-to-Month,Mailed Check,Fiber Optic,No Internet,No Internet,2,2.0,1,4.4,11.0,132.35,2,Married,Mobile,No
CUST-05125,51.0,Male,60,74.17,4391.29,Month-to-Month,Electronic Check,DSL,No,No,0,2.0,3,7.4,0.0,62.34,1,Married,Mobile,No
CUST-05126,32.0,Female,36,60.09,2241.09,Month-to-Month,Mailed Check,Fiber Optic,Yes,No Internet,1,3.0,3,1.0,7.0,250.05,3,Single,Desktop,No
CUST-05127,38.0,Female,40,83.17,3378.56,Month-to-Month,Credit Card,DSL,No,No Internet,1,4.0,5,23.9,3.0,150.68,4,Married,Mobile,Yes
CUST-05128,41.0,Male,20,66.38,1389.35,One Year,Electronic Check,Fiber Optic,No Internet,No,1,4.0,5,4.8,51.0,40.4,1,Single,Desktop,Yes
CUST-05129,44.0,Male,5,87.72,532.96,Month-to-Month,Electronic Check,Fiber Optic,No Internet,No Internet,5,3.0,2,4.0,5.0,274.27,3,Married,Mobile,No
CUST-05130,43.0,Male,27,103.34,2794.24,One Year,Credit Card,None,No,No Internet,2,2.0,3,6.3,151.0,253.45,0,Single,Tablet,No
CUST-05131,48.0,Female,29,37.56,1038.59,Month-to-Month,Electronic Check,DSL,Yes,No,1,3.0,1,6.9,28.0,126.84,3,Divorced,Desktop,Yes
CUST-05132,53.0,Female,72,50.94,3662.53,Month-to-Month,Bank Transfer,DSL,No,No,0,1.0,1,25.1,11.0,234.54,1,Married,Mobile,No
CUST-05133,47.0,Male,18,61.68,1081.91,Month-to-Month,Bank Transfer,None,No,No,1,2.0,3,5.0,21.0,49.86,2,Divorced,Desktop,Yes
CUST-05134,48.0,Male,7,114.21,764.01,Two Year,Mailed Check,DSL,Yes,No,2,1.0,1,9.3,97.0,291.56,3,Single,Desktop,No
CUST-05135,19.0,Male,27,54.53,1479.85,One Year,Bank Transfer,Fiber Optic,No Internet,No Internet,3,4.0,1,10.3,30.0,25.56,1,Divorced,Tablet,No
CUST-05136,42.0,Female,72,56.11,,Two Year,Credit Card,Fiber Optic,Yes,Yes,1,4.0,1,5.5,42.0,264.52,2,Single,Desktop,No
CUST-05137,48.0,Female,4,83.35,295.79,Two Year,Mailed Check,Fiber Optic,,No Internet,1,5.0,1,22.9,20.0,299.37,0,Single,Tablet,No
CUST-05138,52.0,Female,9,59.92,527.01,Month-to-Month,Credit Card,Fiber Optic,Yes,Yes,1,4.0,3,14.7,22.0,86.97,3,Single,Desktop,No
CUST-05139,32.0,Male,18,113.12,2063.61,Month-to-Month,Mailed Check,DSL,No Internet,Yes,2,3.0,1,19.1,123.0,243.56,1,Single,Desktop,No
CUST-05140,32.0,Male,4,107.45,477.62,One Year,Mailed Check,None,Yes,,3,4.0,4,1.0,27.0,274.17,2,Married,Mobile,No
CUST-05141,33.0,Female,1,69.34,0.0,One Year,Mailed Check,DSL,No,No Internet,1,1.0,1,25.7,23.0,285.76,2,Married,Mobile,No
CUST-05142,,Male,9,82.48,727.16,Month-to-Month,Electronic Check,DSL,No Internet,No,2,5.0,1,4.1,62.0,216.22,3,Married,Desktop,No
CUST-05143,56.0,Female,48,23.8,1135.33,Month-to-Month,Electronic Check,Fiber Optic,Yes,No Internet,3,4.0,2,1.4,17.0,186.02,0,Single,Mobile,Yes
CUST-05144,36.0,Male,1,87.57,,One Year,Electronic Check,DSL,Yes,No Internet,1,2.0,3,16.2,19.0,31.37,1,Married,Mobile,No
CUST-05145,54.0,Male,13,88.72,1147.37,Month-to-Month,Bank Transfer,Fiber Optic,Yes,No Internet,1,3.0,3,3.7,37.0,140.76,0,Divorced,Mobile,Yes
CUST-05146,43.0,Female,34,53.92,1840.68,Two Year,Credit Card,Fiber Optic,No,,1,5.0,1,7.8,5.0,118.29,3,Single,Desktop,No
CUST-05147,40.0,Female,72,39.97,2903.78,One Year,Credit Card,DSL,No,No Internet,1,5.0,2,18.5,4.0,6.58,4,Married,Desktop,Yes
CUST-05148,39.0,Female,72,109.51,7888.58,Month-to-Month,Electronic Check,DSL,No,No Internet,3,3.0,4,1.6,28.0,85.66,0,Single,Mobile,Yes
CUST-05149,52.0,Male,13,60.67,744.66,Month-to-Month,Electronic Check,DSL,Yes,No Internet,1,3.0,2,2.0,6.0,222.99,1,Married,Mobile,Yes
CUST-05150,46.0,Male,72,83.37,6103.24,One Year,Electronic Check,DSL,No,No,0,5.0,2,16.4,17.0,91.27,2,Married,Desktop,No
CUST-05151,73.0,Female,1,21.33,62.79,One Year,Electronic Check,DSL,No Internet,No,2,5.0,3,,48.0,10.07,3,Married,Mobile,No
CUST-05152,30.0,Female,32,59.41,1928.76,One Year,Electronic Check,None,No Internet,No Internet,3,5.0,2,3.8,11.0,231.11,0,Single,Mobile,No
CUST-05153,49.0,Female,24,99.73,2443.76,One Year,Electronic Check,DSL,No,No,1,5.0,2,10.9,40.0,242.51,1,Married,Tablet,No
CUST-05154,34.0,Male,6,56.76,352.79,One Year,Credit Card,DSL,No Internet,No Internet,2,3.0,3,14.5,11.0,8.15,3,Single,Tablet,No
CUST-05155,29.0,Female,16,78.32,1317.44,Month-to-Month,Bank Transfer,DSL,No Internet,No Internet,0,5.0,5,7.8,1.0,250.8,2,Married,Desktop,No
CUST-05156,41.0,Female,3,38.99,119.81,Two Year,Credit Card,Fiber Optic,No,No Internet,1,3.0,2,2.8,2.0,239.07,4,Married,Mobile,No
CUST-05157,43.0,Female,49,59.65,2922.94,Month-to-Month,Bank Transfer,Fiber Optic,Yes,No,0,5.0,2,15.6,17.0,186.29,2,Single,Mobile,No
CUST-05158,80.0,Female,10,110.76,1139.36,Month-to-Month,Credit Card,None,No Internet,Yes,1,3.0,5,1.9,11.0,13.35,2,Married,Desktop,No
CUST-05159,39.0,Male,23,74.65,1795.77,Month-to-Month,Electronic Check,Fiber Optic,No Internet,Yes,0,4.0,3,15.9,18.0,283.2,4,Single,Mobile,No
CUST-05160,26.0,Female,4,108.19,508.36,Month-to-Month,Credit Card,DSL,Yes,No,0,3.0,3,4.7,22.0,30.08,2,Single,Desktop,No
CUST-05161,45.0,Female,5,108.2,570.64,Month-to-Month,Credit Card,DSL,No Internet,Yes,5,5.0,3,1.0,85.0,215.82,3,Single,Tablet,Yes
CUST-05162,18.0,Female,72,,8119.35,One Year,Electronic Check,DSL,No,Yes,2,1.0,3,9.4,19.0,229.16,0,Married,Tablet,No
CUST-05163,40.0,Female,33,107.54,3583.62,Month-to-Month,Credit Card,Fiber Optic,No,No,2,5.0,3,5.6,58.0,284.13,0,Single,Tablet,No
CUST-05164,42.0,Female,72,18.33,1369.04,Two Year,Electronic Check,Fiber Optic,No,No Internet,0,3.0,3,3.9,57.0,284.27,1,Divorced,Mobile,No
CUST-05165,53.0,Female,8,111.4,956.14,One Year,Mailed Check,DSL,No,Yes,4,3.0,5,10.4,65.0,83.65,3,Married,Mobile,Yes
CUST-05166,55.0,Male,4,31.75,115.17,Month-to-Month,Electronic Check,None,No,Yes,4,5.0,2,6.2,23.0,69.6,3,Single,Desktop,Yes
CUST-05167,34.0,Male,16,21.99,417.74,Month-to-Month,Electronic Check,None,No,No,2,4.0,1,5.2,10.0,123.3,1,Married,Mobile,Yes
CUST-05168,39.0,Male,16,23.54,393.79,Month-to-Month,Electronic Check,None,No,Yes,2,5.0,2,21.6,46.0,280.62,0,Married,Tablet,No
CUST-05169,31.0,Male,4,52.89,244.11,Month-to-Month,Credit Card,DSL,No,Yes,2,4.0,3,1.3,11.0,217.2,2,Single,Desktop,No
CUST-05170,26.0,Male,31,80.08,2551.58,Month-to-Month,Electronic Check,DSL,No,Yes,2,4.0,2,7.6,67.0,273.6,2,Single,Desktop,Yes
CUST-05171,46.0,Male,10,58.23,619.65,Month-to-Month,Bank Transfer,DSL,Yes,No,0,5.0,4,4.3,3.0,65.29,2,Married,Mobile,No
CUST-05172,24.0,Male,4,20.56,128.04,Month-to-Month,Credit Card,Fiber Optic,No Internet,Yes,2,,1,5.0,34.0,20.4,1,Married,Mobile,Yes
CUST-05173,36.0,Male,9,65.65,571.38,Month-to-Month,Credit Card,Fiber Optic,No,No Internet,4,2.0,3,8.7,19.0,7.43,2,Single,Desktop,No
CUST-05174,28.0,Male,19,62.21,1256.91,Month-to-Month,Electronic Check,None,No,Yes,2,3.0,1,38.4,28.0,21.38,2,Married,Mobile,No
CUST-05175,49.0,Male,31,93.68,2938.86,Two Year,Electronic Check,DSL,No,No Internet,2,4.0,3,16.1,3.0,252.33,2,Single,Desktop,Yes
CUST-05176,67.0,Female,15,45.96,695.7,Month-to-Month,Mailed Check,Fiber Optic,No Internet,No,1,5.0,2,3.2,106.0,,2,Divorced,Mobile,No
CUST-05177,23.0,Female,17,39.75,730.8,One Year,Bank Transfer,Fiber Optic,Yes,No Internet,2,4.0,5,12.7,37.0,275.14,1,Divorced,Mobile,No
CUST-05178,18.0,Male,3,43.59,260.16,Month-to-Month,Bank Transfer,DSL,Yes,Yes,2,4.0,3,2.5,10.0,122.56,0,Married,Desktop,No
CUST-05179,40.0,Female,59,48.37,2795.38,Month-to-Month,Electronic Check,DSL,No Internet,No,3,2.0,3,32.5,66.0,139.77,2,Single,Mobile,Yes
CUST-05180,42.0,Female,63,77.92,4868.77,One Year,Electronic Check,Fiber Optic,No,No Internet,4,3.0,1,8.3,18.0,57.15,3,Married,Mobile,No
CUST-05181,45.0,Male,27,,1893.32,Month-to-Month,Credit Card,Fiber Optic,Yes,No,1,2.0,3,44.8,6.0,132.34,3,Married,Desktop,No
CUST-05182,35.0,Female,1,51.69,73.02,Month-to-Month,Credit Card,None,No,No,3,3.0,2,16.3,16.0,46.89,2,Married,Desktop,Yes
CUST-05183,39.0,Female,18,55.43,1007.28,One Year,Bank Transfer,None,No,Yes,4,2.0,2,26.9,11.0,185.34,2,Married,Mobile,Yes
CUST-05184,47.0,Female,23,55.09,1261.3,Month-to-Month,Bank Transfer,None,,No,2,2.0,3,3.0,36.0,4.87,2,Divorced,Desktop,Yes
CUST-05185,56.0,Male,72,115.24,8357.7,Month-to-Month,Electronic Check,Fiber Optic,No,Yes,0,5.0,1,29.0,0.0,128.49,2,Married,Mobile,No
CUST-05186,18.0,Female,72,41.3,3104.16,Month-to-Month,Bank Transfer,DSL,No Internet,No Internet,0,3.0,1,3.2,63.0,295.42,2,Single,Desktop,No
CUST-05187,36.0,Male,46,99.81,4558.0,Month-to-Month,Credit Card,None,No Internet,No,0,4.0,2,56.0,16.0,298.33,5,Married,Mobile,No
CUST-05188,44.0,Female,1,88.82,83.98,Month-to-Month,Credit Card,None,No Internet,Yes,1,1.0,3,4.9,3.0,232.05,4,Married,Mobile,No
CUST-05189,29.0,Female,72,18.56,1318.78,Two Year,Mailed Check,Fiber Optic,No,No,0,4.0,2,17.3,43.0,89.66,3,Married,Mobile,No
CUST-05190,66.0,Female,22,117.32,2617.68,One Year,Credit Card,DSL,No,No,2,4.0,3,11.9,133.0,59.64,3,Married,Tablet,Yes
CUST-05191,,Female,38,93.64,3619.44,One Year,Credit Card,Fiber Optic,No,Yes,2,2.0,2,9.8,69.0,10.91,1,Single,Mobile,No
CUST-05192,41.0,Male,12,86.24,1115.93,One Year,Electronic Check,None,No,No,2,1.0,2,8.4,5.0,125.52,4,Married,Tablet,Yes
CUST-05193,49.0,Female,9,58.53,565.11,One Year,Electronic Check,DSL,No,Yes,2,3.0,1,7.3,7.0,138.19,5,Married,Mobile,Yes
CUST-05194,33.0,Female,14,73.52,1155.25,One Year,Electronic Check,Fiber Optic,No,No,2,4.0,2,5.4,131.0,24.12,1,Single,Mobile,No
CUST-05195,18.0,Male,3,,101.25,One Year,Bank Transfer,None,No,No,2,1.0,2,13.6,6.0,260.35,2,Divorced,Tablet,No
CUST-05196,35.0,Female,10,21.55,173.77,Month-to-Month,Mailed Check,Fiber Optic,No Internet,No,4,1.0,1,62.2,10.0,195.11,7,Single,Mobile,Yes
CUST-05197,56.0,Male,46,101.6,4747.07,Month-to-Month,Credit Card,Fiber Optic,Yes,No,1,3.0,1,16.7,29.0,113.98,3,Married,Desktop,Yes
CUST-05198,37.0,Male,1,107.65,113.79,Two Year,Bank Transfer,None,No,No Internet,2,2.0,2,21.2,10.0,256.52,4,Single,Mobile,Yes
CUST-05199,30.0,Female,3,34.25,33.95,Two Year,Electronic Check,DSL,No,No,1,4.0,1,15.9,14.0,123.59,2,Single,Desktop,No
CUST-05200,54.0,Male,3,96.71,274.33,Month-to-Month,Credit Card,DSL,Yes,No,0,2.0,5,10.9,40.0,254.43,1,Married,Desktop,No
CUST-05201,37.0,Female,12,92.12,1118.22,One Year,Bank Transfer,DSL,No,No Internet,0,5.0,3,25.5,26.0,148.69,1,Married,Mobile,No
CUST-05202,34.0,Male,72,35.84,2548.17,One Year,Electronic Check,DSL,Yes,Yes,3,3.0,2,5.9,49.0,190.61,5,Divorced,Desktop,No
CUST-05203,44.0,Male,4,60.18,189.99,Month-to-Month,Bank Transfer,Fiber Optic,No,Yes,1,2.0,2,4.8,44.0,32.7,6,Married,Mobile,No
CUST-05204,52.0,Female,3,60.28,170.46,Two Year,Mailed Check,DSL,Yes,No Internet,2,1.0,2,7.3,48.0,77.43,1,Married,Mobile,Yes
CUST-05205,75.0,Male,59,94.0,5492.77,One Year,Electronic Check,Fiber Optic,No Internet,No,1,3.0,2,13.0,5.0,195.64,4,Married,Mobile,No
CUST-05206,53.0,Female,51,101.77,5222.03,One Year,Electronic Check,Fiber Optic,Yes,No Internet,2,4.0,4,1.0,8.0,123.2,2,Divorced,Desktop,No
CUST-05207,58.0,Female,1,27.48,0.0,Month-to-Month,Electronic Check,Fiber Optic,No Internet,Yes,1,3.0,2,27.0,6.0,39.92,1,Divorced,Desktop,Yes
CUST-05208,34.0,Female,33,74.3,2456.42,Month-to-Month,Electronic Check,DSL,No Internet,No Internet,1,2.0,2,5.4,3.0,46.25,2,Single,Desktop,Yes
CUST-05209,27.0,Female,25,94.17,2380.23,Month-to-Month,Electronic Check,DSL,No,Yes,0,3.0,3,13.8,56.0,212.37,4,Single,Desktop,No
CUST-05210,42.0,Female,35,96.62,3377.17,Month-to-Month,Electronic Check,DSL,Yes,No Internet,0,3.0,4,1.0,0.0,205.45,0,Single,Tablet,No
CUST-05211,43.0,Male,16,32.8,579.46,Month-to-Month,Electronic Check,DSL,No,No Internet,0,3.0,3,8.5,29.0,216.28,3,Married,Mobile,Yes
CUST-05212,26.0,Female,72,70.55,5011.07,Two Year,Electronic Check,DSL,Yes,No,2,3.0,1,1.1,61.0,216.45,3,Divorced,Desktop,Yes
CUST-05213,39.0,Male,1,103.76,68.71,One Year,Credit Card,DSL,Yes,No,2,4.0,4,1.0,5.0,288.35,1,Divorced,Desktop,No
CUST-05214,47.0,Female,6,49.85,282.6,Month-to-Month,Electronic Check,Fiber Optic,No,No,2,4.0,3,23.3,80.0,291.18,5,Divorced,Desktop,No
CUST-05215,47.0,Female,12,60.51,761.76,Month-to-Month,Bank Transfer,DSL,No,Yes,1,5.0,1,7.8,94.0,130.18,1,Divorced,Mobile,Yes
CUST-05216,,Female,14,98.44,1389.09,One Year,Bank Transfer,DSL,No,No,0,4.0,1,25.3,26.0,233.14,1,Single,Mobile,No
CUST-05217,46.0,Female,61,26.93,,Month-to-Month,Credit Card,DSL,No,No,2,3.0,3,6.2,33.0,221.25,2,Single,Desktop,No
CUST-05218,34.0,Female,19,103.95,1934.76,Two Year,Electronic Check,None,No Internet,No Internet,2,3.0,1,15.7,6.0,51.98,1,Single,Mobile,No
CUST-05219,34.0,Female,1,49.12,0.0,One Year,Mailed Check,DSL,Yes,No Internet,1,,2,1.5,124.0,234.46,2,Married,Mobile,Yes
CUST-05220,25.0,Female,12,18.15,307.25,Two Year,Electronic Check,DSL,Yes,No,2,2.0,1,3.2,40.0,253.04,1,Married,Desktop,No
CUST-05221,66.0,Male,12,41.42,425.5,Month-to-Month,Electronic Check,Fiber Optic,No,No,1,4.0,3,9.6,21.0,11.31,4,Married,Mobile,No
CUST-05222,42.0,Male,72,26.95,1974.55,One Year,Electronic Check,Fiber Optic,No Internet,Yes,0,4.0,1,8.7,20.0,157.28,1,Single,Tablet,No
CUST-05223,,Female,21,27.24,523.11,Month-to-Month,Bank Transfer,Fiber Optic,No Internet,No,2,4.0,2,3.2,28.0,74.72,1,Married,Mobile,No
CUST-05224,28.0,Female,24,87.28,1991.25,One Year,Credit Card,Fiber Optic,No,No,2,3.0,4,30.7,6.0,280.02,1,Divorced,Tablet,Yes
CUST-05225,80.0,Male,29,39.4,1123.86,Month-to-Month,Bank Transfer,Fiber Optic,No,No Internet,1,4.0,3,5.0,27.0,25.25,1,Single,Mobile,Yes
CUST-05226,26.0,Male,35,111.47,3946.42,One Year,Bank Transfer,Fiber Optic,No,No,2,2.0,4,8.4,2.0,197.64,4,Married,Mobile,No
CUST-05227,35.0,Male,24,69.64,1610.27,Month-to-Month,Mailed Check,DSL,Yes,Yes,2,2.0,2,6.2,27.0,194.66,2,Single,Desktop,No
CUST-05228,47.0,Female,6,64.01,412.86,Month-to-Month,Bank Transfer,DSL,,Yes,3,4.0,3,80.9,25.0,36.23,2,Married,Desktop,Yes
CUST-05229,50.0,Female,49,61.43,3048.21,Month-to-Month,Electronic Check,None,No,No,3,3.0,2,6.4,13.0,229.56,2,Single,Desktop,No
CUST-05230,55.0,Male,31,87.26,2641.48,Month-to-Month,Mailed Check,Fiber Optic,No,No,0,4.0,2,4.6,2.0,81.33,3,Divorced,Mobile,No
CUST-05231,67.0,Male,32,63.23,2011.97,One Year,Bank Transfer,Fiber Optic,No Internet,No Internet,5,3.0,2,35.6,23.0,207.7,4,Married,Mobile,No
CUST-05232,49.0,Male,72,30.86,,Two Year,Credit Card,DSL,No Internet,No,5,3.0,1,2.6,17.0,74.96,1,Single,Mobile,No
CUST-05233,27.0,Male,38,106.02,4061.29,One Year,Bank Transfer,None,Yes,No,0,4.0,2,37.6,11.0,117.66,0,Married,Desktop,Yes
CUST-05234,38.0,Male,42,60.84,2542.21,Month-to-Month,Bank Transfer,DSL,No Internet,No,2,4.0,2,12.6,16.0,98.88,2,Single,Tablet,No
CUST-05235,46.0,Female,72,25.4,1849.56,Month-to-Month,Electronic Check,DSL,Yes,No,2,5.0,2,3.8,1.0,181.18,4,Married,Desktop,No
CUST-05236,70.0,Female,3,70.94,178.56,Month-to-Month,Credit Card,Fiber Optic,Yes,No,0,5.0,2,4.4,2.0,186.65,1,Married,Mobile,No
CUST-05237,22.0,Male,16,82.73,1379.36,Month-to-Month,Electronic Check,Fiber Optic,No Internet,No,4,3.0,2,18.6,4.0,156.43,4,Divorced,Desktop,No
CUST-05238,58.0,Male,20,45.56,966.86,Two Year,Mailed Check,None,No,No,2,4.0,3,1.0,24.0,44.75,2,Married,Tablet,No
CUST-05239,44.0,Male,9,98.03,888.32,Month-to-Month,Bank Transfer,DSL,No Internet,No Internet,1,3.0,2,18.9,9.0,193.61,0,Married,Desktop,No
CUST-05240,53.0,Male,43,84.98,3665.68,Two Year,Credit Card,Fiber Optic,Yes,No Internet,1,1.0,3,5.6,8.0,71.72,1,Married,Mobile,No
CUST-05241,40.0,Male,34,83.03,2773.08,One Year,Electronic Check,DSL,No Internet,No,1,4.0,4,24.8,29.0,128.32,3,Divorced,Mobile,No
CUST-05242,30.0,Male,30,60.08,1734.8,One Year,Bank Transfer,Fiber Optic,No Internet,No Internet,1,2.0,2,2.0,27.0,295.48,3,Married,Mobile,No
CUST-05243,52.0,Male,72,114.19,8202.85,Two Year,Bank Transfer,Fiber Optic,No,Yes,1,3.0,3,4.3,12.0,253.64,0,Divorced,Desktop,No
CUST-05244,51.0,Female,7,45.42,313.57,Month-to-Month,Electronic Check,Fiber Optic,No,No Internet,1,2.0,3,8.7,83.0,82.57,2,Married,Mobile,Yes
CUST-05245,55.0,Female,31,75.77,2402.0,Month-to-Month,Bank Transfer,DSL,No Internet,Yes,2,3.0,2,31.7,15.0,65.56,2,Single,Desktop,No
CUST-05246,41.0,Female,19,48.91,975.41,Two Year,Mailed Check,Fiber Optic,No,Yes,1,5.0,1,5.0,6.0,170.36,1,Married,Desktop,No
CUST-05247,33.0,Male,9,92.48,841.56,One Year,Bank Transfer,Fiber Optic,No,No Internet,3,4.0,2,27.8,65.0,26.16,0,Married,Mobile,No
CUST-05248,20.0,Female,4,22.78,150.65,Month-to-Month,Bank Transfer,Fiber Optic,No,No,1,2.0,1,1.6,36.0,143.98,3,Married,Mobile,No
CUST-05249,53.0,Female,54,22.59,1172.69,Month-to-Month,Mailed Check,Fiber Optic,No,No,2,4.0,3,2.9,41.0,136.53,3,Married,Mobile,Yes
CUST-05250,47.0,Male,21,99.09,2134.76,One Year,Credit Card,Fiber Optic,No Internet,Yes,3,5.0,2,2.6,56.0,298.22,0,Single,Mobile,No
CUST-05251,28.0,Male,41,61.43,2479.11,Month-to-Month,Credit Card,None,Yes,Yes,3,2.0,4,14.2,47.0,9.5,1,Single,Tablet,No
CUST-05252,34.0,Female,18,52.12,1000.14,Two Year,Mailed Check,Fiber Optic,No,Yes,4,4.0,3,7.4,56.0,262.83,2,Married,Desktop,No
CUST-05253,35.0,Male,5,78.75,393.08,Month-to-Month,Credit Card,None,No,Yes,0,4.0,3,29.9,7.0,280.27,3,Single,Mobile,No
CUST-05254,21.0,Male,9,88.19,693.8,One Year,Credit Card,DSL,No,No,3,4.0,4,10.0,28.0,194.28,3,Married,Desktop,No
CUST-05255,30.0,Female,11,,455.83,One Year,Bank Transfer,DSL,Yes,No,3,5.0,2,27.3,33.0,162.1,1,Married,Mobile,No
CUST-05256,26.0,Female,72,36.54,2671.36,One Year,Credit Card,Fiber Optic,No,No,0,1.0,1,4.1,10.0,43.15,6,Single,Mobile,No
CUST-05257,36.0,Male,1,113.82,90.99,Month-to-Month,Electronic Check,DSL,No Internet,No,3,4.0,5,40.2,154.0,204.9,1,Divorced,Desktop,Yes
CUST-05258,31.0,Female,72,76.97,5523.28,Two Year,Bank Transfer,Fiber Optic,No,No Internet,0,2.0,5,15.1,49.0,223.34,1,Married,Mobile,No
CUST-05259,19.0,Female,72,57.01,4096.74,One Year,Electronic Check,DSL,No,No,0,4.0,1,10.6,73.0,206.97,3,Divorced,Mobile,No
CUST-05260,70.0,Male,72,98.14,6969.82,One Year,Credit Card,None,No,Yes,3,5.0,3,14.1,4.0,23.93,1,Single,Desktop,No
CUST-05261,59.0,Female,15,70.52,939.56,Month-to-Month,Mailed Check,Fiber Optic,No,No Internet,0,2.0,1,37.4,1.0,235.91,1,Married,Tablet,Yes
CUST-05262,31.0,Male,72,42.17,,Month-to-Month,Credit Card,Fiber Optic,,No,2,1.0,1,6.3,0.0,68.54,0,Single,Mobile,No
CUST-05263,45.0,Male,12,38.67,422.84,Month-to-Month,Electronic Check,Fiber Optic,No,No Internet,3,5.0,3,4.2,60.0,78.74,1,Married,Mobile,Yes
CUST-05264,47.0,Female,1,57.69,150.45,Month-to-Month,Mailed Check,DSL,Yes,No,2,5.0,2,4.2,23.0,117.46,2,Single,Desktop,Yes
CUST-05265,58.0,Male,6,103.99,692.46,One Year,Bank Transfer,None,No,No,2,5.0,4,54.0,11.0,198.6,2,Single,Mobile,No
CUST-05266,30.0,Male,69,24.14,1744.02,Month-to-Month,Credit Card,Fiber Optic,No,Yes,0,5.0,2,6.2,49.0,169.63,2,Single,Tablet,No
CUST-05267,57.0,Male,1,39.85,7.34,One Year,Credit Card,DSL,No,No Internet,2,3.0,3,,30.0,211.22,2,Married,Tablet,Yes
CUST-05268,34.0,Female,18,107.32,1851.34,Month-to-Month,Mailed Check,None,Yes,Yes,2,5.0,1,2.2,28.0,197.59,2,Married,Desktop,Yes
CUST-05269,23.0,Female,1,30.17,0.0,Month-to-Month,Electronic Check,Fiber Optic,Yes,Yes,0,5.0,4,8.4,47.0,210.3,3,Single,Desktop,No
CUST-05270,52.0,Male,8,80.96,625.36,Two Year,Mailed Check,Fiber Optic,No,Yes,2,2.0,1,14.5,19.0,89.31,4,Single,Desktop,Yes
CUST-05271,60.0,Female,2,,0.0,Two Year,Electronic Check,None,No,No,1,5.0,3,49.7,5.0,205.44,1,Divorced,Desktop,No
CUST-05272,78.0,Male,47,78.59,3669.96,Two Year,Bank Transfer,None,Yes,No,2,4.0,3,17.0,74.0,238.89,4,Married,Desktop,No
CUST-05273,25.0,Female,21,56.31,1172.43,Two Year,Credit Card,None,Yes,No Internet,0,2.0,1,1.0,60.0,16.58,0,Single,Desktop,Yes
CUST-05274,51.0,Male,55,28.17,1484.63,One Year,Mailed Check,Fiber Optic,Yes,No Internet,3,4.0,5,21.4,8.0,282.4,2,Single,Desktop,No
CUST-05275,36.0,Female,27,76.25,2006.73,Two Year,Bank Transfer,Fiber Optic,No,No Internet,2,3.0,2,15.7,11.0,14.43,2,Married,Desktop,No
CUST-05276,52.0,Female,72,86.3,6202.57,One Year,Bank Transfer,DSL,No,No Internet,0,5.0,3,3.1,51.0,226.39,1,Single,Tablet,No
CUST-05277,21.0,Female,17,86.03,1480.32,Two Year,Electronic Check,None,Yes,No Internet,1,5.0,3,14.5,107.0,193.57,1,Married,Tablet,No
CUST-05278,24.0,Male,24,81.7,1916.26,Month-to-Month,Credit Card,DSL,No,No Internet,1,5.0,1,39.0,44.0,95.35,3,Single,Mobile,No
CUST-05279,31.0,Female,20,68.02,1375.01,Two Year,Bank Transfer,Fiber Optic,Yes,No Internet,2,1.0,4,,1.0,143.4,5,Married,Mobile,No
CUST-05280,43.0,Male,15,69.95,1056.09,One Year,Electronic Check,None,Yes,No Internet,0,4.0,2,55.0,15.0,275.39,1,Married,Desktop,No
CUST-05281,33.0,Female,44,81.56,3590.98,Month-to-Month,Credit Card,None,No Internet,No,1,3.0,1,5.3,44.0,256.08,1,Married,Desktop,Yes
CUST-05282,51.0,Male,24,87.03,2056.12,Month-to-Month,Credit Card,None,No,Yes,1,4.0,1,14.0,18.0,109.69,2,Divorced,Mobile,No
CUST-05283,56.0,Male,38,83.49,3105.95,Two Year,Bank Transfer,Fiber Optic,No,No,2,4.0,2,4.9,33.0,116.49,4,Married,Desktop,No
CUST-05284,50.0,Male,37,76.69,2922.35,One Year,Electronic Check,DSL,Yes,Yes,0,3.0,3,19.7,1.0,64.53,5,Married,Mobile,No
CUST-05285,64.0,Male,5,33.58,199.42,Two Year,Credit Card,None,No,Yes,2,1.0,1,10.9,7.0,,3,Divorced,Mobile,No
CUST-05286,47.0,Female,25,39.06,1026.79,Month-to-Month,Credit Card,Fiber Optic,No,No,0,4.0,2,4.6,42.0,196.59,1,Married,Tablet,Yes
CUST-05287,24.0,Female,5,44.02,215.92,Month-to-Month,Mailed Check,None,No,No,1,3.0,3,10.5,6.0,135.55,0,Single,Desktop,Yes
CUST-05288,61.0,Female,21,109.97,2301.17,Month-to-Month,Credit Card,Fiber Optic,No,No,2,3.0,5,6.5,106.0,217.47,4,Single,Mobile,Yes
CUST-05289,33.0,Female,27,93.94,2560.91,One Year,Credit Card,None,No,No Internet,1,5.0,3,4.3,13.0,242.09,2,Divorced,Desktop,Yes
CUST-05290,54.0,Female,72,73.29,5185.15,One Year,Bank Transfer,Fiber Optic,Yes,No,0,4.0,1,13.5,6.0,96.02,3,Single,Mobile,No
CUST-05291,64.0,Male,1,43.21,0.0,One Year,Credit Card,None,No,No,2,4.0,2,15.3,6.0,197.6,1,Divorced,Desktop,No
CUST-05292,48.0,Male,2,29.09,18.29,Month-to-Month,Electronic Check,DSL,No Internet,No,3,5.0,3,2.3,5.0,163.04,2,Married,Mobile,Yes
CUST-05293,21.0,Male,1,107.88,85.15,Month-to-Month,Mailed Check,None,No,No,1,2.0,4,39.7,12.0,30.93,3,Married,Tablet,Yes
CUST-05294,,Male,12,107.27,1243.26,Month-to-Month,Bank Transfer,DSL,Yes,Yes,1,4.0,2,1.0,26.0,86.91,0,Divorced,Desktop,Yes
CUST-05295,60.0,Male,41,29.07,1208.51,Two Year,Electronic Check,DSL,No,Yes,1,5.0,2,4.9,64.0,36.74,4,Married,Desktop,Yes
CUST-05296,39.0,Male,44,,,Month-to-Month,Mailed Check,Fiber Optic,No,Yes,1,2.0,2,6.3,81.0,241.09,4,Divorced,Desktop,No
CUST-05297,43.0,Male,32,62.66,2074.76,Month-to-Month,Credit Card,Fiber Optic,Yes,No Internet,1,3.0,2,1.0,27.0,209.93,3,Married,Tablet,No
CUST-05298,52.0,Male,54,50.4,2845.29,Month-to-Month,Bank Transfer,Fiber Optic,No,No,0,2.0,2,1.4,30.0,240.91,3,Married,Desktop,No
CUST-05299,51.0,Female,9,91.91,764.05,Two Year,Electronic Check,DSL,No Internet,No,1,5.0,3,28.2,22.0,192.44,2,Single,Mobile,No
CUST-05300,45.0,Male,2,79.43,166.23,Month-to-Month,Bank Transfer,Fiber Optic,No,No Internet,3,4.0,4,,12.0,155.57,2,Single,Mobile,No
CUST-05301,39.0,Female,1,96.0,103.28,Month-to-Month,Electronic Check,None,Yes,Yes,1,3.0,5,6.8,22.0,142.64,1,Married,Desktop,Yes
CUST-05302,37.0,Female,45,25.43,1143.64,One Year,Electronic Check,Fiber Optic,No,No,1,3.0,4,17.5,5.0,100.82,4,Married,Desktop,No
CUST-05303,54.0,Female,31,49.86,1491.42,Two Year,Bank Transfer,Fiber Optic,Yes,Yes,3,3.0,4,19.3,11.0,262.72,3,Married,Tablet,No
CUST-05304,49.0,Male,28,49.93,1352.18,One Year,Credit Card,Fiber Optic,Yes,No Internet,4,4.0,2,18.4,6.0,139.81,4,Single,Mobile,No
CUST-05305,38.0,Male,9,50.98,470.84,Month-to-Month,Credit Card,None,Yes,No,2,5.0,3,9.5,54.0,64.31,5,Married,Desktop,No
CUST-05306,57.0,Male,11,68.25,703.48,One Year,Bank Transfer,None,,Yes,3,2.0,2,18.4,5.0,224.1,1,Married,Desktop,No
CUST-05307,40.0,Male,72,46.3,3341.56,Two Year,Credit Card,DSL,No Internet,Yes,1,3.0,1,38.6,41.0,101.24,2,Single,Tablet,No
CUST-05308,30.0,Male,1,62.44,50.14,One Year,Electronic Check,DSL,No,No Internet,2,2.0,4,2.2,2.0,67.04,0,Divorced,Tablet,Yes
CUST-05309,31.0,Female,35,54.78,1924.38,Month-to-Month,Bank Transfer,DSL,No,Yes,2,3.0,1,12.8,32.0,237.32,2,Divorced,Mobile,Yes
CUST-05310,28.0,Female,8,91.53,684.57,Month-to-Month,Electronic Check,Fiber Optic,No Internet,No Internet,0,4.0,1,31.6,43.0,134.24,0,Married,Mobile,Yes
CUST-05311,38.0,Female,1,78.35,86.22,Two Year,Bank Transfer,Fiber Optic,No,No,0,4.0,1,50.6,3.0,60.9,2,Married,Mobile,No
CUST-05312,59.0,Male,32,83.36,2623.47,One Year,Electronic Check,Fiber Optic,No,Yes,0,5.0,1,1.4,44.0,201.72,3,Married,Desktop,No
CUST-05313,30.0,Male,9,39.06,359.57,One Year,Mailed Check,Fiber Optic,Yes,No,3,4.0,1,44.9,26.0,245.08,3,Married,Mobile,No
CUST-05314,44.0,Female,30,50.55,1583.47,Month-to-Month,Electronic Check,Fiber Optic,No,No,2,3.0,3,19.4,34.0,119.99,1,Married,Mobile,No
CUST-05315,32.0,Male,29,20.12,596.53,One Year,Bank Transfer,DSL,No,No,1,4.0,4,19.3,38.0,69.86,0,Married,Tablet,No
CUST-05316,38.0,Female,18,28.84,535.21,Month-to-Month,Credit Card,Fiber Optic,No,No,3,5.0,3,2.4,5.0,7.33,2,Divorced,Desktop,Yes
CUST-05317,20.0,Female,36,44.51,1643.22,Month-to-Month,Bank Transfer,DSL,Yes,No,1,4.0,3,12.9,47.0,260.46,2,Single,Mobile,Yes
CUST-05318,38.0,Male,20,24.55,420.82,Two Year,Bank Transfer,None,Yes,No,1,4.0,3,6.7,45.0,134.35,1,Single,Mobile,No
CUST-05319,39.0,Male,8,78.26,712.03,Month-to-Month,Mailed Check,Fiber Optic,No,No,2,4.0,2,13.2,31.0,266.42,1,Married,Desktop,No
CUST-05320,49.0,Male,31,117.81,3599.33,Month-to-Month,Electronic Check,Fiber Optic,Yes,No,2,,4,20.1,21.0,211.37,5,Married,Tablet,No
CUST-05321,45.0,Male,21,28.08,633.66,Two Year,Electronic Check,DSL,No,No,3,5.0,2,3.0,56.0,148.32,3,Married,Desktop,No
CUST-05322,25.0,Male,1,100.12,137.47,Month-to-Month,Electronic Check,Fiber Optic,Yes,No,1,3.0,1,2.5,63.0,209.63,2,Single,Tablet,No
CUST-05323,57.0,Male,55,29.88,1598.29,One Year,Electronic Check,Fiber Optic,No,Yes,2,5.0,3,6.6,12.0,93.34,0,Single,Tablet,No
CUST-05324,44.0,Male,18,84.99,1580.26,One Year,Electronic Check,DSL,No,No,1,3.0,4,15.4,22.0,59.19,4,Married,Mobile,No
CUST-05325,44.0,Female,48,,3976.25,Two Year,Credit Card,Fiber Optic,No,No,1,5.0,1,16.8,17.0,45.2,4,Single,Mobile,No
CUST-05326,41.0,Female,51,108.27,5616.27,Two Year,Credit Card,DSL,Yes,No,0,5.0,2,14.1,16.0,275.16,2,Married,Desktop,No
CUST-05327,34.0,Male,14,29.39,421.13,One Year,Electronic Check,Fiber Optic,Yes,No,1,4.0,3,28.4,52.0,223.28,1,Married,Tablet,No
CUST-05328,45.0,Female,17,49.54,836.75,Month-to-Month,Electronic Check,Fiber Optic,Yes,No Internet,1,4.0,3,19.9,32.0,280.84,2,Married,Mobile,No
CUST-05329,48.0,Female,12,27.08,299.22,Month-to-Month,Bank Transfer,Fiber Optic,No,Yes,2,2.0,4,10.5,19.0,229.13,0,Married,Mobile,Yes
CUST-05330,18.0,Female,14,58.74,735.19,Two Year,Bank Transfer,Fiber Optic,Yes,No Internet,2,3.0,2,9.9,46.0,115.87,4,Single,Mobile,No
CUST-05331,34.0,Female,54,109.16,5878.73,Month-to-Month,Bank Transfer,DSL,No,No,2,4.0,3,24.0,85.0,281.38,2,Divorced,Mobile,Yes
CUST-05332,38.0,Male,37,96.15,3543.76,One Year,Bank Transfer,DSL,Yes,,1,1.0,2,32.3,15.0,176.41,2,Married,Mobile,No
CUST-05333,45.0,Male,3,90.29,283.97,Month-to-Month,Credit Card,DSL,No Internet,No,3,5.0,5,28.4,4.0,280.54,1,Single,Mobile,No
CUST-05334,58.0,Female,22,71.3,1497.44,Month-to-Month,Electronic Check,DSL,No,No,0,3.0,2,10.3,75.0,63.53,2,Divorced,Mobile,No
CUST-05335,31.0,Female,72,106.35,7645.25,Month-to-Month,Bank Transfer,Fiber Optic,Yes,Yes,2,4.0,2,13.0,94.0,111.78,1,Divorced,Desktop,No
CUST-05336,35.0,Female,21,62.94,1350.55,Month-to-Month,Bank Transfer,Fiber Optic,Yes,No Internet,1,4.0,3,23.1,15.0,112.52,3,Single,Mobile,No
CUST-05337,34.0,Female,36,32.97,1220.7,Two Year,Credit Card,Fiber Optic,No,No,1,4.0,2,13.0,31.0,1.71,1,Married,Tablet,No
CUST-05338,30.0,Female,35,101.76,3468.61,Two Year,Electronic Check,None,No Internet,No,3,4.0,2,3.8,2.0,207.57,1,Married,Desktop,No
CUST-05339,37.0,Male,10,45.96,494.92,One Year,Credit Card,Fiber Optic,Yes,No,1,4.0,2,32.7,1.0,269.4,5,Single,Desktop,No
CUST-05340,52.0,Male,11,23.36,244.63,One Year,Bank Transfer,Fiber Optic,No,No,0,3.0,2,10.2,2.0,275.43,4,Married,Tablet,No
CUST-05341,27.0,Male,30,30.6,908.75,One Year,Bank Transfer,DSL,No,No Internet,2,5.0,1,60.3,44.0,239.11,1,Married,Mobile,Yes
CUST-05342,47.0,Female,16,78.91,1144.33,Two Year,Bank Transfer,Fiber Optic,No Internet,Yes,2,4.0,4,12.1,18.0,76.31,2,Married,Mobile,No
CUST-05343,18.0,Female,20,78.71,1648.88,Two Year,Credit Card,DSL,,No Internet,2,2.0,2,7.3,31.0,115.51,3,Married,Mobile,No
CUST-05344,34.0,Female,29,44.02,1285.42,Month-to-Month,Mailed Check,Fiber Optic,No Internet,Yes,0,4.0,2,3.6,24.0,99.3,1,Married,Mobile,No
CUST-05345,37.0,Female,36,90.72,3189.35,Month-to-Month,Bank Transfer,None,Yes,No,2,4.0,2,6.3,6.0,134.8,1,Single,Desktop,No
CUST-05346,65.0,Female,7,95.36,686.28,One Year,Electronic Check,Fiber Optic,No,No,0,3.0,4,3.7,50.0,136.77,1,Single,Desktop,No
CUST-05347,38.0,Female,3,110.05,347.37,Two Year,Electronic Check,DSL,Yes,No,1,5.0,1,38.2,7.0,267.15,1,Single,Desktop,No
CUST-05348,18.0,Female,8,76.49,673.05,One Year,Electronic Check,None,No,Yes,1,3.0,3,13.8,6.0,31.41,3,Married,Mobile,Yes
CUST-05349,18.0,Male,17,95.94,1615.5,Two Year,Electronic Check,DSL,,No,1,4.0,2,25.7,28.0,227.21,1,Married,Mobile,No
CUST-05350,42.0,Female,10,93.31,933.7,Two Year,Electronic Check,None,No,No Internet,3,3.0,4,3.5,61.0,172.3,0,Divorced,Desktop,No
CUST-05351,50.0,Female,20,43.78,843.46,One Year,Electronic Check,None,No,No,0,4.0,3,1.0,60.0,206.34,0,Single,Mobile,No
CUST-05352,47.0,Male,1,49.02,78.92,Two Year,Bank Transfer,Fiber Optic,No Internet,Yes,0,4.0,1,8.1,17.0,268.04,3,Single,Desktop,No
CUST-05353,44.0,Male,17,65.85,1080.28,Month-to-Month,Electronic Check,DSL,No Internet,Yes,2,3.0,2,41.3,34.0,282.35,0,Married,Mobile,No
CUST-05354,58.0,Female,11,19.9,174.25,Month-to-Month,Credit Card,None,No,No,1,1.0,1,1.8,52.0,3.14,2,Married,Mobile,Yes
CUST-05355,34.0,Male,18,47.74,855.93,One Year,Credit Card,Fiber Optic,No,Yes,2,4.0,3,23.3,7.0,256.15,0,Married,Mobile,No
CUST-05356,54.0,Male,13,65.39,788.78,Month-to-Month,Bank Transfer,DSL,Yes,Yes,3,4.0,2,1.0,15.0,54.48,2,Married,Desktop,No
CUST-05357,19.0,Male,8,28.81,310.59,Month-to-Month,Mailed Check,Fiber Optic,No,No,2,2.0,1,2.7,30.0,46.63,1,Married,Desktop,Yes
CUST-05358,29.0,Female,56,30.63,1811.64,One Year,Electronic Check,Fiber Optic,No,Yes,0,3.0,1,19.6,54.0,272.65,0,Married,Mobile,No
CUST-05359,18.0,Female,4,64.32,234.6,Month-to-Month,Electronic Check,DSL,No,Yes,1,5.0,5,3.6,12.0,282.34,1,Married,Tablet,Yes
CUST-05360,38.0,Male,27,91.1,2390.37,Two Year,Credit Card,DSL,No Internet,No,2,4.0,4,1.0,29.0,118.76,4,Married,Desktop,No
CUST-05361,41.0,Male,62,101.37,6301.77,Two Year,Bank Transfer,DSL,Yes,No,2,3.0,2,3.7,1.0,18.36,1,Single,Mobile,No
CUST-05362,43.0,Female,18,72.63,1283.23,One Year,Bank Transfer,DSL,No Internet,Yes,2,5.0,2,19.8,80.0,244.18,2,Married,Desktop,Yes
CUST-05363,42.0,Female,50,65.47,3332.23,One Year,Electronic Check,DSL,No,No,2,5.0,3,11.4,67.0,253.86,0,Single,Mobile,No
CUST-05364,29.0,Female,3,56.43,129.93,One Year,Credit Card,DSL,Yes,No,0,2.0,2,11.9,76.0,62.88,2,Married,Tablet,No
CUST-05365,39.0,Male,16,37.29,623.87,Month-to-Month,Bank Transfer,DSL,No,Yes,2,5.0,2,7.9,103.0,294.82,0,Single,Desktop,No
CUST-05366,,Male,14,32.66,462.94,Month-to-Month,Mailed Check,DSL,No,No,1,2.0,2,2.4,56.0,235.6,0,Single,Mobile,No
CUST-05367,61.0,Male,1,97.19,63.38,One Year,Mailed Check,None,No,No,0,2.0,1,3.6,7.0,134.08,5,Married,Mobile,No
CUST-05368,37.0,Female,14,64.5,915.0,One Year,Mailed Check,Fiber Optic,Yes,Yes,3,1.0,1,3.1,26.0,135.95,4,Married,Tablet,No
CUST-05369,35.0,Male,11,97.03,1111.26,Month-to-Month,Bank Transfer,Fiber Optic,No,No,3,3.0,1,18.4,5.0,101.87,2,Divorced,Desktop,Yes
CUST-05370,64.0,Male,26,88.41,2303.0,Two Year,Mailed Check,Fiber Optic,Yes,No Internet,0,4.0,1,28.2,0.0,222.91,1,Single,Mobile,No
CUST-05371,24.0,Male,66,37.39,2472.6,One Year,Electronic Check,DSL,No Internet,No Internet,1,4.0,2,4.1,4.0,185.68,0,Married,Desktop,No
CUST-05372,26.0,Male,2,69.03,94.42,Month-to-Month,Mailed Check,None,No Internet,No,2,1.0,3,2.8,55.0,234.11,1,Married,Desktop,No
CUST-05373,26.0,Female,9,62.4,618.81,One Year,Mailed Check,Fiber Optic,No,Yes,1,2.0,1,4.3,40.0,161.05,2,Married,Desktop,Yes
CUST-05374,,Male,14,60.39,897.69,Month-to-Month,Mailed Check,Fiber Optic,,No,0,4.0,2,41.9,42.0,15.67,0,Single,Tablet,No
CUST-05375,48.0,Female,14,72.26,,Month-to-Month,Credit Card,None,No,Yes,2,3.0,2,3.6,15.0,,1,Divorced,Mobile,No
CUST-05376,52.0,Female,35,116.21,4061.14,Two Year,Credit Card,Fiber Optic,No,No,1,1.0,1,17.6,0.0,135.75,2,Divorced,Desktop,No
CUST-05377,78.0,Male,14,99.29,1460.77,Two Year,Electronic Check,DSL,No Internet,No Internet,0,5.0,1,1.9,11.0,218.4,2,Divorced,Desktop,No
CUST-05378,18.0,Female,1,108.37,51.69,Month-to-Month,Electronic Check,None,Yes,No,2,4.0,3,16.2,18.0,75.43,3,Married,Tablet,Yes
CUST-05379,50.0,Female,29,20.96,638.05,Two Year,Bank Transfer,None,No,No,0,3.0,1,4.2,13.0,77.18,3,Married,Desktop,No
CUST-05380,34.0,Female,51,32.03,1605.6,Month-to-Month,Electronic Check,None,No,Yes,1,4.0,3,27.2,20.0,109.64,2,Married,Mobile,Yes
CUST-05381,33.0,Male,17,26.48,539.06,Month-to-Month,Credit Card,DSL,Yes,Yes,3,3.0,1,1.0,28.0,103.15,2,Married,Mobile,No
CUST-05382,33.0,Male,20,44.32,889.57,Month-to-Month,Credit Card,None,Yes,No Internet,3,3.0,4,10.4,3.0,83.79,1,Single,Desktop,No
CUST-05383,29.0,Male,4,62.19,311.78,Month-to-Month,Bank Transfer,Fiber Optic,No,No,1,4.0,1,16.3,71.0,96.22,3,Divorced,Tablet,No
CUST-05384,,Female,5,82.21,372.98,Month-to-Month,Credit Card,Fiber Optic,No,Yes,2,3.0,2,20.4,24.0,41.9,3,Married,Mobile,No
CUST-05385,53.0,Female,6,,346.05,Two Year,Electronic Check,DSL,No Internet,No,1,4.0,3,34.6,58.0,3.88,1,Single,Desktop,No
CUST-05386,42.0,Female,13,108.32,1396.45,Month-to-Month,Mailed Check,DSL,No Internet,No,2,3.0,3,14.7,19.0,292.9,3,Married,Desktop,No
CUST-05387,60.0,Male,63,111.99,7068.5,Month-to-Month,Electronic Check,DSL,No,Yes,2,4.0,1,2.1,39.0,22.35,1,Married,Tablet,No
CUST-05388,20.0,Male,17,34.35,558.41,One Year,Electronic Check,Fiber Optic,No,No,2,3.0,1,19.3,67.0,106.21,1,Single,Desktop,No
CUST-05389,23.0,Female,5,103.29,554.37,Month-to-Month,Credit Card,DSL,Yes,No,3,2.0,2,11.3,27.0,250.6,2,Married,Mobile,Yes
CUST-05390,18.0,Female,7,66.17,452.69,One Year,Bank Transfer,DSL,No Internet,No,1,1.0,3,1.6,15.0,1.22,3,Single,Mobile,No
CUST-05391,32.0,Female,11,63.33,592.56,Month-to-Month,Electronic Check,None,No,Yes,0,4.0,3,2.3,25.0,233.96,0,Single,Desktop,No
CUST-05392,44.0,Male,23,96.49,2246.91,Month-to-Month,Electronic Check,Fiber Optic,No,No,3,5.0,3,26.4,5.0,125.95,2,Single,Desktop,Yes
CUST-05393,43.0,Male,13,27.31,310.9,One Year,Credit Card,Fiber Optic,No Internet,Yes,2,3.0,3,12.5,36.0,64.1,4,Single,Mobile,No
CUST-05394,44.0,Male,11,106.25,1150.67,Month-to-Month,Electronic Check,Fiber Optic,Yes,No Internet,3,2.0,2,2.6,1.0,45.22,0,Single,Desktop,No
CUST-05395,22.0,Male,19,85.09,1694.37,Month-to-Month,Mailed Check,Fiber Optic,No,No,3,1.0,3,23.3,18.0,250.48,4,Married,Mobile,Yes
CUST-05396,53.0,Male,6,105.53,721.82,Month-to-Month,Credit Card,DSL,No,No Internet,4,3.0,2,13.2,23.0,86.2,0,Divorced,Tablet,Yes
CUST-05397,45.0,Male,1,117.45,88.68,Month-to-Month,Credit Card,Fiber Optic,Yes,No,2,5.0,3,2.7,15.0,142.42,0,Married,Mobile,No
CUST-05398,52.0,Male,1,69.8,98.69,One Year,Bank Transfer,Fiber Optic,Yes,Yes,2,5.0,1,9.0,19.0,107.39,2,Married,Mobile,No
CUST-05399,18.0,Male,6,27.33,136.37,Month-to-Month,Credit Card,DSL,No,No,1,,2,39.7,5.0,260.29,2,Divorced,Mobile,Yes
CUST-05400,46.0,Male,2,34.65,54.96,One Year,Mailed Check,DSL,No,No,2,5.0,4,20.9,2.0,43.05,2,Married,Desktop,No
CUST-05401,25.0,Female,9,50.36,422.95,One Year,Mailed Check,Fiber Optic,No,No,1,2.0,3,7.3,17.0,295.12,0,Married,Desktop,Yes
CUST-05402,36.0,Male,35,28.36,906.38,Month-to-Month,Electronic Check,Fiber Optic,No Internet,No,1,4.0,3,1.0,81.0,5.73,0,Married,Mobile,Yes
CUST-05403,49.0,Female,30,,2990.65,Two Year,Electronic Check,DSL,No,Yes,2,5.0,1,3.8,5.0,59.76,2,Married,Desktop,No
CUST-05404,43.0,Female,22,47.69,1063.59,Two Year,Electronic Check,Fiber Optic,No,No,1,1.0,2,3.0,9.0,141.98,3,Single,Mobile,No
CUST-05405,30.0,Female,45,115.59,5168.0,One Year,Bank Transfer,DSL,Yes,No Internet,2,3.0,3,7.1,63.0,52.34,3,Married,Desktop,No
CUST-05406,42.0,Female,7,88.26,672.21,Month-to-Month,Electronic Check,Fiber Optic,Yes,No,1,1.0,3,32.1,9.0,74.6,0,Single,Desktop,Yes
CUST-05407,20.0,Male,51,35.34,1780.54,Month-to-Month,Electronic Check,None,No,No,0,3.0,2,3.0,14.0,296.17,0,Married,Tablet,Yes
CUST-05408,58.0,Female,12,65.6,755.34,Month-to-Month,Electronic Check,None,No,Yes,2,1.0,2,1.0,3.0,183.68,0,Single,Desktop,No
CUST-05409,39.0,Female,12,64.69,802.61,Month-to-Month,Credit Card,Fiber Optic,No,Yes,0,4.0,1,2.1,1.0,13.57,2,Married,Mobile,Yes
CUST-05410,57.0,Female,12,67.25,729.87,Month-to-Month,Bank Transfer,DSL,No,No,0,4.0,4,,32.0,142.84,1,Divorced,Desktop,No
CUST-05411,34.0,Male,2,71.57,,One Year,Bank Transfer,Fiber Optic,Yes,No,0,3.0,4,1.0,4.0,174.46,1,Married,Desktop,No
CUST-05412,34.0,Male,72,21.12,1500.53,Month-to-Month,Electronic Check,Fiber Optic,No,No,0,3.0,2,12.2,24.0,98.81,0,Married,Mobile,No
CUST-05413,31.0,Male,3,86.63,309.35,Two Year,Bank Transfer,Fiber Optic,No,No,0,5.0,2,4.8,16.0,266.31,2,Single,Tablet,No
CUST-05414,54.0,Female,10,66.72,731.61,Month-to-Month,Bank Transfer,None,Yes,Yes,0,2.0,2,7.0,2.0,242.99,0,Married,Tablet,No
CUST-05415,32.0,Female,9,97.1,905.91,One Year,Electronic Check,DSL,No Internet,Yes,3,4.0,2,2.5,16.0,121.15,4,Married,Mobile,No
CUST-05416,51.0,Male,1,99.53,58.93,Two Year,Bank Transfer,Fiber Optic,No,Yes,0,4.0,3,20.5,8.0,227.18,1,Divorced,Desktop,No
CUST-05417,36.0,Female,3,41.05,60.61,Month-to-Month,Credit Card,DSL,Yes,No Internet,0,4.0,1,7.2,58.0,158.7,1,Divorced,Desktop,No
CUST-05418,18.0,Female,1,22.84,0.0,Two Year,Mailed Check,DSL,No,No,0,,3,1.8,9.0,,5,Married,Desktop,Yes
CUST-05419,34.0,Male,8,88.32,,Month-to-Month,Credit Card,Fiber Optic,No Internet,No Internet,4,2.0,3,6.7,35.0,146.46,2,Married,Mobile,No
CUST-05420,25.0,Female,48,115.78,5550.7,Two Year,Credit Card,Fiber Optic,No,No,0,4.0,3,61.6,34.0,33.45,0,Married,Desktop,No
CUST-05421,42.0,Female,9,62.67,534.07,Two Year,Credit Card,Fiber Optic,No,Yes,2,5.0,1,18.8,6.0,93.08,3,Single,Desktop,No
CUST-05422,25.0,Male,3,43.96,125.28,Month-to-Month,Credit Card,Fiber Optic,No,No,3,5.0,3,30.5,24.0,187.16,0,Divorced,Mobile,No
CUST-05423,54.0,Female,24,33.67,862.11,Two Year,Bank Transfer,Fiber Optic,No,No,1,3.0,1,33.4,55.0,,4,Married,Mobile,No
CUST-05424,40.0,Male,72,46.74,3404.22,Month-to-Month,Electronic Check,None,No,No,0,3.0,2,11.9,3.0,264.55,1,Single,Mobile,No
CUST-05425,39.0,Female,6,50.79,326.67,Month-to-Month,Bank Transfer,Fiber Optic,No,No,1,3.0,4,12.2,28.0,251.83,0,Divorced,Mobile,No
CUST-05426,51.0,Female,7,60.39,454.62,Month-to-Month,Credit Card,None,No,No,3,4.0,3,35.6,5.0,163.98,4,Married,Desktop,Yes
CUST-05427,55.0,Female,72,83.54,6023.89,Month-to-Month,Credit Card,Fiber Optic,Yes,No,2,3.0,4,31.0,8.0,56.08,2,Divorced,Mobile,No
CUST-05428,41.0,Male,4,45.32,196.39,One Year,Bank Transfer,Fiber Optic,Yes,Yes,0,3.0,1,18.9,31.0,5.41,2,Divorced,Tablet,No
CUST-05429,31.0,Male,17,23.1,403.75,Month-to-Month,Electronic Check,Fiber Optic,No Internet,No Internet,2,3.0,3,25.9,30.0,105.54,3,Single,Mobile,No
CUST-05430,18.0,Male,6,55.33,331.98,One Year,Bank Transfer,Fiber Optic,No Internet,No,4,5.0,2,20.3,32.0,230.32,2,Married,Desktop,No
CUST-05431,32.0,Female,64,103.56,6665.51,Month-to-Month,Credit Card,Fiber Optic,No,No,0,3.0,2,5.5,23.0,,2,Married,Mobile,No
CUST-05432,33.0,Male,72,67.84,4902.54,Two Year,Credit Card,Fiber Optic,No,No,0,4.0,2,1.9,45.0,87.52,4,Married,Tablet,No
CUST-05433,43.0,Female,40,114.48,4535.16,Month-to-Month,Credit Card,Fiber Optic,Yes,Yes,2,4.0,1,18.9,31.0,36.02,0,Married,Tablet,Yes
CUST-05434,37.0,Male,9,68.36,641.68,Month-to-Month,Credit Card,None,No,No Internet,2,3.0,3,35.4,7.0,212.74,4,Single,Tablet,Yes
CUST-05435,51.0,Male,12,45.59,559.44,One Year,Electronic Check,DSL,No,Yes,0,3.0,3,57.6,3.0,85.98,2,Married,Mobile,Yes
CUST-05436,33.0,Male,6,37.33,254.55,Two Year,Bank Transfer,Fiber Optic,No,Yes,2,4.0,1,1.0,0.0,188.56,4,Single,Desktop,No
CUST-05437,41.0,Female,53,87.45,4629.64,One Year,Credit Card,Fiber Optic,No,No Internet,1,3.0,2,15.2,0.0,157.24,0,Married,Desktop,No
CUST-05438,58.0,Female,59,71.64,4267.35,Month-to-Month,Bank Transfer,DSL,No,No,3,4.0,1,14.4,3.0,297.8,1,Single,Mobile,No
CUST-05439,46.0,Male,13,78.4,1016.13,Month-to-Month,Bank Transfer,None,No,No Internet,0,5.0,2,6.9,17.0,283.89,1,Married,Mobile,No
CUST-05440,,Male,25,93.51,2373.94,Month-to-Month,Bank Transfer,Fiber Optic,No Internet,No,0,3.0,1,12.1,0.0,118.26,2,Single,Mobile,No
CUST-05441,33.0,Female,4,90.59,339.54,One Year,Credit Card,DSL,No Internet,No,0,5.0,3,9.1,14.0,240.66,3,Married,Mobile,No
CUST-05442,33.0,Male,13,22.34,271.06,Month-to-Month,Electronic Check,Fiber Optic,No,Yes,1,4.0,1,38.8,45.0,122.05,5,Married,Desktop,No
CUST-05443,30.0,Female,23,98.26,2290.08,Month-to-Month,Electronic Check,Fiber Optic,Yes,No,2,4.0,2,5.3,4.0,80.93,3,Single,Desktop,No
CUST-05444,34.0,Female,11,71.27,767.38,One Year,Bank Transfer,DSL,No Internet,Yes,2,1.0,2,3.0,46.0,4.38,4,Single,Mobile,No
CUST-05445,52.0,Female,10,57.17,681.99,One Year,Bank Transfer,Fiber Optic,Yes,No Internet,0,5.0,3,16.8,6.0,215.63,4,Single,Mobile,No
CUST-05446,38.0,Female,1,,100.07,One Year,Credit Card,DSL,No,No,0,2.0,2,5.0,7.0,84.07,2,Single,Mobile,Yes
CUST-05447,23.0,Female,39,79.25,3092.0,Month-to-Month,Electronic Check,None,No Internet,No,3,3.0,3,1.0,8.0,144.24,0,Married,Mobile,Yes
CUST-05448,66.0,Female,52,32.95,1754.4,One Year,Electronic Check,Fiber Optic,Yes,Yes,0,4.0,1,24.3,11.0,49.61,2,Single,Mobile,No
CUST-05449,46.0,Female,72,59.74,4277.25,Month-to-Month,Credit Card,DSL,No,No Internet,2,3.0,2,5.9,20.0,19.55,4,Married,Tablet,No
CUST-05450,22.0,Female,30,51.56,1592.95,Month-to-Month,Bank Transfer,None,No,No Internet,0,1.0,1,73.4,34.0,,2,Single,Desktop,Yes
CUST-05451,35.0,Male,19,53.04,1052.52,One Year,Mailed Check,None,No,No,0,5.0,5,5.6,44.0,87.94,2,Divorced,Desktop,No
CUST-05452,43.0,Male,7,27.13,252.59,One Year,Bank Transfer,Fiber Optic,No Internet,No Internet,0,1.0,2,,0.0,76.5,1,Divorced,Desktop,No
CUST-05453,65.0,Male,72,33.98,2424.52,One Year,Bank Transfer,DSL,No Internet,No Internet,3,2.0,4,2.6,4.0,77.76,1,Married,Tablet,No
CUST-05454,26.0,Female,21,34.18,656.64,Month-to-Month,Electronic Check,Fiber Optic,Yes,No,2,2.0,1,11.4,41.0,31.28,1,Married,Desktop,Yes
CUST-05455,55.0,Female,27,55.32,1463.13,Two Year,Credit Card,DSL,Yes,Yes,1,4.0,3,4.6,44.0,,5,Married,Desktop,No
CUST-05456,61.0,Male,27,107.45,2887.07,Month-to-Month,Bank Transfer,Fiber Optic,No Internet,No,0,5.0,3,17.2,86.0,55.84,0,Married,Tablet,Yes
CUST-05457,33.0,Male,44,38.6,1781.76,Two Year,Electronic Check,DSL,No,No,1,5.0,3,1.0,10.0,240.11,2,Single,Desktop,No
CUST-05458,38.0,Male,1,59.62,169.37,Month-to-Month,Mailed Check,Fiber Optic,Yes,No,1,4.0,2,18.0,7.0,294.26,3,Divorced,Mobile,No
CUST-05459,27.0,Female,5,49.16,263.03,Month-to-Month,Electronic Check,Fiber Optic,No,No Internet,2,4.0,1,10.9,25.0,154.42,1,Married,Mobile,No
CUST-05460,39.0,Female,26,96.74,2515.71,Month-to-Month,Bank Transfer,Fiber Optic,Yes,No,1,4.0,2,7.2,2.0,241.66,3,Married,Desktop,No
CUST-05461,41.0,Female,54,23.01,1225.04,Month-to-Month,Electronic Check,DSL,Yes,No Internet,1,4.0,2,1.0,38.0,76.54,2,Single,Desktop,Yes
CUST-05462,51.0,Male,27,37.65,1057.78,Month-to-Month,Mailed Check,Fiber Optic,No,No Internet,1,5.0,2,1.0,19.0,205.21,1,Married,Tablet,No
CUST-05463,57.0,Female,12,39.06,578.15,Two Year,Bank Transfer,Fiber Optic,No,No Internet,3,3.0,1,23.6,37.0,267.31,0,Divorced,Desktop,No
CUST-05464,31.0,Male,10,117.3,1262.29,Month-to-Month,Credit Card,DSL,No,No,2,2.0,1,20.2,5.0,185.13,1,Married,Mobile,No
CUST-05465,18.0,Female,32,75.08,2459.46,One Year,Mailed Check,Fiber Optic,No,No,3,3.0,2,9.4,18.0,210.38,0,Single,Tablet,No
CUST-05466,41.0,Male,32,31.9,1076.97,Two Year,Credit Card,DSL,No Internet,No Internet,3,1.0,3,1.0,12.0,30.08,3,Divorced,Mobile,No
CUST-05467,46.0,Female,22,45.22,1036.46,One Year,Credit Card,Fiber Optic,No,,1,5.0,1,25.2,19.0,107.18,2,Single,Desktop,No
CUST-05468,45.0,Male,8,34.78,275.88,Month-to-Month,Bank Transfer,Fiber Optic,No,No,3,4.0,3,16.4,24.0,9.29,1,Married,Mobile,Yes
CUST-05469,37.0,Male,62,30.46,1851.69,Two Year,Bank Transfer,Fiber Optic,No,No,1,2.0,3,1.2,34.0,49.87,2,Divorced,Mobile,No
CUST-05470,43.0,Female,19,97.72,1855.64,Month-to-Month,Electronic Check,DSL,No,No,3,3.0,2,4.9,60.0,89.28,5,Single,Desktop,Yes
CUST-05471,63.0,Male,37,,2521.58,One Year,Bank Transfer,DSL,No,No,2,5.0,2,1.1,7.0,285.98,1,Single,Mobile,No
CUST-05472,47.0,Male,5,81.12,332.92,One Year,Credit Card,DSL,No,Yes,0,4.0,2,30.6,16.0,12.16,5,Married,Mobile,No
CUST-05473,36.0,Female,10,51.13,,Month-to-Month,Electronic Check,None,Yes,No Internet,0,3.0,2,10.5,3.0,135.52,1,Single,Mobile,Yes
CUST-05474,34.0,Female,49,,3553.83,One Year,Electronic Check,Fiber Optic,No,No,0,2.0,3,7.0,12.0,231.43,1,Married,Mobile,Yes
CUST-05475,39.0,Male,1,43.76,94.45,Month-to-Month,Electronic Check,None,Yes,No,0,1.0,2,15.0,14.0,152.14,2,Married,Mobile,Yes
CUST-05476,64.0,Female,17,48.8,802.11,Month-to-Month,Bank Transfer,None,No,No,0,4.0,2,20.5,17.0,175.88,2,Married,Mobile,Yes
CUST-05477,39.0,Female,15,83.22,1264.71,Month-to-Month,Credit Card,None,Yes,Yes,4,4.0,3,15.9,78.0,280.05,1,Married,Mobile,Yes
CUST-05478,41.0,Male,33,33.04,1055.32,Two Year,Electronic Check,Fiber Optic,No,No,1,2.0,5,26.5,72.0,195.37,1,Single,Mobile,Yes
CUST-05479,35.0,Male,7,79.72,637.92,Two Year,Credit Card,DSL,No,No,1,1.0,4,13.5,2.0,227.26,2,Single,Desktop,No
CUST-05480,57.0,Male,5,103.22,431.06,Month-to-Month,Credit Card,None,No Internet,Yes,5,3.0,4,1.0,16.0,11.85,0,Married,Tablet,Yes
CUST-05481,69.0,Female,62,30.04,1886.27,Month-to-Month,Electronic Check,DSL,No,No,1,4.0,4,2.2,11.0,238.69,0,Married,Mobile,Yes
CUST-05482,48.0,Male,20,107.75,2091.14,Month-to-Month,Bank Transfer,Fiber Optic,Yes,No Internet,1,5.0,1,30.3,13.0,126.62,2,Married,Mobile,No
CUST-05483,43.0,Male,2,25.94,26.41,One Year,Bank Transfer,None,No Internet,No,0,5.0,5,2.1,41.0,5.95,0,Single,Desktop,Yes
CUST-05484,42.0,Female,5,52.89,274.76,Two Year,Electronic Check,Fiber Optic,No,No,2,4.0,1,,6.0,254.87,3,Single,Desktop,No
CUST-05485,18.0,Female,72,79.05,5704.37,Two Year,Bank Transfer,DSL,Yes,Yes,3,5.0,4,3.5,42.0,286.99,4,Single,Mobile,No
CUST-05486,52.0,Male,5,73.94,381.16,One Year,Credit Card,Fiber Optic,No,No,1,3.0,3,48.5,74.0,181.0,4,Married,Mobile,No
CUST-05487,43.0,Female,22,27.64,615.67,One Year,Credit Card,None,Yes,No,2,3.0,4,3.8,35.0,266.67,1,Single,Mobile,No
CUST-05488,47.0,Male,13,97.89,1240.48,Month-to-Month,Credit Card,None,No,No,3,2.0,5,6.7,15.0,58.37,1,Single,Tablet,No
CUST-05489,32.0,Male,52,115.32,5988.44,Month-to-Month,Mailed Check,Fiber Optic,No Internet,Yes,2,2.0,4,22.3,1.0,181.16,1,Married,Desktop,No
CUST-05490,36.0,Female,33,,1193.54,One Year,Electronic Check,None,No,Yes,2,5.0,4,16.1,3.0,134.83,1,Married,Mobile,No
CUST-05491,36.0,Female,21,107.51,2267.48,One Year,Bank Transfer,DSL,No,No,0,5.0,1,5.8,37.0,10.98,0,Married,Desktop,No
CUST-05492,56.0,Male,1,73.68,70.4,Two Year,Credit Card,DSL,Yes,No,0,1.0,4,18.0,3.0,188.23,3,Divorced,Desktop,No
CUST-05493,36.0,Female,50,111.59,5615.98,Month-to-Month,Credit Card,Fiber Optic,Yes,Yes,1,3.0,1,58.6,16.0,172.88,1,Married,Mobile,No
CUST-05494,71.0,Female,14,35.61,503.21,Month-to-Month,Electronic Check,DSL,No Internet,No,4,3.0,2,2.3,61.0,13.46,1,Single,Desktop,Yes
CUST-05495,48.0,Male,64,,6230.87,Month-to-Month,Mailed Check,Fiber Optic,No,No,2,4.0,2,4.1,23.0,62.35,2,Single,Desktop,No
CUST-05496,24.0,Female,16,23.98,364.55,Two Year,Credit Card,DSL,No,Yes,2,3.0,2,8.9,12.0,86.86,3,Married,Tablet,No
CUST-05497,,Male,28,106.32,2924.34,One Year,Mailed Check,Fiber Optic,No,Yes,2,3.0,3,5.6,7.0,58.44,2,Married,Mobile,No
CUST-05498,32.0,Female,1,85.42,93.12,Month-to-Month,Bank Transfer,DSL,Yes,No,2,4.0,2,5.7,23.0,195.07,4,Married,Desktop,No
CUST-05499,18.0,Female,32,55.03,1821.33,Two Year,Credit Card,DSL,No Internet,No,1,5.0,2,8.4,12.0,159.47,0,Single,Desktop,No
CUST-05500,64.0,Male,9,37.05,355.64,Month-to-Month,Credit Card,None,Yes,No,2,2.0,3,23.4,95.0,110.16,2,Single,Desktop,No
CUST-05501,,Male,10,99.65,955.63,Month-to-Month,Electronic Check,DSL,No,No,1,3.0,3,6.6,0.0,129.78,5,Divorced,Desktop,Yes
CUST-05502,49.0,Male,3,78.32,275.7,Month-to-Month,Bank Transfer,DSL,No Internet,No,1,3.0,2,4.5,87.0,289.86,4,Married,Mobile,No
CUST-05503,44.0,Male,3,54.04,145.36,One Year,Electronic Check,DSL,No,No Internet,3,4.0,1,12.0,7.0,33.57,2,Single,Desktop,Yes
CUST-05504,22.0,Male,4,62.38,285.25,One Year,Credit Card,None,No Internet,No Internet,1,2.0,2,30.8,25.0,56.16,1,Married,Mobile,No
CUST-05505,35.0,Male,9,100.65,887.41,One Year,Electronic Check,Fiber Optic,No,No,1,3.0,5,18.0,9.0,161.42,2,Married,Mobile,No
CUST-05506,53.0,Female,53,51.89,2767.84,One Year,Credit Card,Fiber Optic,No,No,1,5.0,5,6.2,51.0,293.3,0,Married,Desktop,No
CUST-05507,27.0,Male,11,26.96,270.64,Month-to-Month,Credit Card,DSL,No Internet,No Internet,2,3.0,3,53.7,36.0,221.72,2,Single,Desktop,Yes
CUST-05508,18.0,Female,30,109.13,3249.25,Month-to-Month,Credit Card,Fiber Optic,No Internet,Yes,1,1.0,1,17.6,8.0,246.12,4,Divorced,Mobile,Yes
CUST-05509,38.0,Female,2,56.73,35.15,Two Year,Electronic Check,DSL,No,Yes,3,5.0,1,2.2,24.0,219.83,3,Single,Mobile,No
CUST-05510,40.0,Male,21,52.84,1135.24,One Year,Electronic Check,DSL,No,No Internet,1,4.0,5,17.8,71.0,23.46,0,Single,Mobile,Yes
CUST-05511,43.0,Female,15,38.44,595.11,Month-to-Month,Credit Card,Fiber Optic,No,No Internet,0,4.0,4,35.4,7.0,88.04,0,Married,Mobile,No
CUST-05512,52.0,Male,72,107.74,,Month-to-Month,Bank Transfer,None,Yes,No Internet,3,2.0,2,9.6,50.0,161.99,5,Divorced,Mobile,Yes
CUST-05513,50.0,Male,44,39.75,1762.77,Month-to-Month,Electronic Check,DSL,Yes,No Internet,0,5.0,3,19.6,47.0,18.56,2,Married,Mobile,No
CUST-05514,45.0,Female,14,81.67,1105.27,Month-to-Month,Credit Card,Fiber Optic,Yes,No,0,3.0,4,2.5,14.0,119.61,0,Divorced,Mobile,No
CUST-05515,58.0,Male,35,106.08,3761.09,Month-to-Month,Mailed Check,DSL,No Internet,No Internet,0,2.0,1,1.8,1.0,63.03,3,Married,Mobile,No
CUST-05516,20.0,Female,5,21.49,157.09,Month-to-Month,Mailed Check,DSL,No,Yes,0,3.0,3,14.8,5.0,195.57,2,Married,Desktop,No
CUST-05517,49.0,Female,19,,1877.31,Two Year,Electronic Check,DSL,No Internet,No Internet,3,5.0,4,7.7,19.0,29.54,1,Married,Desktop,No
CUST-05518,50.0,Female,1,59.06,85.67,Month-to-Month,Electronic Check,None,No,No,1,5.0,4,9.2,19.0,235.95,1,Single,Desktop,Yes
CUST-05519,24.0,Female,10,83.8,881.75,Two Year,Electronic Check,DSL,No,Yes,0,4.0,2,5.5,3.0,171.24,3,Single,Desktop,Yes
CUST-05520,20.0,Female,6,55.24,307.94,One Year,Credit Card,Fiber Optic,Yes,No,4,5.0,5,9.1,10.0,111.9,1,Divorced,Tablet,No
CUST-05521,31.0,Male,30,87.55,2611.7,Month-to-Month,Bank Transfer,DSL,No,No,4,3.0,1,1.6,14.0,42.0,4,Married,Mobile,Yes
CUST-05522,32.0,Male,16,43.43,721.59,One Year,Credit Card,Fiber Optic,No Internet,Yes,1,1.0,1,1.7,50.0,201.48,1,Married,Desktop,No
CUST-05523,52.0,Female,33,20.19,590.75,Month-to-Month,Mailed Check,Fiber Optic,No Internet,Yes,1,3.0,1,8.8,68.0,,4,Married,Desktop,No
CUST-05524,33.0,Male,17,112.78,1862.83,One Year,Electronic Check,DSL,No,,1,3.0,1,9.1,27.0,254.42,3,Married,Mobile,No
CUST-05525,30.0,Male,2,19.64,0.0,Month-to-Month,Credit Card,None,No,No,0,4.0,3,30.8,9.0,38.77,5,Single,Mobile,No
CUST-05526,33.0,Male,31,100.41,3022.89,Month-to-Month,Bank Transfer,Fiber Optic,No,No,1,2.0,2,6.0,34.0,294.08,2,Single,Tablet,No
CUST-05527,57.0,Female,42,34.91,1520.47,One Year,Bank Transfer,DSL,Yes,No Internet,2,2.0,4,16.9,86.0,96.24,1,Married,Tablet,No
CUST-05528,42.0,Male,56,57.22,3104.91,Month-to-Month,Electronic Check,Fiber Optic,Yes,No,1,4.0,4,5.4,3.0,72.3,3,Married,Desktop,No
CUST-05529,39.0,Female,20,100.25,2022.16,Month-to-Month,Bank Transfer,Fiber Optic,No,No Internet,3,2.0,1,5.5,9.0,111.21,2,Married,Mobile,No
CUST-05530,40.0,Male,33,38.59,1314.05,Month-to-Month,Electronic Check,Fiber Optic,No,No Internet,0,3.0,2,18.5,23.0,127.95,5,Married,Desktop,No
CUST-05531,60.0,Male,33,104.57,3436.13,Month-to-Month,Credit Card,Fiber Optic,No,Yes,2,1.0,3,12.4,12.0,175.62,1,Married,Mobile,Yes
CUST-05532,31.0,Male,4,67.78,237.7,Two Year,Electronic Check,DSL,No,Yes,2,,3,7.0,59.0,164.93,2,Divorced,Desktop,No
CUST-05533,60.0,Male,4,54.62,230.12,Month-to-Month,Credit Card,None,Yes,No,4,5.0,1,9.9,9.0,50.38,1,Single,Mobile,Yes
CUST-05534,44.0,Female,1,84.24,84.33,Month-to-Month,Credit Card,DSL,No,No Internet,0,5.0,2,27.9,64.0,83.77,2,Single,Mobile,Yes
CUST-05535,39.0,Male,9,52.14,519.44,Month-to-Month,Electronic Check,DSL,No,No Internet,0,1.0,3,20.6,53.0,222.57,1,Divorced,Tablet,Yes
CUST-05536,77.0,Male,15,52.73,659.52,Month-to-Month,Electronic Check,Fiber Optic,Yes,No,1,4.0,3,40.9,5.0,64.25,2,Married,Desktop,No
CUST-05537,27.0,Female,72,91.35,6531.26,One Year,Mailed Check,DSL,No Internet,Yes,0,2.0,4,31.4,2.0,207.96,0,Single,Mobile,No
CUST-05538,37.0,Female,13,48.98,664.82,Month-to-Month,Electronic Check,DSL,No,No Internet,2,1.0,1,16.6,33.0,227.15,2,Married,Desktop,No
CUST-05539,24.0,Male,31,38.08,1183.0,One Year,Bank Transfer,DSL,No,No,3,4.0,2,3.2,15.0,226.0,2,Married,Tablet,No
CUST-05540,55.0,Male,28,98.76,2802.88,One Year,Mailed Check,None,No Internet,Yes,0,4.0,4,,7.0,222.16,0,Married,Mobile,No
CUST-05541,65.0,Female,5,98.54,505.8,Month-to-Month,Electronic Check,DSL,Yes,No Internet,2,2.0,5,12.1,73.0,77.86,0,Single,Mobile,Yes
CUST-05542,65.0,Female,1,67.76,61.02,One Year,Bank Transfer,DSL,No Internet,,4,3.0,1,1.0,2.0,126.45,1,Single,Desktop,Yes
CUST-05543,,Male,18,70.67,1256.95,One Year,Bank Transfer,DSL,No,Yes,1,3.0,3,17.2,53.0,140.69,1,Divorced,Desktop,No
CUST-05544,39.0,Male,28,87.61,2569.33,Month-to-Month,Mailed Check,Fiber Optic,Yes,No,0,3.0,1,58.7,24.0,284.29,0,Single,Tablet,Yes
CUST-05545,36.0,Male,72,68.93,5039.71,Month-to-Month,Electronic Check,Fiber Optic,No,No Internet,1,3.0,2,26.4,3.0,98.73,2,Divorced,Desktop,No
CUST-05546,18.0,Male,10,59.7,621.78,Month-to-Month,Electronic Check,Fiber Optic,No Internet,No,4,5.0,2,17.5,14.0,281.45,0,Married,Desktop,Yes
CUST-05547,70.0,Female,54,117.49,6348.38,Month-to-Month,Credit Card,Fiber Optic,No,No Internet,2,3.0,2,17.0,22.0,262.04,0,Divorced,Desktop,No
CUST-05548,48.0,Female,11,32.76,387.27,Month-to-Month,Electronic Check,Fiber Optic,No,No Internet,1,3.0,3,34.1,5.0,229.51,2,Single,Desktop,Yes
CUST-05549,35.0,Male,28,77.27,2204.9,One Year,Credit Card,Fiber Optic,Yes,Yes,3,1.0,1,5.6,4.0,206.21,3,Married,Desktop,No
CUST-05550,60.0,Female,21,106.59,2259.33,One Year,Credit Card,Fiber Optic,Yes,No,0,4.0,4,8.9,9.0,148.78,0,Married,Mobile,No
CUST-05551,28.0,Male,1,86.72,49.15,Two Year,Electronic Check,Fiber Optic,No,No,1,4.0,2,16.2,24.0,35.54,4,Married,Desktop,Yes
CUST-05552,47.0,Male,1,106.09,195.32,One Year,Electronic Check,Fiber Optic,No,Yes,0,3.0,1,12.8,44.0,145.9,2,Single,Mobile,Yes
CUST-05553,39.0,Male,1,51.63,63.94,One Year,Bank Transfer,None,No Internet,Yes,1,3.0,2,27.9,97.0,7.2,4,Single,Desktop,Yes
CUST-05554,50.0,Male,11,45.2,597.9,One Year,Bank Transfer,None,No,No,2,4.0,2,6.8,4.0,146.72,3,Single,Mobile,Yes
CUST-05555,41.0,Female,32,,3309.52,Two Year,Credit Card,Fiber Optic,No,No,1,3.0,1,8.1,0.0,189.43,5,Single,Desktop,No
CUST-05556,21.0,Male,4,57.41,217.36,Month-to-Month,Credit Card,None,Yes,No,1,3.0,3,4.3,120.0,120.71,0,Divorced,Desktop,No
CUST-05557,43.0,Male,22,88.97,2026.55,Month-to-Month,Bank Transfer,Fiber Optic,Yes,Yes,0,1.0,3,15.3,4.0,37.7,2,Married,Mobile,Yes
CUST-05558,56.0,Female,8,32.77,277.22,Month-to-Month,Credit Card,DSL,Yes,No,1,5.0,2,7.4,41.0,208.84,4,Married,Mobile,Yes
CUST-05559,,Female,38,93.58,3562.71,Month-to-Month,Bank Transfer,Fiber Optic,No,No,1,3.0,1,11.9,44.0,252.62,5,Married,Mobile,Yes
CUST-05560,52.0,Female,38,72.9,2710.18,Month-to-Month,Electronic Check,DSL,Yes,No Internet,4,3.0,5,1.0,2.0,192.45,3,Married,Mobile,No
CUST-05561,27.0,Female,35,44.86,1603.11,Month-to-Month,Credit Card,DSL,No Internet,No,1,4.0,3,18.3,50.0,173.89,5,Single,Desktop,Yes
CUST-05562,41.0,Male,17,67.45,1121.98,Month-to-Month,Credit Card,Fiber Optic,No,No Internet,3,3.0,1,11.4,8.0,127.05,1,Married,Mobile,No
CUST-05563,33.0,Female,8,87.69,679.13,Two Year,Mailed Check,DSL,No Internet,No,5,3.0,3,20.3,47.0,201.63,2,Married,Mobile,No
CUST-05564,52.0,Female,39,19.19,723.88,Two Year,Electronic Check,DSL,No,No,2,5.0,1,4.3,11.0,94.22,4,Single,Tablet,No
CUST-05565,42.0,Female,4,81.75,348.95,One Year,Credit Card,Fiber Optic,No,No,0,3.0,1,29.0,41.0,173.9,2,Married,Mobile,Yes
CUST-05566,51.0,Female,8,72.16,500.51,Month-to-Month,Credit Card,DSL,No,No Internet,2,5.0,2,30.7,54.0,100.03,3,Married,Mobile,Yes
CUST-05567,57.0,Male,4,40.03,149.58,Two Year,Electronic Check,DSL,No Internet,No Internet,0,4.0,3,8.6,0.0,185.24,2,Single,Desktop,No
CUST-05568,51.0,Female,26,93.3,2474.81,Two Year,Bank Transfer,Fiber Optic,,No Internet,0,,4,1.5,22.0,140.01,1,Married,Mobile,No
CUST-05569,45.0,Male,27,48.35,1243.17,Two Year,Electronic Check,Fiber Optic,No,No,0,3.0,5,10.6,12.0,68.68,1,Single,Desktop,No
CUST-05570,28.0,Male,25,45.69,1150.89,One Year,Bank Transfer,None,No,No,2,1.0,3,15.6,55.0,81.21,0,Married,Tablet,No
CUST-05571,41.0,Male,12,65.12,,Month-to-Month,Mailed Check,None,Yes,No,0,3.0,3,13.7,19.0,218.21,2,Single,Desktop,No
CUST-05572,34.0,Female,2,85.61,151.04,Month-to-Month,Electronic Check,Fiber Optic,No,No Internet,1,3.0,2,34.2,14.0,50.77,1,Single,Desktop,No
CUST-05573,37.0,Male,58,110.88,6513.8,Two Year,Credit Card,Fiber Optic,No Internet,No,0,1.0,1,37.6,4.0,87.1,1,Single,Desktop,No
CUST-05574,36.0,Female,17,32.14,463.86,Month-to-Month,Bank Transfer,Fiber Optic,Yes,No Internet,2,1.0,1,14.6,,217.03,3,Single,Desktop,No
CUST-05575,28.0,Male,12,57.65,730.08,Month-to-Month,Electronic Check,DSL,No,No,0,2.0,5,15.4,153.0,8.28,1,Single,Mobile,Yes
CUST-05576,18.0,Female,21,24.7,494.8,Month-to-Month,Credit Card,Fiber Optic,No,No Internet,2,3.0,2,2.1,58.0,0.78,1,Married,Tablet,Yes
CUST-05577,32.0,Male,5,93.86,442.92,Month-to-Month,Credit Card,Fiber Optic,No Internet,No,1,5.0,3,7.5,10.0,118.35,2,Married,Desktop,Yes
CUST-05578,44.0,Female,3,62.77,132.73,Two Year,Credit Card,Fiber Optic,Yes,No Internet,2,4.0,1,6.0,28.0,284.76,2,Divorced,Desktop,Yes
CUST-05579,23.0,Female,12,88.69,1101.97,Month-to-Month,Bank Transfer,Fiber Optic,Yes,No,1,,2,6.4,184.0,14.2,1,Married,Mobile,No
CUST-05580,42.0,Male,6,50.22,291.75,Month-to-Month,Electronic Check,Fiber Optic,Yes,No,2,4.0,1,19.5,35.0,269.11,5,Divorced,Mobile,Yes
CUST-05581,68.0,Male,6,102.43,598.7,Two Year,Credit Card,Fiber Optic,Yes,No,3,4.0,4,10.0,12.0,169.1,2,Single,Mobile,No
CUST-05582,56.0,Female,53,71.48,3793.93,Month-to-Month,Electronic Check,DSL,No,No Internet,0,3.0,1,10.5,,29.61,3,Married,Desktop,Yes
CUST-05583,65.0,Female,18,112.36,2013.97,Two Year,Electronic Check,Fiber Optic,Yes,No,4,2.0,3,4.3,48.0,249.13,1,Single,Desktop,No
CUST-05584,47.0,Female,15,25.88,288.17,Month-to-Month,Mailed Check,Fiber Optic,No,No Internet,2,5.0,1,2.7,10.0,13.83,1,Married,Desktop,Yes
CUST-05585,58.0,Male,28,69.43,1919.5,One Year,Electronic Check,Fiber Optic,No Internet,Yes,0,4.0,4,7.9,4.0,153.8,2,Single,Desktop,No
CUST-05586,31.0,Female,72,94.65,6859.57,Month-to-Month,Mailed Check,Fiber Optic,Yes,Yes,2,3.0,2,1.0,3.0,185.55,2,Single,Desktop,No
CUST-05587,,Male,2,78.02,80.71,One Year,Mailed Check,DSL,Yes,No,1,3.0,2,2.6,3.0,203.55,3,Married,Desktop,No
CUST-05588,18.0,Female,43,20.32,819.26,Month-to-Month,Bank Transfer,DSL,No Internet,No Internet,3,4.0,2,25.6,3.0,70.74,0,Married,Tablet,No
CUST-05589,58.0,Female,21,115.23,2398.49,Two Year,Bank Transfer,Fiber Optic,No,Yes,0,2.0,3,8.6,21.0,80.52,1,Married,Tablet,No
CUST-05590,63.0,Male,3,47.83,107.21,Month-to-Month,Credit Card,Fiber Optic,Yes,No,0,3.0,1,,,254.58,1,Single,Mobile,Yes
CUST-05591,34.0,Female,8,42.93,342.05,Month-to-Month,Bank Transfer,DSL,No,No,2,1.0,4,1.0,66.0,106.68,3,Married,Mobile,Yes
CUST-05592,38.0,Female,15,66.57,943.9,Two Year,Credit Card,DSL,No Internet,No,2,1.0,3,38.0,34.0,158.23,0,Married,Mobile,No
CUST-05593,31.0,Female,28,72.22,2002.77,Month-to-Month,Electronic Check,Fiber Optic,Yes,No,1,3.0,2,15.9,3.0,133.72,0,Divorced,Mobile,No
CUST-05594,47.0,Male,6,94.63,565.38,One Year,Credit Card,None,No,Yes,1,3.0,5,14.6,88.0,54.14,2,Single,Mobile,No
CUST-05595,57.0,Male,18,57.33,1064.39,One Year,Credit Card,DSL,Yes,No,1,4.0,4,27.5,0.0,121.97,0,Divorced,Desktop,No
CUST-05596,18.0,Female,27,62.0,1736.24,Month-to-Month,Credit Card,Fiber Optic,No,No,0,5.0,2,14.8,41.0,13.01,1,Married,Desktop,No
CUST-05597,47.0,Male,14,71.5,987.92,Month-to-Month,Mailed Check,None,No Internet,No,4,5.0,4,1.0,121.0,45.17,4,Single,Mobile,No
CUST-05598,38.0,Male,47,57.44,2794.08,Two Year,Credit Card,DSL,Yes,No Internet,3,3.0,1,35.4,67.0,249.78,1,Married,Desktop,No
CUST-05599,43.0,Female,48,109.45,5244.4,Month-to-Month,Mailed Check,DSL,No,No Internet,2,3.0,3,31.0,37.0,277.44,1,Married,Tablet,Yes
CUST-05600,48.0,Male,15,103.13,1588.39,Month-to-Month,Credit Card,None,No,No,1,4.0,1,11.0,22.0,6.37,0,Single,Desktop,Yes
CUST-05601,39.0,Female,72,63.5,4668.58,One Year,Electronic Check,DSL,No,No,2,2.0,5,2.0,230.0,96.34,2,Married,Tablet,Yes
CUST-05602,40.0,Male,1,18.02,24.99,Month-to-Month,Bank Transfer,Fiber Optic,Yes,Yes,0,5.0,1,25.8,29.0,280.66,5,Married,Desktop,No
CUST-05603,39.0,Male,1,108.09,39.41,One Year,Bank Transfer,Fiber Optic,No,No,2,5.0,1,11.3,53.0,215.87,1,Married,Mobile,No
CUST-05604,55.0,Female,11,30.43,339.28,Month-to-Month,Mailed Check,DSL,No,No Internet,0,5.0,2,5.9,6.0,3.72,3,Divorced,Tablet,Yes
CUST-05605,47.0,Female,22,42.45,903.32,Two Year,Credit Card,DSL,Yes,No Internet,1,4.0,3,75.1,30.0,32.39,5,Single,Desktop,No
CUST-05606,45.0,Female,23,33.24,750.8,Month-to-Month,Credit Card,Fiber Optic,No,Yes,2,3.0,2,2.7,0.0,221.14,6,Single,Tablet,No
CUST-05607,24.0,Female,15,35.98,638.95,Month-to-Month,Electronic Check,Fiber Optic,No Internet,Yes,3,4.0,3,2.7,49.0,204.03,1,Married,Mobile,Yes
CUST-05608,36.0,Female,3,,233.73,Two Year,Electronic Check,DSL,Yes,No Internet,1,3.0,1,13.7,15.0,262.72,2,Married,Desktop,Yes
CUST-05609,54.0,Male,4,75.95,318.82,Month-to-Month,Mailed Check,Fiber Optic,No,Yes,1,5.0,3,4.7,8.0,227.09,1,Married,Tablet,No
CUST-05610,42.0,Male,45,113.61,5068.56,Month-to-Month,Electronic Check,Fiber Optic,Yes,No,1,2.0,3,8.0,8.0,283.54,1,Married,Mobile,No
CUST-05611,,Male,48,41.15,1959.82,One Year,Electronic Check,Fiber Optic,Yes,Yes,2,4.0,1,4.1,117.0,162.91,1,Married,Mobile,No
CUST-05612,66.0,Female,26,66.56,1767.8,One Year,Bank Transfer,Fiber Optic,Yes,No Internet,2,5.0,3,22.9,60.0,78.94,1,Divorced,Mobile,No
CUST-05613,56.0,Male,26,115.74,3025.15,Month-to-Month,Electronic Check,DSL,No,Yes,0,2.0,3,4.8,46.0,39.34,1,Divorced,Mobile,No
CUST-05614,43.0,Male,21,100.64,2102.19,Month-to-Month,Electronic Check,Fiber Optic,Yes,No,5,3.0,2,27.7,21.0,1.37,1,Single,Tablet,Yes
CUST-05615,34.0,Male,5,90.86,421.81,One Year,Credit Card,Fiber Optic,No,Yes,2,5.0,2,20.0,15.0,37.49,1,Single,Mobile,No
CUST-05616,18.0,Male,13,36.9,495.5,Month-to-Month,Electronic Check,Fiber Optic,,Yes,0,5.0,2,5.3,26.0,179.78,2,Single,Mobile,Yes
CUST-05617,39.0,Male,28,94.94,2743.7,Two Year,Credit Card,Fiber Optic,Yes,No,2,5.0,2,24.1,23.0,121.73,1,Married,Mobile,No
CUST-05618,37.0,Female,18,52.76,904.61,Month-to-Month,Bank Transfer,Fiber Optic,No,Yes,1,5.0,3,5.8,65.0,237.69,2,Married,Mobile,No
CUST-05619,47.0,Male,1,71.05,166.63,Two Year,Credit Card,Fiber Optic,Yes,Yes,1,5.0,3,7.8,108.0,98.53,0,Married,Tablet,No
CUST-05620,39.0,Female,72,78.92,5742.21,Month-to-Month,Bank Transfer,Fiber Optic,Yes,Yes,1,5.0,1,1.2,80.0,106.93,3,Married,Mobile,Yes
CUST-05621,37.0,Female,44,78.94,3541.83,Month-to-Month,Electronic Check,None,Yes,Yes,3,3.0,3,12.6,43.0,185.08,4,Married,Desktop,Yes
CUST-05622,18.0,Male,7,90.65,649.97,Month-to-Month,Credit Card,None,No,No Internet,1,3.0,4,25.4,15.0,281.25,2,Single,Desktop,No
CUST-05623,28.0,Female,22,84.17,,Month-to-Month,Credit Card,Fiber Optic,Yes,No,1,4.0,4,14.6,,177.29,3,Divorced,Desktop,Yes
CUST-05624,48.0,Male,61,24.84,1464.8,Month-to-Month,Credit Card,DSL,No,No Internet,0,2.0,4,12.0,45.0,69.21,1,Married,Desktop,No
CUST-05625,66.0,Female,2,63.73,94.06,Month-to-Month,Credit Card,Fiber Optic,Yes,No,0,4.0,4,34.2,5.0,117.42,0,Single,Desktop,No
CUST-05626,40.0,Female,16,84.4,1388.69,Two Year,Credit Card,DSL,No,Yes,1,4.0,1,8.7,51.0,276.91,1,Married,Desktop,No
CUST-05627,46.0,Female,14,47.6,681.19,Month-to-Month,Electronic Check,Fiber Optic,No,No,2,4.0,3,82.0,72.0,240.8,3,Married,Desktop,Yes
CUST-05628,55.0,Female,12,49.31,584.3,Two Year,Bank Transfer,Fiber Optic,Yes,Yes,0,,3,9.3,41.0,10.23,2,Single,Tablet,No
CUST-05629,30.0,Male,43,30.46,1184.65,Month-to-Month,Bank Transfer,None,No,No,4,4.0,1,15.5,34.0,76.17,1,Married,Tablet,No
CUST-05630,47.0,Male,11,59.86,636.69,One Year,Electronic Check,None,Yes,Yes,1,5.0,3,1.0,7.0,181.19,4,Married,Desktop,No
CUST-05631,31.0,Female,1,116.68,57.98,Two Year,Electronic Check,Fiber Optic,Yes,No,0,3.0,1,18.0,30.0,221.38,5,Married,Mobile,No
CUST-05632,54.0,Male,1,46.53,71.21,Two Year,Credit Card,Fiber Optic,No Internet,No Internet,0,4.0,4,5.8,29.0,36.04,1,Married,Desktop,No
CUST-05633,44.0,Male,1,71.14,61.58,Month-to-Month,Mailed Check,Fiber Optic,No,No Internet,2,4.0,4,2.1,14.0,154.5,3,Single,Mobile,No
CUST-05634,46.0,Male,12,92.32,1076.42,One Year,Mailed Check,DSL,No Internet,No,1,3.0,3,2.4,3.0,168.74,3,Divorced,Mobile,No
CUST-05635,31.0,Female,30,19.35,712.65,Month-to-Month,Credit Card,None,Yes,No,2,2.0,3,10.6,17.0,36.39,2,Married,Desktop,Yes
CUST-05636,51.0,Male,5,108.04,592.11,Month-to-Month,Electronic Check,Fiber Optic,No,Yes,1,4.0,2,13.4,76.0,131.89,2,Married,Mobile,Yes
CUST-05637,71.0,Female,24,56.66,1412.63,One Year,Credit Card,Fiber Optic,Yes,No,0,3.0,3,18.2,45.0,0.93,1,Single,Mobile,No
CUST-05638,27.0,Male,27,104.91,2942.68,Month-to-Month,Credit Card,DSL,No,No Internet,0,3.0,4,8.9,13.0,209.83,0,Married,Mobile,No
CUST-05639,37.0,Male,7,21.89,193.34,Month-to-Month,Credit Card,Fiber Optic,No,No,1,5.0,1,30.0,6.0,22.98,2,Married,Tablet,Yes
CUST-05640,45.0,Female,22,32.57,,Month-to-Month,Electronic Check,Fiber Optic,Yes,No,2,3.0,2,1.1,18.0,43.87,2,Divorced,Desktop,Yes
CUST-05641,53.0,Male,27,50.25,1312.36,Month-to-Month,Electronic Check,DSL,No,No,2,5.0,2,1.9,42.0,237.71,6,Single,Mobile,Yes
CUST-05642,34.0,Female,15,52.55,836.5,Month-to-Month,Bank Transfer,Fiber Optic,Yes,No,1,2.0,1,3.9,34.0,124.14,0,Married,Desktop,No
CUST-05643,18.0,Male,9,102.78,822.05,Two Year,Bank Transfer,DSL,No Internet,No,0,3.0,5,1.6,64.0,207.99,2,Married,Tablet,No
CUST-05644,61.0,Male,23,19.12,435.87,Month-to-Month,Bank Transfer,None,No,Yes,1,4.0,3,21.2,11.0,196.37,1,Married,Desktop,Yes
CUST-05645,52.0,Male,72,82.11,5803.36,One Year,Bank Transfer,Fiber Optic,No,No,0,,3,6.8,20.0,45.2,0,Married,Mobile,No
CUST-05646,18.0,Female,13,31.13,409.63,One Year,Mailed Check,Fiber Optic,No Internet,Yes,1,3.0,2,13.9,8.0,50.73,1,Single,Mobile,No
CUST-05647,33.0,Female,11,100.32,1146.22,One Year,Electronic Check,DSL,Yes,No,0,5.0,3,21.7,44.0,197.74,1,Divorced,Mobile,No
CUST-05648,63.0,Female,14,95.86,1356.01,One Year,Bank Transfer,DSL,No,Yes,1,4.0,2,11.9,16.0,71.45,3,Single,Mobile,No
CUST-05649,62.0,Male,1,67.99,114.9,One Year,Bank Transfer,DSL,Yes,No Internet,2,3.0,3,11.4,16.0,132.5,3,Single,Mobile,No
CUST-05650,55.0,Female,19,39.27,,Month-to-Month,Mailed Check,Fiber Optic,Yes,No Internet,1,3.0,4,9.0,50.0,246.4,2,Married,Mobile,No
CUST-05651,39.0,Female,9,81.45,725.87,Month-to-Month,Electronic Check,None,Yes,No,1,3.0,3,17.8,39.0,82.16,2,Single,Mobile,No
CUST-05652,43.0,Female,3,33.63,241.27,Two Year,Credit Card,DSL,No,Yes,1,4.0,3,11.3,19.0,102.75,5,Single,Tablet,No
CUST-05653,40.0,Female,15,37.0,565.63,Two Year,Bank Transfer,DSL,No,No Internet,0,2.0,3,7.8,14.0,93.98,3,Single,Desktop,No
CUST-05654,57.0,Female,1,80.67,128.13,One Year,Credit Card,DSL,Yes,No Internet,3,3.0,2,14.4,34.0,223.81,4,Married,Mobile,Yes
CUST-05655,29.0,Male,12,117.12,1374.89,Month-to-Month,Mailed Check,Fiber Optic,Yes,No,0,1.0,4,48.9,85.0,96.36,0,Divorced,Mobile,No
CUST-05656,30.0,Female,2,107.11,295.19,Month-to-Month,Bank Transfer,None,Yes,No Internet,2,3.0,1,24.8,16.0,114.88,3,Divorced,Tablet,No
CUST-05657,56.0,Male,1,77.31,129.4,Month-to-Month,Credit Card,Fiber Optic,Yes,Yes,0,2.0,1,8.9,1.0,166.73,2,Married,Mobile,No
CUST-05658,41.0,Female,41,71.85,3019.42,One Year,Bank Transfer,Fiber Optic,No,No,2,3.0,5,14.0,63.0,153.33,4,Married,Mobile,Yes
CUST-05659,61.0,Male,59,117.84,6955.29,One Year,Bank Transfer,DSL,No,No,2,3.0,1,7.4,5.0,82.69,2,Divorced,Mobile,Yes
CUST-05660,32.0,Male,5,72.74,300.93,One Year,Electronic Check,Fiber Optic,No,Yes,0,4.0,2,11.0,69.0,182.78,2,Married,Mobile,Yes
CUST-05661,41.0,Male,18,60.01,1103.2,One Year,Credit Card,DSL,No,No,2,3.0,2,19.8,53.0,,5,Married,Desktop,No
CUST-05662,29.0,Male,7,108.96,677.87,Month-to-Month,Credit Card,DSL,No,No,0,4.0,2,27.3,32.0,137.43,1,Single,Mobile,Yes
CUST-05663,42.0,Male,16,41.42,645.91,One Year,Credit Card,DSL,No,Yes,1,4.0,4,1.0,56.0,113.23,3,Married,Mobile,No
CUST-05664,21.0,Female,13,27.75,370.3,Month-to-Month,Credit Card,Fiber Optic,Yes,No,1,4.0,3,2.7,9.0,235.39,3,Divorced,Mobile,No
CUST-05665,35.0,Female,7,81.41,688.73,One Year,Bank Transfer,DSL,Yes,Yes,2,3.0,4,13.0,58.0,162.05,4,Single,Tablet,No
CUST-05666,21.0,Female,28,27.58,788.17,Month-to-Month,Electronic Check,Fiber Optic,No,No,2,5.0,5,18.2,24.0,296.28,4,Single,Mobile,Yes
CUST-05667,51.0,Female,3,55.31,172.91,Month-to-Month,Credit Card,DSL,No Internet,No,2,3.0,5,,5.0,148.05,2,Single,Tablet,No
CUST-05668,52.0,Male,1,60.36,57.21,Month-to-Month,Credit Card,None,No,Yes,1,4.0,4,4.3,8.0,267.22,3,Married,Desktop,No
CUST-05669,18.0,Female,35,72.75,2479.15,Two Year,Electronic Check,None,Yes,No,4,4.0,3,15.9,46.0,172.12,2,Single,Desktop,No
CUST-05670,60.0,Male,26,117.17,,One Year,Mailed Check,Fiber Optic,Yes,No,0,4.0,2,9.3,55.0,267.99,2,Single,Mobile,No
CUST-05671,76.0,Female,16,40.1,646.74,Month-to-Month,Bank Transfer,DSL,No,No,4,5.0,3,4.2,62.0,199.24,2,Divorced,Tablet,Yes
CUST-05672,42.0,Male,15,55.58,785.27,One Year,Credit Card,Fiber Optic,No,No,2,2.0,5,32.4,6.0,36.22,1,Divorced,Desktop,No
CUST-05673,33.0,Male,16,31.22,440.18,One Year,Electronic Check,None,Yes,Yes,1,4.0,5,11.3,,28.21,2,Divorced,Tablet,No
CUST-05674,80.0,Male,13,78.76,999.8,One Year,Credit Card,DSL,No,Yes,3,3.0,3,29.8,20.0,229.3,3,Married,Desktop,No
CUST-05675,23.0,Male,11,90.77,1001.72,Month-to-Month,Mailed Check,None,No,No Internet,1,3.0,3,8.1,149.0,205.13,3,Divorced,Mobile,Yes
CUST-05676,42.0,Male,16,66.21,1036.48,Month-to-Month,Mailed Check,Fiber Optic,No,Yes,2,3.0,2,15.0,19.0,135.19,3,Single,Desktop,Yes
CUST-05677,44.0,Male,18,42.58,713.9,Month-to-Month,Bank Transfer,None,No,Yes,1,,1,25.5,8.0,128.85,0,Divorced,Mobile,Yes
CUST-05678,60.0,Female,28,80.09,2256.98,Month-to-Month,Credit Card,None,No,Yes,2,4.0,3,6.0,1.0,198.23,0,Single,Mobile,Yes
CUST-05679,47.0,Female,29,71.92,2112.62,One Year,Credit Card,DSL,Yes,Yes,4,2.0,1,29.2,32.0,166.62,4,Single,Mobile,No
CUST-05680,35.0,Male,11,35.12,392.38,Month-to-Month,Mailed Check,Fiber Optic,No,Yes,3,5.0,2,6.5,0.0,60.75,5,Married,Mobile,No
CUST-05681,28.0,Male,12,58.57,674.69,Month-to-Month,Electronic Check,DSL,No Internet,Yes,2,3.0,2,3.4,54.0,262.6,1,Married,Tablet,Yes
CUST-05682,37.0,Female,11,61.52,706.46,Month-to-Month,Bank Transfer,DSL,No Internet,Yes,2,4.0,5,20.2,11.0,210.96,5,Married,Mobile,No
CUST-05683,27.0,Male,18,116.26,2083.15,Month-to-Month,Credit Card,Fiber Optic,Yes,Yes,1,1.0,5,6.1,32.0,195.46,2,Single,Desktop,Yes
CUST-05684,42.0,Female,14,102.93,1381.57,Two Year,Electronic Check,None,No,Yes,0,2.0,1,46.0,20.0,142.93,5,Divorced,Tablet,No
CUST-05685,,Male,52,91.44,4806.69,Two Year,Mailed Check,None,No Internet,Yes,2,3.0,1,24.5,32.0,283.69,1,Divorced,Mobile,No
CUST-05686,21.0,Female,28,106.88,3010.32,Month-to-Month,Electronic Check,DSL,No,No,2,4.0,1,3.9,1.0,3.26,3,Single,Desktop,Yes
CUST-05687,59.0,Female,54,91.55,4937.74,Two Year,Credit Card,DSL,Yes,No,3,3.0,2,64.6,6.0,209.52,4,Married,Mobile,No
CUST-05688,35.0,Female,29,108.34,3063.31,Month-to-Month,Bank Transfer,Fiber Optic,No Internet,No,0,3.0,3,6.8,67.0,294.8,3,Single,Tablet,No
CUST-05689,24.0,Female,72,23.46,1651.88,One Year,Credit Card,DSL,Yes,No,2,5.0,2,12.2,16.0,177.24,1,Divorced,Tablet,No
CUST-05690,39.0,Male,24,63.61,1627.57,Month-to-Month,Mailed Check,DSL,Yes,No,0,2.0,5,1.1,24.0,177.99,3,Single,Mobile,No
CUST-05691,42.0,Male,72,92.69,6598.26,Month-to-Month,Bank Transfer,None,No,No,1,3.0,3,1.0,18.0,238.17,5,Single,Mobile,No
CUST-05692,18.0,Female,4,76.33,,Two Year,Electronic Check,None,Yes,No Internet,1,4.0,2,5.3,72.0,7.18,2,Married,Mobile,No
CUST-05693,46.0,Female,1,35.52,,Two Year,Credit Card,None,Yes,No,2,1.0,3,1.0,6.0,34.67,1,Single,Tablet,No
CUST-05694,27.0,Male,20,52.05,1057.02,Month-to-Month,Credit Card,Fiber Optic,No,Yes,1,2.0,5,4.9,54.0,253.7,2,Divorced,Mobile,Yes
CUST-05695,65.0,Female,72,49.78,3509.3,Two Year,Electronic Check,Fiber Optic,No,No,1,3.0,2,11.1,1.0,197.07,1,Single,Mobile,No
CUST-05696,49.0,Male,12,44.13,538.27,One Year,Electronic Check,Fiber Optic,No Internet,No,0,5.0,2,17.6,58.0,294.8,2,Divorced,Desktop,No
CUST-05697,36.0,Male,5,52.31,177.24,Month-to-Month,Credit Card,DSL,No,No,2,3.0,1,4.3,69.0,122.21,0,Married,Desktop,No
CUST-05698,31.0,Female,17,69.49,1186.2,Month-to-Month,Bank Transfer,None,No Internet,No,0,2.0,2,7.8,46.0,134.1,2,Single,Desktop,Yes
CUST-05699,40.0,Male,25,103.49,2554.63,Month-to-Month,Electronic Check,DSL,No,No,1,5.0,2,7.2,9.0,199.15,5,Married,Mobile,No
CUST-05700,50.0,Female,9,92.2,786.51,One Year,Electronic Check,Fiber Optic,No,Yes,1,3.0,1,6.0,3.0,54.2,1,Married,Tablet,No
CUST-05701,41.0,Male,30,101.52,3087.34,Two Year,Electronic Check,Fiber Optic,No,No,2,1.0,3,7.4,20.0,86.41,1,Married,Desktop,No
CUST-05702,38.0,Male,72,106.36,7646.14,One Year,Credit Card,DSL,No,No Internet,1,3.0,2,10.0,32.0,258.11,1,Divorced,Tablet,No
CUST-05703,42.0,Female,54,59.62,3243.17,One Year,Bank Transfer,Fiber Optic,No,No,1,4.0,3,3.3,51.0,240.89,1,Married,Mobile,No
CUST-05704,33.0,Female,8,52.6,446.14,One Year,Mailed Check,DSL,Yes,Yes,2,1.0,4,9.4,21.0,171.32,1,Single,Mobile,Yes
CUST-05705,37.0,Male,9,23.76,277.34,Month-to-Month,Mailed Check,Fiber Optic,No,,2,4.0,4,4.5,23.0,107.61,1,Single,Mobile,No
CUST-05706,18.0,Male,11,111.05,1161.14,Month-to-Month,Electronic Check,Fiber Optic,No,No Internet,1,3.0,1,1.0,82.0,,1,Married,Desktop,Yes
CUST-05707,55.0,Male,12,24.58,340.91,Month-to-Month,Mailed Check,Fiber Optic,Yes,No Internet,3,4.0,2,3.6,1.0,51.75,4,Married,Mobile,Yes
CUST-05708,46.0,Male,2,92.11,185.04,One Year,Credit Card,None,No Internet,No,1,3.0,2,40.8,11.0,129.95,2,Divorced,Mobile,Yes
CUST-05709,31.0,Female,34,55.81,1878.63,Two Year,Bank Transfer,DSL,No,No,1,3.0,4,10.6,17.0,150.9,4,Divorced,Mobile,No
CUST-05710,68.0,Female,10,112.88,1071.34,Month-to-Month,Electronic Check,Fiber Optic,No,No,0,5.0,2,60.7,30.0,138.44,3,Single,Tablet,No
CUST-05711,43.0,Male,50,59.96,3028.33,Month-to-Month,Credit Card,None,Yes,No,0,2.0,3,3.8,2.0,125.61,1,Married,Tablet,No
CUST-05712,27.0,Male,62,99.66,6132.81,One Year,Mailed Check,Fiber Optic,No,No,5,1.0,2,5.2,62.0,112.68,2,Single,Mobile,Yes
CUST-05713,53.0,Female,1,46.27,72.16,Month-to-Month,Bank Transfer,None,No Internet,Yes,1,5.0,1,15.3,11.0,173.46,0,Divorced,Tablet,Yes
CUST-05714,47.0,Female,72,47.91,3545.91,One Year,Bank Transfer,Fiber Optic,Yes,No Internet,2,1.0,2,6.6,6.0,107.28,0,Married,Mobile,No
CUST-05715,47.0,Female,29,77.55,2297.95,Month-to-Month,Credit Card,Fiber Optic,No,No Internet,3,5.0,3,6.7,26.0,176.9,1,Single,Mobile,No
CUST-05716,36.0,Female,17,117.8,2072.17,One Year,Credit Card,None,No,No,2,5.0,3,27.9,4.0,155.98,3,Divorced,Mobile,No
CUST-05717,48.0,Male,11,69.76,731.41,One Year,Electronic Check,None,No,Yes,1,3.0,4,1.0,12.0,105.96,2,Single,Mobile,No
CUST-05718,38.0,Female,17,111.63,1935.85,Month-to-Month,Bank Transfer,None,No,No,0,4.0,3,16.5,59.0,235.43,6,Single,Mobile,Yes
CUST-05719,49.0,Female,9,96.62,812.37,Two Year,Credit Card,DSL,No,No,1,2.0,3,31.8,46.0,12.86,3,Married,Desktop,No
CUST-05720,18.0,Female,23,97.59,2232.9,Month-to-Month,Electronic Check,Fiber Optic,No,No,0,4.0,2,2.9,9.0,80.87,2,Single,Desktop,Yes
CUST-05721,35.0,Male,2,61.6,210.26,Month-to-Month,Credit Card,DSL,No,No,0,4.0,2,7.7,16.0,148.64,2,Married,Desktop,No
CUST-05722,66.0,Male,23,56.65,1272.56,Month-to-Month,Electronic Check,DSL,Yes,Yes,2,1.0,2,24.8,21.0,273.83,2,Married,Desktop,No
CUST-05723,31.0,Male,7,37.19,315.9,Two Year,Credit Card,Fiber Optic,No Internet,No Internet,2,3.0,1,11.5,25.0,21.62,1,Married,Mobile,No
CUST-05724,33.0,Female,1,114.39,165.17,Month-to-Month,Bank Transfer,None,Yes,No,3,5.0,2,6.6,10.0,175.12,2,Married,Desktop,No
CUST-05725,35.0,Male,19,113.94,2218.6,Month-to-Month,Bank Transfer,Fiber Optic,No,Yes,2,5.0,4,14.7,22.0,51.02,2,Divorced,Desktop,No
CUST-05726,24.0,Male,20,92.71,1790.85,One Year,Electronic Check,None,Yes,No,1,5.0,1,5.9,44.0,3.65,5,Married,Tablet,No
CUST-05727,18.0,Female,13,47.63,645.45,Month-to-Month,Electronic Check,None,No Internet,No,2,4.0,3,14.8,34.0,260.01,1,Married,Mobile,Yes
CUST-05728,38.0,Male,1,42.52,34.69,Month-to-Month,Mailed Check,DSL,No Internet,Yes,2,2.0,1,2.4,90.0,262.97,1,Single,Desktop,Yes
CUST-05729,43.0,Male,53,116.86,6248.0,Month-to-Month,Bank Transfer,DSL,No,No Internet,1,3.0,3,3.8,,82.46,1,Married,Mobile,No
CUST-05730,41.0,Male,22,24.65,459.55,Two Year,Electronic Check,DSL,Yes,No,1,4.0,1,1.0,34.0,258.19,4,Single,Mobile,No
CUST-05731,39.0,Male,2,102.36,223.11,Two Year,Bank Transfer,Fiber Optic,No,No Internet,1,3.0,1,3.1,89.0,113.14,3,Married,Mobile,No
CUST-05732,42.0,Male,17,53.55,921.67,Month-to-Month,Mailed Check,DSL,Yes,No,2,5.0,1,2.1,3.0,14.18,4,Divorced,Tablet,No
CUST-05733,56.0,Female,16,59.89,858.73,One Year,Electronic Check,Fiber Optic,No,No,5,5.0,2,13.7,24.0,67.3,1,Single,Tablet,No
CUST-05734,39.0,Female,1,101.2,56.93,Month-to-Month,Bank Transfer,DSL,No Internet,No,1,4.0,3,43.3,124.0,195.17,1,Single,Tablet,Yes
CUST-05735,33.0,Male,22,27.06,503.81,One Year,Bank Transfer,DSL,No,No Internet,1,3.0,2,3.6,1.0,61.85,3,Married,Mobile,Yes
CUST-05736,38.0,Male,39,53.42,2047.06,Month-to-Month,Credit Card,Fiber Optic,No Internet,No,0,4.0,1,2.1,13.0,173.11,1,Married,Mobile,No
CUST-05737,50.0,Female,33,113.2,3763.06,Month-to-Month,Electronic Check,Fiber Optic,Yes,Yes,1,1.0,5,11.5,2.0,54.75,2,Married,Mobile,No
CUST-05738,61.0,Male,5,87.91,449.32,One Year,Electronic Check,None,No Internet,No Internet,3,3.0,4,3.0,26.0,62.52,2,Married,Tablet,Yes
CUST-05739,33.0,Male,47,93.49,4402.5,Month-to-Month,Mailed Check,None,Yes,Yes,3,4.0,2,11.7,57.0,202.64,0,Single,Desktop,No
CUST-05740,43.0,Female,10,93.75,885.51,Month-to-Month,Electronic Check,None,Yes,No Internet,1,4.0,4,10.5,8.0,261.03,2,Divorced,Desktop,Yes
CUST-05741,46.0,Male,70,24.06,1740.22,Two Year,Electronic Check,DSL,No Internet,Yes,1,3.0,4,1.0,6.0,224.45,1,Divorced,Mobile,No
CUST-05742,28.0,Male,1,38.32,37.38,Two Year,Bank Transfer,Fiber Optic,No,No,0,5.0,3,50.0,22.0,17.4,2,Single,Tablet,Yes
CUST-05743,42.0,Male,15,67.13,,Month-to-Month,Electronic Check,Fiber Optic,No,No,3,3.0,2,3.4,13.0,276.91,1,Single,Desktop,Yes
CUST-05744,21.0,Female,21,54.82,1198.24,One Year,Bank Transfer,DSL,No Internet,No,2,4.0,3,33.8,52.0,48.13,2,Divorced,Desktop,No
CUST-05745,18.0,Male,6,59.09,304.97,One Year,Electronic Check,Fiber Optic,No,No Internet,0,5.0,3,7.2,4.0,218.21,2,Single,Desktop,No
CUST-05746,47.0,Male,35,96.14,3376.33,Month-to-Month,Credit Card,Fiber Optic,Yes,No,3,4.0,4,2.6,73.0,218.38,0,Married,Mobile,No
CUST-05747,36.0,Male,23,19.47,468.98,Two Year,Credit Card,DSL,No,No,1,3.0,3,1.7,49.0,135.45,3,Married,Mobile,No
CUST-05748,44.0,Female,1,84.05,56.77,One Year,Electronic Check,DSL,Yes,No,2,2.0,3,10.7,0.0,169.21,3,Married,Mobile,No
CUST-05749,41.0,Male,22,18.01,428.84,One Year,Mailed Check,None,Yes,Yes,1,2.0,1,6.7,9.0,28.78,5,Married,Desktop,No
CUST-05750,28.0,Male,16,24.31,412.82,Month-to-Month,Electronic Check,Fiber Optic,No,No,2,2.0,3,37.4,73.0,291.86,2,Single,Tablet,Yes
CUST-05751,41.0,Female,5,58.83,,Month-to-Month,Electronic Check,DSL,No Internet,No,4,3.0,1,3.4,57.0,19.41,1,Married,Tablet,Yes
CUST-05752,24.0,Female,72,102.09,7343.87,Month-to-Month,Electronic Check,None,No,No,0,4.0,3,19.3,20.0,273.03,1,Married,Tablet,No
CUST-05753,61.0,Male,54,32.5,1781.18,Month-to-Month,Bank Transfer,None,No,No Internet,1,5.0,3,3.1,23.0,74.7,2,Single,Mobile,No
CUST-05754,23.0,Male,8,73.46,627.1,Month-to-Month,Credit Card,None,No Internet,Yes,0,2.0,5,30.8,2.0,117.42,0,Single,Desktop,No
CUST-05755,39.0,Female,18,85.85,1548.44,Month-to-Month,Mailed Check,Fiber Optic,No Internet,No Internet,1,4.0,2,10.7,48.0,227.35,3,Married,Desktop,Yes
CUST-05756,27.0,Female,9,40.95,424.56,Month-to-Month,Mailed Check,Fiber Optic,No,No Internet,0,4.0,1,26.7,2.0,263.74,2,Married,Desktop,Yes
CUST-05757,49.0,Male,35,69.23,2455.98,Month-to-Month,Bank Transfer,Fiber Optic,,No Internet,0,4.0,2,8.6,30.0,208.62,4,Married,Tablet,No
CUST-05758,37.0,Male,63,109.14,6786.4,Month-to-Month,Credit Card,Fiber Optic,Yes,Yes,2,3.0,2,2.9,3.0,36.48,1,Married,Mobile,No
CUST-05759,34.0,Male,10,69.22,621.96,Month-to-Month,Mailed Check,None,No,No Internet,1,3.0,3,11.6,17.0,105.64,2,Single,Desktop,No
CUST-05760,53.0,Male,39,33.73,1374.58,Month-to-Month,Electronic Check,Fiber Optic,Yes,Yes,1,4.0,1,4.8,13.0,183.02,2,Single,Mobile,No
CUST-05761,42.0,Female,16,80.78,1280.14,One Year,Credit Card,DSL,No,No,0,3.0,1,3.1,16.0,295.91,1,Single,Desktop,No
CUST-05762,49.0,Male,12,77.22,934.85,Month-to-Month,Credit Card,Fiber Optic,No,No Internet,1,3.0,1,35.1,25.0,121.55,1,Single,Mobile,No
CUST-05763,,Female,66,20.7,1423.16,Two Year,Mailed Check,Fiber Optic,No,No,2,5.0,1,12.0,4.0,90.76,1,Single,Desktop,No
CUST-05764,22.0,Female,17,27.06,459.7,One Year,Credit Card,None,No Internet,No,2,5.0,5,24.2,7.0,84.11,3,Divorced,Desktop,No
CUST-05765,43.0,Male,15,33.68,507.06,One Year,Credit Card,DSL,No,No,1,1.0,1,22.4,3.0,256.19,2,Single,Mobile,Yes
CUST-05766,37.0,Male,26,31.63,778.94,Two Year,Bank Transfer,Fiber Optic,Yes,No,1,4.0,2,1.0,31.0,51.18,5,Single,Mobile,No
CUST-05767,50.0,Female,7,43.95,326.15,Month-to-Month,Credit Card,DSL,No,No,0,4.0,2,32.6,1.0,193.41,0,Married,Mobile,Yes
CUST-05768,40.0,Male,9,63.41,600.02,Month-to-Month,Credit Card,DSL,No Internet,No Internet,2,3.0,1,22.3,32.0,254.49,3,Married,Desktop,No
CUST-05769,44.0,Female,64,55.17,,Month-to-Month,Bank Transfer,Fiber Optic,Yes,No,0,3.0,1,4.7,108.0,256.0,1,Married,Mobile,No
CUST-05770,19.0,Female,27,107.06,2844.52,Month-to-Month,Credit Card,DSL,Yes,Yes,2,3.0,4,3.9,66.0,39.09,4,Single,Mobile,No
CUST-05771,68.0,Male,42,79.21,3458.13,Month-to-Month,Electronic Check,Fiber Optic,No,Yes,1,3.0,4,1.0,11.0,237.96,2,Married,Mobile,Yes
CUST-05772,39.0,Male,7,105.61,734.62,Two Year,Bank Transfer,DSL,Yes,Yes,1,3.0,5,1.5,7.0,275.84,3,Single,Mobile,No
CUST-05773,51.0,Male,18,70.7,1238.42,Month-to-Month,Credit Card,None,No,Yes,4,5.0,2,3.2,96.0,234.8,2,Married,Mobile,No
CUST-05774,30.0,Female,72,26.99,1978.61,Two Year,Bank Transfer,None,No,Yes,0,3.0,2,1.0,17.0,210.51,2,Married,Mobile,No
CUST-05775,46.0,Female,9,64.33,576.43,One Year,Credit Card,DSL,No,No,1,4.0,2,5.7,13.0,155.07,0,Married,Mobile,No
CUST-05776,,Female,4,100.2,346.51,One Year,Credit Card,Fiber Optic,No,Yes,1,5.0,2,38.3,4.0,230.3,5,Single,Desktop,Yes
CUST-05777,48.0,Female,17,37.41,660.12,Month-to-Month,Electronic Check,DSL,Yes,No,2,5.0,3,12.2,5.0,172.88,5,Single,Desktop,No
CUST-05778,37.0,Male,11,27.12,255.66,One Year,Credit Card,Fiber Optic,No,Yes,0,4.0,2,13.0,40.0,122.25,2,Divorced,Mobile,No
CUST-05779,42.0,Female,4,50.94,282.58,Month-to-Month,Bank Transfer,DSL,No,No Internet,1,3.0,1,4.1,6.0,148.15,3,Married,Mobile,Yes
CUST-05780,51.0,Female,52,56.89,2983.01,Month-to-Month,Electronic Check,DSL,No Internet,No,4,5.0,1,3.8,5.0,196.33,3,Single,Mobile,Yes
CUST-05781,24.0,Female,72,48.63,3487.52,Two Year,Bank Transfer,None,No,Yes,2,2.0,1,6.9,11.0,167.71,1,Married,Tablet,No
CUST-05782,32.0,Male,20,31.52,635.87,Month-to-Month,Bank Transfer,DSL,No,No Internet,3,4.0,1,4.6,73.0,200.7,0,Single,Mobile,Yes
CUST-05783,48.0,Female,35,43.08,,Month-to-Month,Mailed Check,Fiber Optic,No,No,1,1.0,3,29.3,26.0,294.51,3,Married,Mobile,Yes
CUST-05784,71.0,Female,47,86.23,4062.11,Two Year,Mailed Check,DSL,No,No Internet,0,4.0,3,2.9,44.0,,2,Married,Mobile,No
CUST-05785,40.0,Female,28,56.59,1690.63,Month-to-Month,Mailed Check,Fiber Optic,Yes,No,2,4.0,4,16.9,38.0,298.72,6,Divorced,Desktop,No
CUST-05786,50.0,Female,1,81.25,138.04,One Year,Electronic Check,DSL,Yes,No,4,1.0,2,10.1,89.0,16.24,2,Married,Tablet,No
CUST-05787,40.0,Female,4,71.63,310.9,One Year,Mailed Check,DSL,Yes,No,1,5.0,3,17.0,35.0,182.35,4,Married,Tablet,No
CUST-05788,69.0,Female,1,72.91,26.06,Month-to-Month,Electronic Check,DSL,No,No,0,2.0,2,27.0,4.0,280.2,1,Married,Tablet,Yes
CUST-05789,18.0,Female,1,42.85,35.51,Two Year,Bank Transfer,DSL,No,No,0,2.0,1,6.3,6.0,30.74,1,Divorced,Desktop,No
CUST-05790,43.0,Female,8,70.15,585.14,Two Year,Electronic Check,None,No,No,3,5.0,3,11.7,36.0,297.06,5,Married,Mobile,No
CUST-05791,19.0,Male,11,20.36,182.82,Month-to-Month,Credit Card,None,No Internet,No,0,2.0,2,10.4,7.0,275.56,1,Single,Desktop,Yes
CUST-05792,18.0,Male,6,61.17,431.69,Month-to-Month,Electronic Check,None,No,No,1,4.0,1,7.0,52.0,256.23,0,Married,Desktop,Yes
CUST-05793,46.0,Male,1,75.26,26.55,One Year,Credit Card,DSL,No,No,3,3.0,5,25.1,63.0,158.1,4,Married,Desktop,Yes
CUST-05794,43.0,Female,18,36.2,619.74,One Year,Credit Card,DSL,No Internet,No,2,3.0,1,1.0,16.0,64.13,1,Single,Desktop,Yes
CUST-05795,38.0,Female,7,43.66,277.51,One Year,Credit Card,Fiber Optic,No,No,2,4.0,3,5.6,14.0,26.75,2,Single,Mobile,No
CUST-05796,40.0,Female,38,39.95,1555.29,Month-to-Month,Bank Transfer,None,No,No,4,2.0,2,26.8,3.0,19.41,2,Single,Mobile,Yes
CUST-05797,80.0,Male,1,25.06,0.0,Month-to-Month,Bank Transfer,Fiber Optic,No,Yes,0,,3,30.9,,176.4,3,Married,Desktop,Yes
CUST-05798,38.0,Male,44,52.79,2232.76,Two Year,Electronic Check,DSL,Yes,No,0,5.0,1,17.7,20.0,210.68,3,Divorced,Tablet,No
CUST-05799,49.0,Male,72,115.9,8399.2,Month-to-Month,Bank Transfer,None,No Internet,No Internet,1,5.0,2,6.3,36.0,66.18,2,Divorced,Mobile,No
CUST-05800,32.0,Male,30,53.39,1579.48,One Year,Electronic Check,DSL,No Internet,No,3,5.0,3,25.9,5.0,146.79,1,Divorced,Mobile,No
CUST-05801,46.0,Female,31,64.05,1932.12,Two Year,Bank Transfer,None,No,No,2,3.0,4,1.3,23.0,158.6,3,Married,Tablet,No
CUST-05802,38.0,Male,65,83.31,5377.41,Month-to-Month,Electronic Check,None,No,No,0,4.0,3,4.6,45.0,269.01,3,Single,Mobile,No
CUST-05803,36.0,Female,5,82.85,500.09,One Year,Credit Card,None,No,No,0,4.0,3,1.5,27.0,37.79,3,Single,Tablet,No
CUST-05804,67.0,Female,72,112.99,8102.43,Month-to-Month,Electronic Check,DSL,No Internet,No Internet,4,5.0,2,1.8,14.0,239.33,2,Single,Desktop,No
CUST-05805,58.0,Male,35,103.76,3625.43,Two Year,Electronic Check,Fiber Optic,No Internet,Yes,1,3.0,3,13.5,28.0,231.35,2,Single,Mobile,No
CUST-05806,43.0,Female,31,97.4,2997.05,Month-to-Month,Mailed Check,Fiber Optic,Yes,Yes,1,4.0,1,1.1,162.0,204.34,2,Married,Mobile,Yes
CUST-05807,18.0,Male,10,113.16,1069.97,Month-to-Month,Credit Card,DSL,No,No Internet,2,3.0,1,17.1,34.0,74.36,3,Single,Desktop,No
CUST-05808,,Male,18,41.08,702.3,One Year,Bank Transfer,Fiber Optic,No,No,2,1.0,2,6.4,20.0,15.44,2,Married,Mobile,No
CUST-05809,79.0,Female,25,79.71,1927.69,One Year,Credit Card,Fiber Optic,Yes,No,3,3.0,2,1.0,58.0,234.81,5,Divorced,Desktop,No
CUST-05810,38.0,Female,23,106.72,2502.35,Month-to-Month,Credit Card,DSL,,No,1,4.0,2,5.0,19.0,167.99,4,Married,Tablet,Yes
CUST-05811,57.0,Male,29,80.41,2336.93,Month-to-Month,Bank Transfer,DSL,Yes,No,0,2.0,3,7.6,18.0,188.35,2,Married,Desktop,No
CUST-05812,62.0,Male,2,115.74,,Month-to-Month,Mailed Check,DSL,No Internet,No,2,1.0,3,6.8,24.0,255.68,3,Married,Mobile,No
CUST-05813,45.0,Male,10,28.04,244.95,Month-to-Month,Electronic Check,None,Yes,No,1,3.0,1,10.7,11.0,39.62,5,Divorced,Mobile,Yes
CUST-05814,30.0,Male,13,61.93,762.15,One Year,Bank Transfer,None,No Internet,No,0,2.0,4,10.5,2.0,61.88,0,Single,Desktop,No
CUST-05815,18.0,Female,7,115.74,886.87,Month-to-Month,Electronic Check,Fiber Optic,No Internet,No,1,3.0,3,6.7,14.0,126.28,1,Divorced,Tablet,No
CUST-05816,51.0,Female,4,55.96,276.74,One Year,Credit Card,DSL,Yes,No Internet,5,5.0,4,34.4,39.0,106.18,0,Married,Mobile,No
CUST-05817,30.0,Male,3,91.96,295.12,Two Year,Bank Transfer,Fiber Optic,No,Yes,1,4.0,2,3.7,20.0,284.98,5,Divorced,Mobile,No
CUST-05818,44.0,Female,10,21.04,154.72,Two Year,Electronic Check,DSL,No,Yes,1,3.0,1,6.2,57.0,95.44,2,Married,Desktop,Yes
CUST-05819,24.0,Male,16,87.48,1486.93,One Year,Electronic Check,Fiber Optic,No Internet,No,1,3.0,3,12.1,6.0,269.81,0,Single,Desktop,No
CUST-05820,38.0,Male,1,111.46,107.85,Month-to-Month,Electronic Check,Fiber Optic,No,No,1,5.0,3,4.2,7.0,159.62,2,Married,Mobile,No
CUST-05821,42.0,Female,70,56.27,3917.37,Month-to-Month,Credit Card,None,No,,0,5.0,1,2.4,31.0,,1,Single,Mobile,No
CUST-05822,45.0,Female,34,20.13,741.57,Two Year,Bank Transfer,DSL,No Internet,Yes,0,4.0,3,1.0,51.0,201.86,1,Married,Desktop,No
CUST-05823,26.0,Female,31,20.79,643.38,Two Year,Mailed Check,DSL,Yes,Yes,1,3.0,5,43.6,35.0,224.24,3,Single,Tablet,No
CUST-05824,58.0,Female,4,,370.52,Month-to-Month,Mailed Check,None,No,No Internet,1,4.0,1,23.0,17.0,48.97,4,Single,Mobile,No
CUST-05825,33.0,Female,22,90.25,1987.52,Two Year,Bank Transfer,None,No Internet,No,0,4.0,2,33.0,64.0,125.87,0,Married,Desktop,No
CUST-05826,18.0,Male,18,28.67,476.99,Two Year,Electronic Check,Fiber Optic,Yes,No,0,4.0,3,1.0,33.0,44.48,2,Single,Mobile,No
CUST-05827,40.0,Female,72,23.46,1538.65,Two Year,Credit Card,DSL,No Internet,No,0,4.0,4,1.1,54.0,53.12,1,Married,Mobile,No
CUST-05828,42.0,Female,33,98.48,3205.75,One Year,Bank Transfer,Fiber Optic,No,Yes,5,2.0,3,12.0,70.0,206.26,0,Married,Mobile,No
CUST-05829,44.0,Male,20,98.99,1953.41,Two Year,Electronic Check,Fiber Optic,No,No,2,5.0,3,1.0,22.0,148.57,0,Married,Desktop,No
CUST-05830,61.0,Female,45,30.05,1294.47,Two Year,Bank Transfer,None,No,No,3,5.0,2,4.7,26.0,9.58,0,Single,Tablet,No
CUST-05831,38.0,Female,4,48.15,221.36,Month-to-Month,Electronic Check,Fiber Optic,,No,1,3.0,1,54.0,32.0,280.39,3,Single,Mobile,Yes
CUST-05832,40.0,Male,1,96.0,57.13,Two Year,Electronic Check,DSL,Yes,No,0,5.0,4,6.6,107.0,207.18,2,Divorced,Desktop,No
CUST-05833,26.0,Female,28,70.54,1999.04,Month-to-Month,Electronic Check,Fiber Optic,No,No,1,4.0,5,58.2,49.0,15.89,3,Single,Tablet,Yes
CUST-05834,53.0,Male,2,113.66,165.65,Month-to-Month,Credit Card,DSL,No Internet,No,2,5.0,4,1.9,1.0,216.08,2,Married,Desktop,No
CUST-05835,44.0,Female,2,66.11,177.68,One Year,Electronic Check,DSL,No,No Internet,0,5.0,2,7.3,16.0,251.29,0,Married,Tablet,No
CUST-05836,36.0,Male,32,85.7,2678.58,One Year,Mailed Check,Fiber Optic,No,Yes,3,2.0,2,1.0,60.0,121.68,1,Married,Desktop,No
CUST-05837,18.0,Female,7,68.98,365.78,Two Year,Bank Transfer,DSL,No,No,3,3.0,5,13.4,1.0,226.34,2,Married,Desktop,No
CUST-05838,62.0,Male,23,112.3,2644.76,Month-to-Month,Credit Card,None,Yes,No Internet,1,3.0,5,6.3,29.0,86.96,1,Married,Desktop,No
CUST-05839,24.0,Male,59,57.87,3371.54,Month-to-Month,Mailed Check,Fiber Optic,No Internet,No,0,2.0,3,10.5,87.0,36.39,1,Married,Desktop,No
CUST-05840,33.0,Male,9,40.98,456.67,Month-to-Month,Credit Card,Fiber Optic,Yes,Yes,1,3.0,2,23.8,11.0,291.18,1,Married,Desktop,No
CUST-05841,47.0,Female,5,50.66,281.53,Month-to-Month,Bank Transfer,Fiber Optic,No,No,1,3.0,2,12.0,38.0,1.31,2,Single,Desktop,Yes
CUST-05842,25.0,Female,2,103.28,246.07,One Year,Credit Card,None,No,Yes,2,3.0,1,16.4,11.0,157.04,3,Married,Desktop,No
CUST-05843,21.0,Female,3,67.79,255.64,Month-to-Month,Credit Card,None,No,No Internet,1,3.0,3,9.6,30.0,29.45,3,Single,Mobile,Yes
CUST-05844,18.0,Female,1,53.43,59.06,Month-to-Month,Credit Card,None,No,Yes,1,1.0,1,20.7,82.0,178.94,1,Married,Mobile,Yes
CUST-05845,52.0,Male,2,72.43,151.06,Month-to-Month,Bank Transfer,Fiber Optic,No Internet,No,1,2.0,1,13.8,13.0,1.37,0,Married,Tablet,No
CUST-05846,34.0,Male,13,31.32,471.23,One Year,Electronic Check,DSL,No,No Internet,2,3.0,3,30.1,96.0,18.73,1,Married,Mobile,No
CUST-05847,80.0,Female,9,18.54,172.43,Month-to-Month,Electronic Check,Fiber Optic,Yes,Yes,1,5.0,4,21.2,14.0,211.62,3,Married,Desktop,Yes
CUST-05848,28.0,Male,29,46.06,1299.33,One Year,Electronic Check,Fiber Optic,No Internet,No Internet,2,5.0,3,4.0,14.0,242.89,2,Married,Mobile,Yes
CUST-05849,,Female,49,78.5,3875.79,Month-to-Month,Bank Transfer,DSL,Yes,Yes,2,3.0,2,11.2,43.0,238.24,0,Married,Desktop,No
CUST-05850,34.0,Female,36,89.17,3104.44,Month-to-Month,Electronic Check,DSL,No,No Internet,3,4.0,3,31.2,13.0,52.17,3,Married,Desktop,Yes
CUST-05851,45.0,Male,18,100.66,1877.86,Two Year,Mailed Check,Fiber Optic,No Internet,No,0,5.0,2,29.4,11.0,1.58,4,Single,Desktop,No
CUST-05852,35.0,Male,2,110.67,,Month-to-Month,Credit Card,Fiber Optic,No Internet,,0,3.0,3,9.7,6.0,224.76,0,Single,Desktop,Yes
CUST-05853,50.0,Female,29,59.21,,One Year,Credit Card,Fiber Optic,No,No,1,4.0,3,5.6,2.0,55.0,4,Single,Desktop,No
CUST-05854,28.0,Male,10,92.05,978.49,One Year,Bank Transfer,Fiber Optic,Yes,No,4,5.0,1,3.5,54.0,95.65,4,Married,Mobile,Yes
CUST-05855,22.0,Male,2,25.47,46.73,One Year,Credit Card,Fiber Optic,No,Yes,0,2.0,1,3.2,19.0,82.41,1,Married,Tablet,No
CUST-05856,18.0,Male,44,23.75,1039.67,One Year,Mailed Check,DSL,No Internet,No,3,1.0,3,2.3,31.0,279.49,2,Divorced,Tablet,Yes
CUST-05857,18.0,Female,9,30.48,212.84,One Year,Credit Card,Fiber Optic,No,No,1,4.0,2,118.5,19.0,263.12,5,Married,Mobile,Yes
CUST-05858,,Female,5,62.86,401.7,One Year,Bank Transfer,None,No,No Internet,2,3.0,2,16.3,14.0,136.08,3,Married,Mobile,No
CUST-05859,37.0,Male,49,39.13,1893.12,Month-to-Month,Credit Card,DSL,No,No Internet,0,3.0,3,5.7,15.0,237.66,0,Divorced,Mobile,No
CUST-05860,33.0,Male,55,46.69,,Month-to-Month,Electronic Check,Fiber Optic,No,No,7,5.0,2,5.2,2.0,223.58,2,Divorced,Desktop,Yes
CUST-05861,59.0,Male,9,82.79,757.81,Two Year,Credit Card,DSL,No Internet,Yes,0,5.0,4,5.5,33.0,141.07,2,Married,Mobile,No
CUST-05862,59.0,Female,10,53.85,471.48,Two Year,Electronic Check,DSL,No,No,1,3.0,2,30.9,21.0,28.82,2,Married,Desktop,Yes
CUST-05863,37.0,Male,20,73.74,1387.57,Month-to-Month,Mailed Check,Fiber Optic,Yes,Yes,2,,3,10.8,2.0,232.12,1,Single,Desktop,No
CUST-05864,18.0,Male,31,59.24,1836.72,Month-to-Month,Bank Transfer,Fiber Optic,No,Yes,1,5.0,2,4.8,29.0,203.33,2,Married,Desktop,No
CUST-05865,34.0,Female,1,34.9,12.21,Month-to-Month,Credit Card,Fiber Optic,No,No,2,3.0,2,24.0,7.0,46.91,2,Single,Desktop,Yes
CUST-05866,33.0,Female,21,25.4,528.93,One Year,Bank Transfer,DSL,No,No,1,2.0,1,20.8,4.0,,0,Married,Mobile,No
CUST-05867,32.0,Female,72,,3049.91,Month-to-Month,Electronic Check,Fiber Optic,Yes,No Internet,1,5.0,4,9.5,113.0,238.52,1,Divorced,Mobile,Yes
CUST-05868,32.0,Female,7,23.77,177.64,One Year,Credit Card,DSL,No,No Internet,1,2.0,2,,2.0,230.5,2,Married,Mobile,No
CUST-05869,32.0,Male,57,79.86,4589.95,Two Year,Electronic Check,DSL,No Internet,No,2,3.0,2,20.1,39.0,291.37,0,Married,Mobile,No
CUST-05870,36.0,Male,71,97.57,6949.74,Two Year,Credit Card,DSL,No,No Internet,2,2.0,1,1.0,35.0,138.98,2,Single,Desktop,No
CUST-05871,33.0,Male,7,51.97,347.97,Month-to-Month,Credit Card,None,No Internet,No,2,5.0,2,31.3,22.0,247.9,3,Divorced,Mobile,No
CUST-05872,44.0,Male,33,56.71,1821.34,Two Year,Bank Transfer,DSL,No,No Internet,1,2.0,2,5.1,2.0,2.21,4,Single,Desktop,No
CUST-05873,47.0,Female,6,99.62,610.96,One Year,Credit Card,DSL,No,Yes,1,2.0,1,59.5,10.0,192.78,1,Divorced,Mobile,No
CUST-05874,29.0,Female,32,40.26,1292.51,Month-to-Month,Electronic Check,Fiber Optic,Yes,Yes,3,4.0,3,35.8,5.0,83.66,2,Married,Tablet,No
CUST-05875,59.0,Female,38,29.92,1182.72,Month-to-Month,Credit Card,Fiber Optic,No,No,3,2.0,1,1.0,123.0,46.89,0,Single,Desktop,Yes
CUST-05876,28.0,Male,6,68.11,401.11,One Year,Electronic Check,Fiber Optic,No,Yes,2,,1,14.6,3.0,221.48,3,Married,Tablet,No
CUST-05877,19.0,Female,30,82.62,2463.73,Two Year,Bank Transfer,Fiber Optic,No Internet,Yes,3,2.0,2,50.3,0.0,111.35,1,Single,Mobile,No
CUST-05878,47.0,Female,40,77.97,3107.33,Month-to-Month,Electronic Check,Fiber Optic,Yes,Yes,1,4.0,2,12.5,7.0,184.17,2,Married,Tablet,No
CUST-05879,30.0,Male,10,89.39,847.96,Month-to-Month,Credit Card,DSL,Yes,No,3,2.0,2,14.3,46.0,249.15,3,Married,Tablet,No
CUST-05880,46.0,Female,4,23.68,167.07,Month-to-Month,Credit Card,None,Yes,No Internet,1,3.0,3,40.1,55.0,161.28,3,Married,Mobile,Yes
CUST-05881,18.0,Male,2,60.82,178.62,Two Year,Electronic Check,Fiber Optic,No,No,1,5.0,2,12.8,36.0,131.91,5,Single,Desktop,No
CUST-05882,61.0,Male,20,41.86,776.55,Two Year,Credit Card,DSL,No Internet,No Internet,2,2.0,2,4.2,17.0,186.29,2,Married,Desktop,No
CUST-05883,51.0,Female,72,93.91,6801.72,Month-to-Month,Bank Transfer,Fiber Optic,Yes,No Internet,1,5.0,3,9.3,46.0,298.82,2,Married,Mobile,No
CUST-05884,20.0,Female,41,105.27,4223.82,Month-to-Month,Bank Transfer,Fiber Optic,No,Yes,2,4.0,2,6.5,33.0,38.06,3,Divorced,Mobile,No
CUST-05885,21.0,Male,13,46.13,648.95,Two Year,Credit Card,DSL,Yes,,3,5.0,5,2.7,151.0,81.35,1,Married,Desktop,No
CUST-05886,65.0,Male,18,27.52,460.54,One Year,Electronic Check,None,No,No Internet,0,3.0,4,3.6,17.0,280.27,0,Married,Mobile,No
CUST-05887,31.0,Female,7,43.34,321.38,Two Year,Mailed Check,Fiber Optic,Yes,No Internet,1,,1,1.0,6.0,298.45,2,Divorced,Mobile,No
CUST-05888,30.0,Female,4,28.4,17.12,Two Year,Bank Transfer,Fiber Optic,No,No,1,4.0,2,2.8,2.0,167.34,4,Married,Mobile,No
CUST-05889,18.0,Female,15,50.24,693.66,Month-to-Month,Mailed Check,Fiber Optic,No,No,1,1.0,2,4.5,29.0,5.19,1,Married,Mobile,Yes
CUST-05890,37.0,Male,14,71.82,1028.92,One Year,Mailed Check,DSL,Yes,No Internet,3,4.0,2,21.3,81.0,249.07,1,Divorced,Mobile,Yes
CUST-05891,38.0,Male,17,115.37,1926.24,Month-to-Month,Credit Card,None,No,No,1,2.0,1,6.8,46.0,189.2,1,Married,Mobile,No
CUST-05892,52.0,Male,72,57.94,4129.68,Two Year,Credit Card,Fiber Optic,No,Yes,1,3.0,2,17.6,39.0,157.62,2,Married,Mobile,No
CUST-05893,22.0,Male,22,40.0,949.79,One Year,Bank Transfer,Fiber Optic,No,No,0,4.0,3,83.4,21.0,289.65,0,Married,Tablet,No
CUST-05894,20.0,Male,22,34.68,873.51,Two Year,Bank Transfer,Fiber Optic,No,No,1,4.0,2,13.1,5.0,39.95,2,Married,Desktop,No
CUST-05895,48.0,Male,3,35.3,152.75,Two Year,Bank Transfer,None,No,Yes,0,4.0,4,14.3,9.0,103.41,1,Married,Desktop,No
CUST-05896,56.0,Female,72,37.26,2628.13,Month-to-Month,Bank Transfer,Fiber Optic,No,No,0,2.0,3,12.1,9.0,187.89,2,Divorced,Mobile,No
CUST-05897,20.0,Male,35,94.23,3386.23,Month-to-Month,Bank Transfer,DSL,No Internet,No,3,4.0,3,7.6,32.0,1.4,2,Single,Tablet,No
CUST-05898,57.0,Female,50,24.1,1126.93,Month-to-Month,Electronic Check,Fiber Optic,No Internet,Yes,2,2.0,3,3.1,58.0,259.59,0,Married,Mobile,No
CUST-05899,42.0,Male,12,117.74,1397.66,Two Year,Credit Card,Fiber Optic,No,No,1,5.0,4,56.9,4.0,228.64,1,Single,Desktop,No
CUST-05900,57.0,Male,16,70.27,1127.06,Two Year,Electronic Check,None,No Internet,No Internet,0,3.0,1,9.8,1.0,70.47,2,Married,Mobile,No
CUST-05901,41.0,Male,17,72.43,,Two Year,Mailed Check,Fiber Optic,No Internet,No,3,5.0,4,41.2,21.0,92.39,2,Single,Desktop,No
CUST-05902,18.0,Female,5,53.76,314.43,One Year,Electronic Check,DSL,Yes,No,2,5.0,2,4.5,68.0,91.66,4,Married,Mobile,No
CUST-05903,39.0,Male,28,87.03,2413.65,Month-to-Month,Credit Card,DSL,No Internet,No,1,2.0,3,1.7,97.0,258.34,3,Married,Desktop,No
CUST-05904,56.0,Female,55,65.15,3536.0,Month-to-Month,Credit Card,Fiber Optic,Yes,Yes,1,1.0,3,15.2,19.0,96.31,0,Single,Mobile,No
CUST-05905,29.0,Female,4,50.91,253.75,Month-to-Month,Bank Transfer,Fiber Optic,Yes,No,1,5.0,1,28.6,8.0,83.77,1,Single,Tablet,No
CUST-05906,,Female,2,44.51,62.35,One Year,Mailed Check,DSL,No Internet,No,1,4.0,2,16.3,43.0,221.9,3,Single,Desktop,Yes
CUST-05907,39.0,Male,32,110.57,3549.08,Two Year,Electronic Check,Fiber Optic,Yes,Yes,0,2.0,3,20.4,5.0,173.62,3,Married,Mobile,No
CUST-05908,18.0,Female,7,47.1,261.21,Month-to-Month,Electronic Check,None,No,,1,5.0,4,14.1,52.0,107.79,2,Married,Mobile,Yes
CUST-05909,65.0,Female,23,61.64,1446.18,Two Year,Credit Card,DSL,No Internet,No,2,,1,20.6,61.0,172.83,0,Single,Mobile,No
CUST-05910,29.0,Male,28,53.03,1509.27,Month-to-Month,Electronic Check,Fiber Optic,Yes,No,1,3.0,2,6.3,11.0,275.83,0,Married,Mobile,No
CUST-05911,49.0,Female,9,26.62,177.5,Month-to-Month,Electronic Check,DSL,Yes,No Internet,0,5.0,2,7.4,6.0,135.16,4,Married,Mobile,No
CUST-05912,40.0,Female,40,36.59,1515.18,One Year,Mailed Check,DSL,No,Yes,2,4.0,2,22.7,3.0,1.42,4,Married,Desktop,No
CUST-05913,59.0,Female,19,36.95,729.79,Month-to-Month,Electronic Check,DSL,No,No,2,3.0,4,24.3,28.0,220.15,2,Married,Mobile,No
CUST-05914,47.0,Female,48,87.36,4230.28,Two Year,Bank Transfer,Fiber Optic,No Internet,No Internet,2,1.0,2,1.3,120.0,299.47,1,Married,Desktop,No
CUST-05915,38.0,Female,34,58.66,1975.51,Month-to-Month,Electronic Check,None,No Internet,No,1,5.0,1,1.0,17.0,15.74,2,Single,Desktop,Yes
CUST-05916,29.0,Female,48,96.2,4626.55,Month-to-Month,Mailed Check,Fiber Optic,Yes,No,2,2.0,2,16.5,9.0,183.4,2,Single,Desktop,No
CUST-05917,53.0,Male,1,88.9,92.07,Two Year,Electronic Check,DSL,No,No,2,3.0,1,1.3,52.0,119.55,1,Divorced,Desktop,No
CUST-05918,18.0,Female,6,37.2,215.79,Two Year,Credit Card,DSL,No,Yes,3,4.0,2,2.8,37.0,169.36,3,Married,Desktop,Yes
CUST-05919,51.0,Female,2,74.29,157.11,One Year,Electronic Check,Fiber Optic,No,No Internet,3,1.0,2,3.3,2.0,92.35,4,Married,Mobile,No
CUST-05920,26.0,Female,14,92.29,1354.88,Month-to-Month,Mailed Check,DSL,No,Yes,0,4.0,2,10.7,9.0,225.98,1,Married,Mobile,No
CUST-05921,59.0,Female,52,81.3,,Month-to-Month,Electronic Check,Fiber Optic,No,Yes,1,,4,3.4,14.0,27.98,3,Married,Mobile,No
CUST-05922,44.0,Male,15,78.0,1110.91,Month-to-Month,Bank Transfer,DSL,No,No,1,1.0,4,3.0,7.0,26.97,3,Divorced,Mobile,No
CUST-05923,51.0,Male,45,91.96,,Month-to-Month,Electronic Check,DSL,No Internet,No,5,4.0,2,1.0,64.0,162.07,2,Married,Desktop,No
CUST-05924,43.0,Male,9,23.68,272.68,Two Year,Electronic Check,DSL,,Yes,1,4.0,2,21.8,6.0,96.29,4,Single,Mobile,No
CUST-05925,18.0,Male,9,91.14,812.7,Month-to-Month,Credit Card,Fiber Optic,Yes,Yes,0,4.0,5,2.2,47.0,276.93,2,Divorced,Mobile,No
CUST-05926,29.0,Male,54,45.27,2470.0,Month-to-Month,Electronic Check,DSL,No,Yes,2,4.0,2,12.6,40.0,57.71,0,Married,Mobile,No
CUST-05927,51.0,Female,13,75.19,1002.17,One Year,Bank Transfer,DSL,No,Yes,3,3.0,1,5.3,0.0,232.74,2,Divorced,Tablet,No
CUST-05928,44.0,Male,37,42.23,1520.01,Two Year,Mailed Check,Fiber Optic,No Internet,Yes,1,3.0,3,3.0,9.0,292.39,2,Married,Desktop,No
CUST-05929,58.0,Female,6,101.88,592.18,Month-to-Month,Mailed Check,Fiber Optic,No Internet,No,1,2.0,1,6.4,21.0,98.02,4,Single,Tablet,Yes
CUST-05930,47.0,Female,71,66.06,4727.8,Month-to-Month,Bank Transfer,None,No,Yes,0,2.0,3,4.5,7.0,275.26,4,Single,Tablet,Yes
CUST-05931,28.0,Male,20,82.29,1621.01,Month-to-Month,Mailed Check,DSL,Yes,No,1,5.0,4,8.5,51.0,95.08,2,Married,Desktop,Yes
CUST-05932,30.0,Male,34,97.41,3360.71,Month-to-Month,Bank Transfer,DSL,Yes,No,4,4.0,1,17.6,4.0,166.24,1,Single,Mobile,No
CUST-05933,43.0,Female,2,107.53,280.31,Month-to-Month,Electronic Check,Fiber Optic,No,No,1,2.0,2,1.0,5.0,,1,Married,Mobile,No
CUST-05934,18.0,Female,16,91.21,1516.54,One Year,Credit Card,DSL,No Internet,Yes,0,3.0,2,3.0,26.0,79.27,1,Single,Tablet,No
CUST-05935,65.0,Female,55,32.88,1907.39,Month-to-Month,Credit Card,Fiber Optic,Yes,No,0,5.0,5,1.3,0.0,15.78,2,Divorced,Mobile,No
CUST-05936,48.0,Female,50,103.45,5167.96,Month-to-Month,Mailed Check,DSL,No,No Internet,2,5.0,3,51.5,149.0,8.96,2,Married,Desktop,No
CUST-05937,59.0,Female,1,79.86,88.72,Month-to-Month,Mailed Check,None,Yes,No Internet,2,4.0,1,12.8,22.0,298.69,2,Married,Mobile,No
CUST-05938,19.0,Female,8,78.94,647.55,Two Year,Bank Transfer,DSL,No,No,2,,1,25.8,31.0,,6,Married,Mobile,No
CUST-05939,59.0,Female,14,110.13,1538.8,One Year,Bank Transfer,Fiber Optic,No,No,1,5.0,1,4.7,8.0,100.94,2,Married,Desktop,No
CUST-05940,73.0,Female,4,42.88,198.63,Two Year,Bank Transfer,None,No,No,0,4.0,1,33.9,92.0,204.32,2,Married,Tablet,Yes
CUST-05941,23.0,Female,31,41.96,1215.2,Month-to-Month,Mailed Check,None,No,No,0,4.0,2,14.9,12.0,158.09,1,Single,Mobile,No
CUST-05942,52.0,Male,4,69.32,287.53,Two Year,Credit Card,Fiber Optic,No Internet,Yes,1,5.0,2,7.8,4.0,275.37,2,Married,Desktop,No
CUST-05943,42.0,Female,10,93.09,862.03,Month-to-Month,Credit Card,None,No,No,3,3.0,1,13.8,18.0,74.71,2,Married,Desktop,No
CUST-05944,20.0,Male,26,62.72,1582.59,Month-to-Month,Electronic Check,Fiber Optic,No,No Internet,1,4.0,3,2.0,4.0,153.73,0,Married,Mobile,No
CUST-05945,48.0,Female,15,81.39,1257.49,One Year,Mailed Check,DSL,No Internet,No,0,2.0,1,5.6,98.0,1.94,0,Single,Mobile,No
CUST-05946,53.0,Male,32,63.25,2014.04,One Year,Credit Card,None,Yes,No,7,2.0,5,11.6,21.0,218.24,1,Single,Desktop,No
CUST-05947,33.0,Male,72,79.04,5725.76,Two Year,Electronic Check,Fiber Optic,No,No Internet,1,5.0,3,15.3,27.0,173.42,3,Single,Mobile,No
CUST-05948,58.0,Male,2,100.23,189.42,One Year,Electronic Check,DSL,No Internet,No,2,4.0,1,3.7,19.0,186.98,0,Married,Mobile,No
CUST-05949,18.0,Male,29,36.05,1100.77,Month-to-Month,Credit Card,Fiber Optic,No Internet,No,3,3.0,2,72.2,7.0,217.75,2,Married,Desktop,No
CUST-05950,21.0,Male,6,87.54,513.29,Month-to-Month,Electronic Check,Fiber Optic,No Internet,No,2,3.0,5,26.9,5.0,114.41,0,Married,Mobile,Yes
CUST-05951,43.0,Female,12,96.74,1063.13,Month-to-Month,Electronic Check,None,Yes,No,0,5.0,1,13.0,100.0,46.92,2,Single,Mobile,Yes
CUST-05952,42.0,Male,1,62.71,73.98,Month-to-Month,Credit Card,None,No Internet,No,2,5.0,1,,11.0,55.25,2,Single,Tablet,No
CUST-05953,31.0,Male,3,50.32,42.52,One Year,Bank Transfer,DSL,No Internet,No,0,3.0,1,10.8,1.0,219.58,1,Single,Mobile,No
CUST-05954,53.0,Male,9,19.35,101.51,One Year,Electronic Check,DSL,No,No,0,4.0,3,,,298.25,3,Married,Mobile,No
CUST-05955,49.0,Female,10,97.71,932.95,Two Year,Credit Card,Fiber Optic,Yes,No,2,4.0,2,20.9,8.0,134.78,2,Single,Tablet,No
CUST-05956,54.0,Male,55,50.79,2743.06,One Year,Bank Transfer,Fiber Optic,No,,1,4.0,1,3.7,36.0,51.55,3,Divorced,Tablet,No
CUST-05957,40.0,Male,32,53.73,1692.11,One Year,Credit Card,DSL,No,No,0,5.0,2,7.8,14.0,20.92,5,Married,Mobile,No
CUST-05958,50.0,Female,72,51.6,3663.1,Month-to-Month,Bank Transfer,DSL,No Internet,Yes,2,2.0,1,4.6,81.0,144.4,3,Divorced,Mobile,No
CUST-05959,35.0,Female,21,67.87,1354.97,Month-to-Month,Credit Card,DSL,No,No,1,4.0,2,19.2,17.0,214.87,0,Single,Mobile,Yes
CUST-05960,70.0,Male,6,,606.59,Two Year,Bank Transfer,Fiber Optic,,No,0,2.0,1,21.8,33.0,180.64,1,Single,Mobile,No
CUST-05961,30.0,Male,9,95.19,822.8,Two Year,Credit Card,DSL,No,No Internet,3,4.0,1,17.3,56.0,87.46,2,Married,Mobile,No
CUST-05962,71.0,Male,9,57.26,403.8,Month-to-Month,Bank Transfer,DSL,No,No,0,2.0,3,11.8,59.0,178.34,1,Married,Desktop,No
CUST-05963,42.0,Female,9,84.31,740.74,Two Year,Credit Card,Fiber Optic,No,No,0,4.0,3,7.7,24.0,163.0,0,Married,Mobile,No
CUST-05964,22.0,Male,26,90.07,2285.58,One Year,Electronic Check,DSL,No,No,3,4.0,3,62.3,48.0,65.05,2,Married,Tablet,No
CUST-05965,,Female,18,47.69,814.17,Two Year,Electronic Check,DSL,No,No Internet,1,5.0,3,1.0,8.0,122.76,0,Married,Mobile,No
CUST-05966,43.0,Male,11,27.66,339.78,Month-to-Month,Credit Card,None,Yes,Yes,1,,1,2.0,27.0,262.65,1,Single,Desktop,No
CUST-05967,53.0,Female,3,107.47,300.0,One Year,Mailed Check,Fiber Optic,Yes,No,0,5.0,2,13.7,1.0,225.75,2,Single,Mobile,Yes
CUST-05968,59.0,Male,1,85.71,28.08,Month-to-Month,Electronic Check,DSL,No,No,1,2.0,2,21.1,12.0,278.87,0,Single,Desktop,Yes
CUST-05969,46.0,Male,5,82.81,436.36,One Year,Electronic Check,None,Yes,No,1,3.0,2,47.4,12.0,267.6,3,Married,Mobile,Yes
CUST-05970,33.0,Male,2,23.89,105.28,Month-to-Month,Bank Transfer,DSL,No,No Internet,0,3.0,4,10.1,62.0,74.22,1,Single,Tablet,No
CUST-05971,55.0,Male,36,99.79,3619.28,Month-to-Month,Credit Card,Fiber Optic,No,No,3,4.0,4,4.6,19.0,258.64,2,Married,Mobile,Yes
CUST-05972,42.0,Male,2,74.61,26.54,One Year,Mailed Check,Fiber Optic,No,No Internet,4,1.0,1,29.9,40.0,184.52,1,Married,Mobile,No
CUST-05973,51.0,Female,30,102.79,3027.95,Month-to-Month,Credit Card,Fiber Optic,No Internet,Yes,1,5.0,2,8.7,19.0,288.64,3,Married,Mobile,No
CUST-05974,18.0,Female,11,115.46,1272.43,One Year,Electronic Check,Fiber Optic,Yes,Yes,2,3.0,1,2.1,11.0,58.75,2,Divorced,Mobile,Yes
CUST-05975,48.0,Male,1,113.71,,One Year,Bank Transfer,DSL,Yes,No,1,4.0,3,11.1,84.0,103.15,6,Married,Mobile,No
CUST-05976,33.0,Female,40,103.61,4128.04,Two Year,Mailed Check,Fiber Optic,Yes,No Internet,2,5.0,3,11.2,29.0,120.19,1,Married,Mobile,No
CUST-05977,65.0,Female,20,19.09,332.66,Month-to-Month,Bank Transfer,Fiber Optic,No,No,2,5.0,4,3.9,30.0,7.12,1,Married,Mobile,Yes
CUST-05978,50.0,Female,6,106.57,569.14,Month-to-Month,Bank Transfer,Fiber Optic,No,No,1,3.0,2,2.3,20.0,143.89,3,Single,Mobile,Yes
CUST-05979,45.0,Male,54,25.51,1477.93,Month-to-Month,Electronic Check,Fiber Optic,Yes,No,3,3.0,3,2.3,6.0,283.14,1,Married,Mobile,Yes
CUST-05980,48.0,Female,1,103.12,104.48,Month-to-Month,Credit Card,Fiber Optic,Yes,No Internet,1,4.0,2,26.0,54.0,244.59,2,Married,Mobile,No
CUST-05981,28.0,Male,5,46.02,262.21,One Year,Credit Card,Fiber Optic,No Internet,Yes,1,4.0,3,10.4,40.0,59.78,0,Single,Desktop,No
CUST-05982,64.0,Female,33,79.01,2607.64,Month-to-Month,Credit Card,Fiber Optic,No,No,0,4.0,1,20.0,14.0,84.72,5,Married,Mobile,No
CUST-05983,69.0,Male,29,21.81,634.81,Month-to-Month,Credit Card,DSL,No,No,1,1.0,1,49.2,82.0,292.86,2,Married,Desktop,Yes
CUST-05984,47.0,Male,8,95.12,757.85,Month-to-Month,Credit Card,None,No Internet,No,3,2.0,2,23.6,12.0,17.95,4,Married,Tablet,No
CUST-05985,64.0,Male,1,29.17,0.0,Month-to-Month,Electronic Check,None,No Internet,No,0,2.0,4,2.6,1.0,136.21,1,Single,Mobile,No
CUST-05986,34.0,Male,46,59.07,2641.5,Two Year,Electronic Check,None,Yes,Yes,2,3.0,4,8.2,9.0,266.1,0,Single,Desktop,No
CUST-05987,30.0,Female,9,99.74,916.97,Two Year,Mailed Check,Fiber Optic,No,No Internet,2,2.0,3,10.3,13.0,209.21,3,Divorced,Desktop,No
CUST-05988,42.0,Male,5,87.53,447.04,One Year,Bank Transfer,Fiber Optic,No,No,1,4.0,1,18.1,51.0,294.7,1,Married,Mobile,No
CUST-05989,48.0,Female,17,18.6,363.11,Month-to-Month,Credit Card,None,No Internet,No,3,,3,50.2,46.0,292.54,2,Divorced,Mobile,Yes
CUST-05990,36.0,Male,57,58.3,3359.87,Two Year,Mailed Check,DSL,Yes,No,2,4.0,1,5.0,16.0,225.69,2,Married,Mobile,No
CUST-05991,49.0,Male,1,22.19,0.0,Two Year,Electronic Check,None,No,Yes,2,5.0,2,29.6,36.0,145.92,0,Divorced,Mobile,No
CUST-05992,46.0,Female,34,85.35,2958.53,Two Year,Electronic Check,DSL,No,No,4,3.0,2,1.1,7.0,187.2,2,Married,Desktop,No
CUST-05993,28.0,Female,20,114.89,2336.05,One Year,Credit Card,DSL,No Internet,No,3,,4,30.8,66.0,238.15,2,Married,Mobile,No
CUST-05994,49.0,Male,13,83.53,1120.43,Month-to-Month,Mailed Check,DSL,No Internet,No,0,2.0,3,17.8,1.0,,4,Divorced,Mobile,No
CUST-05995,54.0,Male,32,40.44,1406.55,Month-to-Month,Credit Card,Fiber Optic,No,No,1,3.0,1,1.0,15.0,137.54,2,Married,Tablet,Yes
CUST-05996,44.0,Female,72,53.52,3955.64,Two Year,Credit Card,DSL,No,No Internet,1,4.0,4,14.2,49.0,200.19,4,Single,Tablet,No
CUST-05997,58.0,Male,6,115.67,728.52,Two Year,Electronic Check,DSL,No Internet,No,2,2.0,2,40.2,21.0,81.41,2,Married,Mobile,No
CUST-05998,24.0,Female,3,40.41,149.49,Month-to-Month,Electronic Check,Fiber Optic,No,No,3,4.0,3,8.5,50.0,197.15,4,Single,Desktop,Yes
CUST-05999,48.0,Female,58,74.15,4354.78,Month-to-Month,Credit Card,Fiber Optic,No Internet,Yes,0,3.0,3,1.9,5.0,43.8,1,Married,Tablet,No
CUST-06000,25.0,Male,26,58.05,1480.1,One Year,Electronic Check,None,No Internet,Yes,2,5.0,5,67.1,8.0,125.84,4,Divorced,Mobile,No
CUST-06001,26.0,Male,13,94.83,1204.3,Two Year,Electronic Check,DSL,No Internet,No,0,3.0,2,8.1,15.0,30.58,0,Divorced,Mobile,No
CUST-06002,33.0,Male,20,104.74,2128.47,One Year,Electronic Check,DSL,Yes,Yes,2,1.0,4,11.3,58.0,253.08,2,Married,Desktop,No
CUST-06003,28.0,Male,32,52.08,1623.74,One Year,Credit Card,DSL,No,No,1,3.0,2,51.3,94.0,90.79,1,Divorced,Mobile,No
CUST-06004,34.0,Female,35,84.04,2971.04,Month-to-Month,Credit Card,Fiber Optic,No,No Internet,1,3.0,5,13.2,1.0,277.87,3,Married,Mobile,No
CUST-06005,39.0,Female,60,72.9,4381.84,Month-to-Month,Bank Transfer,Fiber Optic,No,No,1,3.0,2,16.9,84.0,236.39,4,Single,Mobile,Yes
CUST-06006,53.0,Female,13,45.84,553.11,One Year,Mailed Check,DSL,No,No,0,3.0,3,,35.0,94.59,0,Single,Mobile,No
CUST-06007,37.0,Female,8,45.19,362.81,Two Year,Credit Card,Fiber Optic,No,Yes,2,5.0,5,21.0,19.0,181.06,2,Single,Mobile,No
CUST-06008,,Male,24,71.86,1789.89,Month-to-Month,Bank Transfer,None,No,Yes,2,3.0,1,24.2,,132.19,1,Married,Mobile,No
CUST-06009,57.0,Female,12,33.4,404.92,Month-to-Month,Credit Card,DSL,No Internet,Yes,1,3.0,3,1.2,10.0,241.82,5,Married,Tablet,No
CUST-06010,30.0,Male,21,99.08,2085.01,One Year,Credit Card,Fiber Optic,No,No,0,4.0,5,40.8,32.0,205.9,1,Single,Desktop,No
CUST-06011,41.0,Female,13,24.9,340.15,Month-to-Month,Mailed Check,DSL,Yes,No,1,3.0,5,11.8,16.0,196.14,2,Married,Desktop,Yes
CUST-06012,48.0,Male,3,27.46,105.34,One Year,Credit Card,DSL,Yes,Yes,1,2.0,1,11.4,0.0,217.89,2,Divorced,Mobile,No
CUST-06013,44.0,Female,15,52.22,766.76,One Year,Electronic Check,DSL,Yes,No,2,5.0,1,27.1,101.0,126.38,3,Single,Mobile,No
CUST-06014,57.0,Female,28,29.81,852.19,One Year,Bank Transfer,Fiber Optic,No Internet,No,0,1.0,2,5.5,32.0,,5,Married,Desktop,No
CUST-06015,48.0,Male,38,65.57,2439.21,Two Year,Credit Card,Fiber Optic,No Internet,No,0,4.0,3,16.0,46.0,105.38,2,Single,Tablet,No
CUST-06016,29.0,Male,16,57.97,887.57,Month-to-Month,Mailed Check,None,No,No,3,5.0,3,5.7,30.0,48.08,1,Divorced,Desktop,Yes
CUST-06017,72.0,Female,4,90.18,327.16,One Year,Electronic Check,None,No,Yes,2,3.0,3,21.5,37.0,108.73,4,Married,Mobile,Yes
CUST-06018,44.0,Male,12,113.3,1383.09,Month-to-Month,Electronic Check,Fiber Optic,No,No,1,2.0,3,8.5,1.0,189.54,1,Single,Tablet,Yes
CUST-06019,39.0,Female,37,93.36,3462.33,Two Year,Electronic Check,DSL,Yes,No,1,3.0,1,3.1,14.0,94.27,1,Divorced,Desktop,No
CUST-06020,55.0,Female,12,35.94,424.56,Two Year,Bank Transfer,None,No,No Internet,2,3.0,2,35.9,82.0,58.12,1,Single,Desktop,No
CUST-06021,45.0,Female,28,111.55,3157.94,Month-to-Month,Electronic Check,Fiber Optic,No,Yes,2,5.0,3,21.0,94.0,287.2,1,Married,Desktop,Yes
CUST-06022,47.0,Male,16,57.21,934.3,Month-to-Month,Credit Card,Fiber Optic,No Internet,No,2,1.0,3,1.0,75.0,174.58,1,Single,Desktop,Yes
CUST-06023,76.0,Female,6,,378.02,Month-to-Month,Electronic Check,DSL,No,Yes,3,4.0,1,1.0,200.0,9.68,2,Divorced,Mobile,Yes
CUST-06024,38.0,Male,38,60.16,,One Year,Electronic Check,Fiber Optic,No,No,0,4.0,3,7.1,2.0,234.45,2,Married,Desktop,No
CUST-06025,37.0,Male,2,46.05,51.11,Month-to-Month,Credit Card,None,No Internet,No,5,4.0,5,22.7,1.0,202.39,4,Single,Mobile,Yes
CUST-06026,43.0,Female,17,107.5,1754.16,One Year,Mailed Check,Fiber Optic,No,Yes,1,4.0,3,4.8,80.0,116.7,1,Divorced,Mobile,No
CUST-06027,57.0,Female,5,51.22,263.13,One Year,Electronic Check,Fiber Optic,No Internet,No,1,5.0,3,70.3,0.0,209.19,2,Divorced,Desktop,No
CUST-06028,20.0,Male,1,75.86,32.75,One Year,Bank Transfer,Fiber Optic,No,No,2,4.0,1,37.7,64.0,274.33,5,Single,Mobile,Yes
CUST-06029,18.0,Male,16,42.0,647.23,Two Year,Credit Card,Fiber Optic,Yes,No,1,5.0,3,30.0,62.0,64.69,3,Married,Mobile,No
CUST-06030,33.0,Female,16,97.74,1557.46,Month-to-Month,Mailed Check,None,Yes,No,1,2.0,3,1.0,23.0,158.51,1,Married,Mobile,Yes
CUST-06031,19.0,Female,29,95.42,2819.38,Two Year,Mailed Check,Fiber Optic,No Internet,No,1,3.0,2,49.9,63.0,231.47,4,Married,Tablet,No
CUST-06032,36.0,Female,32,47.63,1570.6,Month-to-Month,Electronic Check,None,Yes,No,1,1.0,4,13.4,34.0,24.96,4,Married,Mobile,Yes
CUST-06033,49.0,Male,31,86.16,2668.22,Month-to-Month,Bank Transfer,None,No,Yes,1,4.0,3,13.4,5.0,225.53,1,Single,Desktop,No
CUST-06034,29.0,Female,12,,1123.96,Month-to-Month,Bank Transfer,Fiber Optic,No,No,2,4.0,2,1.6,55.0,229.16,0,Divorced,Tablet,No
CUST-06035,,Female,23,74.25,1607.13,One Year,Credit Card,DSL,No,No,3,4.0,1,14.1,15.0,165.83,2,Married,Tablet,Yes
CUST-06036,42.0,Female,20,78.06,1655.06,Month-to-Month,Electronic Check,DSL,No,No,2,3.0,2,11.3,7.0,235.43,2,Married,Desktop,Yes
CUST-06037,54.0,Female,13,75.45,1015.47,One Year,Credit Card,None,Yes,Yes,1,3.0,1,11.7,113.0,201.12,3,Single,Mobile,No
CUST-06038,18.0,Male,21,26.19,555.13,Month-to-Month,Mailed Check,DSL,Yes,Yes,2,2.0,1,3.2,34.0,97.3,1,Married,Mobile,Yes
CUST-06039,53.0,Female,70,85.03,5907.53,Two Year,Credit Card,Fiber Optic,Yes,No,0,3.0,1,11.8,6.0,43.89,1,Divorced,Mobile,No
CUST-06040,53.0,Male,5,64.98,303.0,One Year,Electronic Check,Fiber Optic,Yes,Yes,1,3.0,2,1.1,61.0,288.67,2,Single,Desktop,No
CUST-06041,55.0,Male,56,61.85,3494.07,One Year,Bank Transfer,DSL,Yes,No Internet,0,4.0,3,1.0,52.0,172.71,2,Single,Desktop,No
CUST-06042,59.0,Female,1,104.0,135.6,Two Year,Credit Card,Fiber Optic,No,No Internet,3,4.0,2,3.6,3.0,213.72,2,Single,Mobile,Yes
CUST-06043,72.0,Female,8,20.32,,One Year,Electronic Check,Fiber Optic,Yes,No,0,4.0,3,24.3,4.0,162.25,3,Married,Tablet,No
CUST-06044,37.0,Female,8,43.13,308.62,Month-to-Month,Electronic Check,DSL,Yes,Yes,1,3.0,3,13.9,7.0,222.95,2,Single,Mobile,No
CUST-06045,43.0,Female,23,30.14,646.73,Month-to-Month,Electronic Check,Fiber Optic,No,No Internet,0,5.0,3,33.7,69.0,45.85,2,Single,Desktop,No
CUST-06046,36.0,Male,3,,74.35,One Year,Credit Card,Fiber Optic,Yes,No,3,2.0,2,7.4,38.0,66.48,3,Married,Desktop,No
CUST-06047,42.0,Female,51,45.57,2362.56,Month-to-Month,Bank Transfer,Fiber Optic,No Internet,Yes,2,4.0,3,6.5,69.0,,2,Married,Mobile,No
CUST-06048,63.0,Male,42,116.85,4907.86,Month-to-Month,Mailed Check,DSL,No,No,2,2.0,5,18.1,55.0,16.4,4,Married,Mobile,No
CUST-06049,23.0,Female,25,45.02,1199.57,Month-to-Month,Electronic Check,None,No Internet,No,1,4.0,3,,22.0,136.91,3,Married,Mobile,Yes
CUST-06050,29.0,Male,14,84.37,1182.84,One Year,Electronic Check,Fiber Optic,Yes,Yes,2,4.0,3,7.2,1.0,57.27,3,Married,Mobile,No
CUST-06051,61.0,Female,64,29.83,1909.08,Month-to-Month,Credit Card,Fiber Optic,Yes,Yes,3,4.0,2,9.4,38.0,170.78,3,Married,Mobile,Yes
CUST-06052,56.0,Male,42,78.18,3317.09,Month-to-Month,Electronic Check,Fiber Optic,No,No,3,4.0,2,1.8,28.0,139.68,1,Divorced,Mobile,No
CUST-06053,36.0,Female,16,116.45,1924.16,Month-to-Month,Bank Transfer,None,No,Yes,0,2.0,2,3.4,7.0,221.53,5,Married,Mobile,Yes
CUST-06054,53.0,Female,29,47.18,1300.76,One Year,Bank Transfer,Fiber Optic,No,Yes,1,1.0,2,,77.0,92.55,1,Divorced,Desktop,No
CUST-06055,46.0,Male,20,102.81,2000.3,One Year,Credit Card,Fiber Optic,No,Yes,3,4.0,2,14.1,34.0,126.41,3,Divorced,Desktop,No
CUST-06056,63.0,Female,21,117.76,2457.3,One Year,Credit Card,Fiber Optic,No,No Internet,1,4.0,3,13.4,48.0,70.32,1,Married,Desktop,No
CUST-06057,43.0,Female,9,76.86,849.69,Month-to-Month,Bank Transfer,DSL,No Internet,No,2,1.0,3,3.3,44.0,30.85,1,Single,Mobile,No
CUST-06058,56.0,Female,14,48.94,672.09,Two Year,Credit Card,DSL,Yes,No,1,2.0,4,8.6,4.0,68.04,2,Married,Desktop,No
CUST-06059,78.0,Female,1,85.35,79.26,Month-to-Month,Bank Transfer,DSL,No,No,0,4.0,3,38.1,9.0,269.53,2,Single,Desktop,Yes
CUST-06060,50.0,Male,10,102.48,1055.72,One Year,Electronic Check,DSL,No,No,0,5.0,4,29.6,42.0,145.06,0,Married,Tablet,No
CUST-06061,42.0,Male,28,35.14,1032.77,Two Year,Mailed Check,Fiber Optic,No,No,2,3.0,3,12.2,26.0,161.27,3,Married,Tablet,No
CUST-06062,52.0,Male,72,63.25,4562.49,Two Year,Credit Card,DSL,Yes,Yes,0,2.0,2,34.7,,222.25,0,Married,Desktop,Yes
CUST-06063,36.0,Male,72,49.92,3652.46,One Year,Credit Card,None,No,No,2,3.0,3,,16.0,259.27,3,Single,Mobile,No
CUST-06064,75.0,Male,19,46.34,820.76,Two Year,Bank Transfer,None,No,Yes,1,4.0,3,8.0,8.0,6.94,2,Married,Mobile,Yes
CUST-06065,44.0,Female,22,104.08,2251.46,One Year,Credit Card,Fiber Optic,No Internet,No,3,4.0,3,22.5,41.0,37.36,5,Married,Mobile,No
CUST-06066,38.0,Male,4,60.17,298.8,Month-to-Month,Credit Card,Fiber Optic,No,No Internet,3,1.0,4,5.4,4.0,128.22,1,Single,Desktop,Yes
CUST-06067,30.0,Male,28,51.91,1454.03,Month-to-Month,Bank Transfer,DSL,Yes,Yes,0,3.0,4,28.9,28.0,59.83,2,Married,Mobile,No
CUST-06068,57.0,Male,1,78.35,15.23,One Year,Electronic Check,Fiber Optic,No,No,1,4.0,2,6.0,0.0,142.33,2,Married,Mobile,Yes
CUST-06069,54.0,Female,8,39.94,253.39,One Year,Electronic Check,Fiber Optic,No,Yes,4,3.0,1,23.7,35.0,184.41,1,Married,Desktop,Yes
CUST-06070,,Female,26,40.99,,Month-to-Month,Mailed Check,DSL,No,No Internet,1,3.0,3,5.0,2.0,147.05,1,Single,Mobile,No
CUST-06071,50.0,Male,8,70.03,560.35,Two Year,Electronic Check,DSL,No,No,0,5.0,1,37.3,4.0,203.8,2,Married,Desktop,Yes
CUST-06072,20.0,Female,1,58.93,82.3,Month-to-Month,Credit Card,Fiber Optic,No,No Internet,2,5.0,4,3.1,19.0,,3,Married,Mobile,No
CUST-06073,44.0,Male,42,47.5,1978.55,Month-to-Month,Electronic Check,Fiber Optic,,No,4,4.0,4,19.0,0.0,162.51,1,Married,Mobile,No
CUST-06074,48.0,Female,8,23.4,206.45,Month-to-Month,Bank Transfer,Fiber Optic,Yes,Yes,3,3.0,3,7.9,114.0,215.98,1,Married,Mobile,No
CUST-06075,65.0,Female,1,70.08,48.23,Two Year,Bank Transfer,None,No,No Internet,1,3.0,5,1.0,9.0,298.99,3,Married,Desktop,No
CUST-06076,31.0,Male,1,99.66,160.86,Two Year,Mailed Check,Fiber Optic,No,No,1,3.0,4,6.0,0.0,31.56,5,Divorced,Mobile,No
CUST-06077,24.0,Female,6,103.14,746.43,One Year,Electronic Check,DSL,Yes,No,2,2.0,5,3.4,59.0,3.49,2,Married,Mobile,Yes
CUST-06078,29.0,Female,4,41.54,146.53,Two Year,Electronic Check,Fiber Optic,No,No,2,2.0,3,12.2,2.0,87.21,2,Married,Mobile,Yes
CUST-06079,23.0,Male,35,,2752.6,Two Year,Credit Card,Fiber Optic,No,No,0,3.0,2,4.5,62.0,98.64,2,Single,Desktop,Yes
CUST-06080,60.0,Female,9,103.59,952.23,Two Year,Mailed Check,Fiber Optic,Yes,No,1,4.0,1,1.1,48.0,242.46,3,Single,Mobile,No
CUST-06081,63.0,Male,39,58.87,2302.86,Month-to-Month,Electronic Check,None,No,No,2,4.0,1,45.9,3.0,75.48,2,Single,Mobile,Yes
CUST-06082,46.0,Male,4,111.21,477.5,One Year,Credit Card,DSL,No Internet,No Internet,1,3.0,3,28.0,3.0,73.88,1,Married,Desktop,No
CUST-06083,59.0,Male,16,108.3,1756.74,Month-to-Month,Credit Card,DSL,No,Yes,1,2.0,1,1.0,40.0,261.13,3,Single,Desktop,Yes
CUST-06084,43.0,Male,27,38.81,1024.32,Two Year,Credit Card,Fiber Optic,No,No,1,4.0,2,4.7,46.0,128.74,2,Divorced,Tablet,No
CUST-06085,40.0,Male,25,43.9,,Two Year,Credit Card,DSL,No,No Internet,0,2.0,3,14.9,14.0,197.39,2,Married,Mobile,No
CUST-06086,37.0,Female,22,36.04,802.96,One Year,Electronic Check,Fiber Optic,Yes,Yes,3,2.0,1,5.8,62.0,62.41,1,Single,Tablet,No
CUST-06087,37.0,Male,62,37.61,2312.58,Month-to-Month,Credit Card,Fiber Optic,No,No,0,3.0,5,5.0,6.0,180.65,3,Married,Mobile,Yes
CUST-06088,20.0,Male,6,108.79,774.9,Month-to-Month,Mailed Check,DSL,Yes,Yes,2,4.0,4,13.6,28.0,268.36,3,Divorced,Desktop,Yes
CUST-06089,45.0,Female,16,111.11,1771.95,Month-to-Month,Electronic Check,Fiber Optic,No,No,3,4.0,3,3.2,16.0,219.41,2,Married,Desktop,Yes
CUST-06090,41.0,Female,51,23.19,1195.44,Month-to-Month,Bank Transfer,Fiber Optic,No,No,1,4.0,4,15.7,12.0,41.86,6,Married,Desktop,No
CUST-06091,52.0,Female,1,77.36,86.13,One Year,Bank Transfer,DSL,No,No Internet,1,3.0,2,1.4,23.0,39.49,1,Married,Desktop,No
CUST-06092,43.0,Female,1,74.42,67.93,Month-to-Month,Bank Transfer,Fiber Optic,No,No,2,4.0,4,5.9,10.0,30.55,1,Married,Tablet,Yes
CUST-06093,39.0,Female,6,57.05,364.73,Two Year,Credit Card,Fiber Optic,No Internet,No,1,2.0,4,1.8,7.0,275.7,3,Married,Mobile,No
CUST-06094,29.0,Female,24,81.17,1905.83,Month-to-Month,Credit Card,Fiber Optic,No Internet,No Internet,0,3.0,1,5.3,23.0,182.93,1,Divorced,Desktop,No
CUST-06095,43.0,Female,7,112.74,819.01,Two Year,Bank Transfer,Fiber Optic,Yes,Yes,5,4.0,3,17.2,22.0,5.21,1,Single,Mobile,No
CUST-06096,52.0,Female,5,35.03,87.23,One Year,Mailed Check,Fiber Optic,Yes,No,2,4.0,3,21.7,49.0,251.57,2,Divorced,Mobile,No
CUST-06097,25.0,Male,14,30.04,355.66,Month-to-Month,Mailed Check,DSL,No Internet,No,3,1.0,2,2.3,31.0,97.96,3,Divorced,Mobile,Yes
CUST-06098,43.0,Male,22,21.34,560.77,Month-to-Month,Electronic Check,Fiber Optic,No,Yes,0,2.0,2,20.6,12.0,202.88,3,Single,Desktop,No
CUST-06099,45.0,Female,6,54.38,263.47,Two Year,Electronic Check,Fiber Optic,No,No Internet,2,1.0,1,1.3,34.0,255.56,2,Married,Tablet,No
CUST-06100,31.0,Male,8,51.76,316.08,One Year,Mailed Check,Fiber Optic,Yes,No,0,4.0,3,3.7,3.0,226.17,1,Single,Mobile,No
CUST-06101,33.0,Male,22,61.08,1282.19,Month-to-Month,Bank Transfer,DSL,No,No Internet,2,4.0,3,10.4,6.0,246.49,0,Married,Desktop,No
CUST-06102,45.0,Female,69,68.33,4801.77,Month-to-Month,Credit Card,DSL,Yes,No Internet,0,1.0,5,53.2,26.0,241.28,2,Married,Mobile,No
CUST-06103,26.0,Female,26,93.78,2348.69,One Year,Electronic Check,None,No Internet,No,1,4.0,3,54.5,24.0,44.73,0,Married,Desktop,No
CUST-06104,46.0,Male,36,57.21,2011.77,Month-to-Month,Mailed Check,Fiber Optic,Yes,No Internet,0,4.0,2,9.8,22.0,116.3,5,Married,Mobile,No
CUST-06105,29.0,Female,10,51.06,437.69,Month-to-Month,Credit Card,Fiber Optic,No,No,2,2.0,1,24.5,30.0,274.29,1,Married,Mobile,Yes
CUST-06106,56.0,Female,7,100.69,691.12,One Year,Credit Card,Fiber Optic,Yes,No Internet,2,3.0,3,12.1,5.0,28.13,3,Married,Tablet,No
CUST-06107,74.0,Female,14,102.98,1419.92,One Year,Credit Card,Fiber Optic,No,Yes,0,5.0,2,20.9,48.0,292.93,0,Married,Desktop,No
CUST-06108,29.0,Female,39,41.28,1585.88,Month-to-Month,Credit Card,DSL,No Internet,Yes,0,4.0,5,15.9,62.0,67.94,1,Single,Desktop,No
CUST-06109,49.0,Female,14,49.47,785.39,Two Year,Credit Card,DSL,Yes,,1,3.0,2,17.9,22.0,185.39,1,Single,Mobile,No
CUST-06110,31.0,Female,45,100.51,4463.0,One Year,Bank Transfer,DSL,Yes,Yes,3,4.0,1,8.7,34.0,98.12,0,Married,Desktop,No
CUST-06111,56.0,Male,72,25.94,1862.57,Two Year,Mailed Check,Fiber Optic,No,No,1,5.0,3,26.9,51.0,294.82,3,Married,Mobile,No
CUST-06112,24.0,Female,1,50.58,67.51,Month-to-Month,Mailed Check,None,No,Yes,0,3.0,4,8.8,31.0,157.37,2,Married,Desktop,Yes
CUST-06113,48.0,Female,1,62.84,13.83,Month-to-Month,Mailed Check,Fiber Optic,No Internet,Yes,2,4.0,1,18.4,17.0,44.86,1,Married,Desktop,No
CUST-06114,29.0,Female,3,36.71,134.46,Month-to-Month,Credit Card,Fiber Optic,Yes,Yes,3,2.0,1,30.6,34.0,254.03,0,Divorced,Desktop,No
CUST-06115,39.0,Female,11,35.99,375.9,Month-to-Month,Credit Card,DSL,No,No,1,1.0,5,16.0,80.0,120.47,4,Married,Desktop,Yes
CUST-06116,27.0,Male,3,60.49,200.19,Two Year,Credit Card,None,No,Yes,0,4.0,1,10.7,10.0,255.59,0,Married,Mobile,No
CUST-06117,,Female,49,93.45,4573.65,Two Year,Mailed Check,Fiber Optic,Yes,No,0,3.0,3,11.3,48.0,133.06,1,Married,Mobile,No
CUST-06118,30.0,Male,1,102.02,0.0,One Year,Credit Card,Fiber Optic,Yes,Yes,3,5.0,1,18.5,178.0,279.9,1,Married,Mobile,Yes
CUST-06119,49.0,Male,9,115.92,1108.58,One Year,Electronic Check,Fiber Optic,No Internet,No,3,4.0,1,1.5,43.0,16.65,2,Single,Desktop,No
CUST-06120,37.0,Male,4,25.4,205.12,One Year,Credit Card,Fiber Optic,No Internet,Yes,1,3.0,1,15.2,11.0,295.02,2,Single,Mobile,No
CUST-06121,40.0,Male,64,39.67,2530.04,One Year,Credit Card,DSL,No,Yes,3,3.0,3,7.0,3.0,139.19,0,Married,Desktop,No
CUST-06122,,Female,26,93.66,,Month-to-Month,Credit Card,DSL,No Internet,No,1,4.0,3,2.2,23.0,110.74,3,Single,Mobile,No
CUST-06123,31.0,Male,58,72.06,4254.78,One Year,Electronic Check,DSL,Yes,No Internet,1,3.0,1,36.5,3.0,12.52,1,Single,Desktop,No
CUST-06124,44.0,Male,72,50.77,3749.96,One Year,Credit Card,Fiber Optic,No,No,2,3.0,1,10.3,18.0,68.38,3,Single,Tablet,No
CUST-06125,63.0,Female,16,,608.52,Month-to-Month,Credit Card,None,No,No Internet,3,1.0,5,9.2,12.0,93.77,2,Married,Mobile,Yes
CUST-06126,31.0,Male,6,46.05,265.37,Month-to-Month,Bank Transfer,DSL,No Internet,No,2,2.0,3,11.7,19.0,218.45,5,Single,Mobile,No
CUST-06127,58.0,Male,5,60.93,300.65,Month-to-Month,Electronic Check,Fiber Optic,No,No,0,4.0,3,14.6,11.0,209.22,3,Single,Desktop,Yes
CUST-06128,62.0,Male,6,35.72,130.59,One Year,Bank Transfer,DSL,No Internet,No Internet,2,3.0,1,3.2,55.0,265.64,0,Single,Tablet,Yes
CUST-06129,30.0,Male,29,114.42,3303.62,Month-to-Month,Mailed Check,DSL,No Internet,No,2,2.0,1,14.7,17.0,281.91,1,Single,Mobile,No
CUST-06130,21.0,Male,1,28.76,114.51,One Year,Bank Transfer,Fiber Optic,Yes,Yes,1,1.0,2,6.5,3.0,218.03,3,Married,Mobile,No
CUST-06131,46.0,Male,1,116.56,108.13,Month-to-Month,Credit Card,Fiber Optic,Yes,No Internet,3,2.0,3,18.8,31.0,207.13,3,Married,Mobile,No
CUST-06132,34.0,Female,22,102.19,2196.18,Month-to-Month,Bank Transfer,DSL,Yes,Yes,3,4.0,2,22.2,45.0,269.85,2,Married,Mobile,Yes
CUST-06133,68.0,Male,24,60.32,1472.51,Two Year,Bank Transfer,Fiber Optic,No,No,2,2.0,3,1.0,16.0,39.28,2,Married,Mobile,No
CUST-06134,42.0,Male,26,91.98,2358.12,One Year,Electronic Check,DSL,No,Yes,3,3.0,3,18.9,27.0,23.22,2,Single,Mobile,No
CUST-06135,30.0,Female,11,85.15,933.33,Month-to-Month,Mailed Check,Fiber Optic,Yes,Yes,4,3.0,2,6.5,17.0,212.31,3,Married,Mobile,No
CUST-06136,25.0,Male,39,39.33,1470.43,Two Year,Electronic Check,Fiber Optic,No,No,0,4.0,1,5.4,6.0,92.91,3,Married,Mobile,No
CUST-06137,57.0,Female,18,51.91,882.55,Month-to-Month,Bank Transfer,DSL,No,Yes,2,3.0,3,7.0,27.0,127.27,0,Married,Desktop,No
CUST-06138,34.0,Female,2,69.31,175.5,Two Year,Credit Card,Fiber Optic,No,No Internet,0,5.0,1,12.9,36.0,182.35,3,Married,Desktop,No
CUST-06139,42.0,Male,38,81.78,3113.43,One Year,Mailed Check,DSL,No,No,1,4.0,2,1.8,8.0,285.23,4,Married,Mobile,Yes
CUST-06140,55.0,Female,72,72.29,5166.08,Month-to-Month,Bank Transfer,DSL,Yes,No,3,5.0,1,18.0,37.0,262.03,4,Married,Tablet,Yes
CUST-06141,35.0,Male,1,65.3,71.28,One Year,Electronic Check,DSL,No,No,0,4.0,2,8.8,58.0,220.2,0,Divorced,Tablet,No
CUST-06142,41.0,Male,11,62.32,655.16,Month-to-Month,Mailed Check,Fiber Optic,Yes,No,0,,3,2.6,74.0,129.21,2,Single,Desktop,No
CUST-06143,41.0,Female,16,67.83,1046.09,Month-to-Month,Electronic Check,DSL,No,No,1,,3,10.7,5.0,237.81,3,Single,Mobile,No
CUST-06144,51.0,Female,3,61.44,242.52,Month-to-Month,Bank Transfer,Fiber Optic,No,No,2,1.0,3,12.8,5.0,53.95,4,Single,Tablet,No
CUST-06145,50.0,Female,48,72.13,3501.38,Month-to-Month,Electronic Check,DSL,,No Internet,0,5.0,5,6.4,61.0,242.29,1,Married,Desktop,Yes
CUST-06146,38.0,Female,8,106.8,853.34,One Year,Credit Card,DSL,Yes,No Internet,1,2.0,3,34.5,34.0,142.58,0,Divorced,Mobile,Yes
CUST-06147,42.0,Male,36,81.28,2933.3,Two Year,Bank Transfer,None,No,Yes,3,4.0,1,17.9,4.0,78.47,3,Divorced,Tablet,No
CUST-06148,36.0,Female,26,90.26,2346.34,Two Year,Bank Transfer,Fiber Optic,No Internet,No Internet,0,4.0,3,16.2,20.0,139.1,2,Divorced,Mobile,No
CUST-06149,21.0,Female,21,77.75,1657.1,Month-to-Month,Credit Card,DSL,No,No,0,2.0,1,1.0,42.0,236.61,1,Divorced,Desktop,Yes
CUST-06150,45.0,Female,5,82.3,371.52,One Year,Electronic Check,Fiber Optic,No Internet,No Internet,0,5.0,2,,6.0,197.22,1,Divorced,Mobile,No
CUST-06151,68.0,Female,5,75.83,422.28,Month-to-Month,Electronic Check,Fiber Optic,,No,1,5.0,2,28.5,72.0,41.09,3,Married,Desktop,Yes
CUST-06152,29.0,Female,1,20.69,38.37,One Year,Electronic Check,DSL,Yes,No,2,4.0,2,16.6,60.0,207.44,5,Married,Mobile,Yes
CUST-06153,,Male,6,117.96,694.61,Two Year,Mailed Check,Fiber Optic,No,Yes,1,2.0,2,,27.0,249.92,3,Single,Desktop,No
CUST-06154,29.0,Female,10,21.36,189.21,Month-to-Month,Credit Card,None,No,No,2,4.0,3,29.6,45.0,45.2,1,Single,Mobile,Yes
CUST-06155,52.0,Male,42,57.51,2457.48,Two Year,Electronic Check,Fiber Optic,Yes,No,0,3.0,2,6.9,4.0,18.49,2,Divorced,Desktop,No
CUST-06156,48.0,Male,10,28.51,277.58,Two Year,Bank Transfer,Fiber Optic,No,No,1,5.0,1,37.0,8.0,17.0,2,Married,Mobile,No
CUST-06157,39.0,Female,33,27.69,878.83,One Year,Electronic Check,Fiber Optic,No,No,1,3.0,2,10.8,44.0,6.69,2,Married,Mobile,No
CUST-06158,29.0,Male,13,97.35,1246.32,One Year,Mailed Check,Fiber Optic,No,No,0,4.0,3,23.2,17.0,5.37,3,Single,Desktop,No
CUST-06159,43.0,Female,36,60.59,2219.7,One Year,Credit Card,Fiber Optic,Yes,No,2,4.0,3,14.2,5.0,241.48,2,Single,Mobile,No
CUST-06160,20.0,Male,72,98.11,6983.39,Two Year,Electronic Check,Fiber Optic,No Internet,No Internet,2,3.0,1,5.2,10.0,221.63,1,Married,Desktop,No
CUST-06161,44.0,Female,6,45.28,253.91,One Year,Bank Transfer,Fiber Optic,No,No Internet,2,4.0,5,15.9,29.0,282.47,1,Divorced,Mobile,No
CUST-06162,54.0,Male,47,43.65,2105.08,Month-to-Month,Electronic Check,DSL,No,No,2,3.0,2,1.0,1.0,106.75,1,Married,Desktop,Yes
CUST-06163,24.0,Male,23,43.12,983.35,One Year,Electronic Check,Fiber Optic,No Internet,No Internet,4,3.0,3,27.0,4.0,212.67,1,Married,Desktop,No
CUST-06164,20.0,Male,40,79.61,3198.04,Month-to-Month,Electronic Check,Fiber Optic,Yes,No,2,,1,50.6,6.0,123.26,2,Married,Desktop,No
CUST-06165,64.0,Female,25,,2541.84,Two Year,Credit Card,DSL,No,No,1,2.0,4,3.5,65.0,168.09,1,Married,Tablet,No
CUST-06166,33.0,Male,13,63.23,866.61,Two Year,Electronic Check,Fiber Optic,No Internet,Yes,0,3.0,3,32.3,65.0,131.68,5,Married,Tablet,No
CUST-06167,57.0,Female,6,55.92,313.52,One Year,Electronic Check,None,No,No Internet,2,1.0,2,2.8,7.0,124.58,2,Married,Mobile,No
CUST-06168,39.0,Male,1,115.36,108.84,One Year,Bank Transfer,None,No,No,1,3.0,3,10.1,27.0,73.63,3,Married,Desktop,No
CUST-06169,39.0,Male,18,29.68,579.48,Two Year,Bank Transfer,Fiber Optic,No Internet,Yes,2,4.0,2,5.2,13.0,174.31,1,Single,Mobile,No
CUST-06170,48.0,Male,72,66.66,4846.49,Month-to-Month,Bank Transfer,DSL,Yes,No,4,2.0,2,3.2,1.0,78.4,1,Single,Mobile,No
CUST-06171,29.0,Male,32,58.85,1878.8,One Year,Credit Card,Fiber Optic,Yes,No,2,3.0,2,21.1,4.0,42.06,1,Single,Mobile,No
CUST-06172,43.0,Female,9,27.81,247.61,Month-to-Month,Credit Card,DSL,No,No Internet,1,5.0,3,24.6,0.0,224.91,1,Married,Mobile,Yes
CUST-06173,36.0,Female,42,44.82,1895.82,One Year,Credit Card,Fiber Optic,No,No,1,4.0,1,27.4,124.0,193.74,3,Divorced,Mobile,No
CUST-06174,23.0,Male,35,20.84,797.75,Month-to-Month,Electronic Check,Fiber Optic,Yes,No,1,1.0,3,1.0,31.0,87.94,1,Single,Desktop,No
CUST-06175,46.0,Female,7,105.7,,One Year,Mailed Check,None,Yes,No,2,5.0,3,28.2,4.0,189.13,2,Married,Desktop,No
CUST-06176,38.0,Female,1,78.78,113.45,Month-to-Month,Electronic Check,None,No Internet,No,1,5.0,1,1.0,39.0,7.94,1,Married,Mobile,Yes
CUST-06177,39.0,Male,3,99.5,244.57,Month-to-Month,Electronic Check,DSL,No,Yes,3,2.0,2,8.9,28.0,296.51,1,Divorced,Mobile,Yes
CUST-06178,25.0,Male,50,70.16,3494.26,Month-to-Month,Credit Card,DSL,Yes,No,1,5.0,2,2.9,6.0,52.09,2,Married,Mobile,No
CUST-06179,64.0,Female,43,77.95,3340.74,Month-to-Month,Bank Transfer,None,No Internet,No Internet,2,4.0,3,35.6,20.0,282.48,0,Single,Tablet,No
CUST-06180,54.0,Male,8,88.09,775.64,Month-to-Month,Mailed Check,None,No,Yes,3,5.0,4,12.9,28.0,20.49,2,Single,Tablet,Yes
CUST-06181,55.0,Male,8,108.8,858.46,One Year,Electronic Check,Fiber Optic,,No Internet,0,5.0,2,9.5,13.0,212.46,4,Married,Mobile,No
CUST-06182,37.0,Male,37,27.18,1068.33,One Year,Credit Card,Fiber Optic,No,No,3,4.0,3,8.8,95.0,66.64,5,Married,Mobile,No
CUST-06183,18.0,Female,66,51.09,3343.41,Month-to-Month,Bank Transfer,Fiber Optic,No,No,3,3.0,1,7.8,2.0,289.58,1,Divorced,Mobile,Yes
CUST-06184,69.0,Male,36,88.9,3175.86,One Year,Credit Card,Fiber Optic,No,Yes,4,5.0,1,9.6,4.0,94.56,2,Married,Desktop,No
CUST-06185,41.0,Male,22,113.84,2528.55,One Year,Credit Card,DSL,No,Yes,1,4.0,5,12.5,58.0,11.87,0,Married,Mobile,No
CUST-06186,31.0,Male,6,116.08,774.89,Month-to-Month,Bank Transfer,Fiber Optic,Yes,No,0,3.0,4,25.5,8.0,10.06,2,Married,Mobile,No
CUST-06187,47.0,Male,17,81.81,1380.18,Month-to-Month,Mailed Check,Fiber Optic,Yes,Yes,2,3.0,2,4.1,4.0,256.67,1,Married,Desktop,Yes
CUST-06188,58.0,Male,6,37.36,96.02,One Year,Electronic Check,DSL,Yes,Yes,1,3.0,1,24.5,14.0,20.9,2,Divorced,Desktop,No
CUST-06189,,Female,39,29.92,1088.67,Month-to-Month,Bank Transfer,None,No,No,1,5.0,2,26.6,5.0,248.39,5,Married,Desktop,Yes
CUST-06190,59.0,Male,11,112.6,1253.5,Month-to-Month,Bank Transfer,DSL,No,No,2,5.0,3,28.6,21.0,45.03,1,Single,Desktop,No
CUST-06191,57.0,Female,43,61.39,2566.03,Two Year,Electronic Check,Fiber Optic,Yes,No,0,1.0,3,42.6,39.0,82.87,6,Single,Desktop,Yes
CUST-06192,26.0,Male,11,37.48,,One Year,Credit Card,Fiber Optic,No Internet,Yes,1,1.0,3,47.1,42.0,294.37,3,Single,Desktop,No
CUST-06193,32.0,Female,41,111.39,4567.61,Month-to-Month,Electronic Check,Fiber Optic,No,Yes,4,1.0,3,1.7,10.0,217.49,3,Married,Mobile,Yes
CUST-06194,55.0,Female,9,28.45,133.58,One Year,Credit Card,DSL,No,No,3,4.0,1,31.5,35.0,43.79,2,Married,Mobile,No
CUST-06195,18.0,Male,13,90.96,1163.49,Two Year,Bank Transfer,Fiber Optic,No Internet,No,2,5.0,2,28.0,100.0,81.13,2,Married,Desktop,Yes
CUST-06196,39.0,Female,22,80.53,1713.42,Two Year,Credit Card,DSL,No Internet,No,0,3.0,1,7.1,0.0,142.73,6,Married,Desktop,No
CUST-06197,21.0,Female,1,,0.0,Month-to-Month,Mailed Check,Fiber Optic,Yes,No,2,4.0,1,17.6,31.0,265.52,1,Single,Desktop,No
CUST-06198,35.0,Female,71,51.87,3642.66,Month-to-Month,Credit Card,DSL,No,No Internet,2,3.0,2,39.2,20.0,213.31,3,Married,Mobile,No
CUST-06199,,Male,20,32.99,606.34,One Year,Credit Card,DSL,No Internet,Yes,2,3.0,1,1.4,15.0,208.52,2,Divorced,Tablet,No
CUST-06200,36.0,Female,17,78.45,1357.12,Month-to-Month,Bank Transfer,None,Yes,No,0,3.0,2,6.6,7.0,108.0,3,Married,Desktop,No
